month,method,n_forecasts,exceedance_rate_99,exceedance_rate_es_975,mean_realized_loss,mean_var_99,mean_es_975
2015-01,dtw_window,38,0.0,0.0,0.00011322737058353152,0.011099066099330866,0.011429811093771749
2015-01,euclidean_knn,19,0.0,0.0,0.00011322737058353161,0.013680893721287626,0.013841135489659236
2015-01,fhs_ewma,38,0.0,0.0,0.00011322737058353152,0.012375688909763103,0.012704530679635345
2015-01,fpca_window,38,0.0,0.0,0.00011322737058353152,0.012877611480854107,0.013235130735220325
2015-01,garch_t,19,0.0,0.0,0.00011322737058353161,0.011966775510816667,0.012326834924534737
2015-01,mahalanobis_knn,19,0.0,0.0,0.00011322737058353161,0.013033848642873358,0.01327931133281928
2015-01,random_knn,19,0.0,0.0,0.00011322737058353161,0.019139888806320584,0.020717888427605448
2015-01,regime_hs,38,0.0,0.0,0.00011322737058353152,0.016181020968155324,0.017214195163517108
2015-01,rolling_hs,57,0.0,0.0,0.00011322737058353157,0.011975043622224927,0.012282206331586163
2015-01,topology_knn,19,0.0,0.0,0.00011322737058353161,0.020761122301360253,0.0212284514295626
2015-01,topology_placebo_knn,19,0.0,0.0,0.00011322737058353161,0.01893943210808487,0.020466867566325795
2015-01,window_euclidean_knn,38,0.0,0.0,0.00011322737058353152,0.01109475823497519,0.011451529724680607
2015-02,dtw_window,38,0.0,0.0,-0.0012167916827006738,0.011000115771846957,0.01115499436487507
2015-02,euclidean_knn,19,0.0,0.0,-0.0012167916827006738,0.01226040634511249,0.012158380681702259
2015-02,fhs_ewma,38,0.0,0.0,-0.0012167916827006738,0.011909097198926313,0.012220251138000472
2015-02,fpca_window,38,0.0,0.0,-0.0012167916827006738,0.012876653219417578,0.013307021575552814
2015-02,garch_t,19,0.0,0.0,-0.0012167916827006738,0.010571898695151464,0.010901854834563079
2015-02,mahalanobis_knn,19,0.0,0.0,-0.0012167916827006738,0.011856503970700058,0.011922370715901931
2015-02,random_knn,19,0.0,0.0,-0.0012167916827006738,0.019560701275185964,0.021318225431660554
2015-02,regime_hs,38,0.0,0.0,-0.0012167916827006738,0.011264602237188392,0.01145457089435709
2015-02,rolling_hs,57,0.0,0.0,-0.0012167916827006738,0.011463518282411433,0.012001430995599664
2015-02,topology_knn,19,0.0,0.0,-0.0012167916827006738,0.014266661694256763,0.015244662629805953
2015-02,topology_placebo_knn,19,0.0,0.0,-0.0012167916827006738,0.01837286879738133,0.020331987612104137
2015-02,window_euclidean_knn,38,0.0,0.0,-0.0012167916827006738,0.011217951978333321,0.011590591147762324
2015-03,dtw_window,44,0.045454545454545456,0.045454545454545456,0.0002495017517200638,0.011736468038937398,0.011982326582136256
2015-03,euclidean_knn,22,0.045454545454545456,0.045454545454545456,0.0002495017517200638,0.012427853103563086,0.012534771722517353
2015-03,fhs_ewma,44,0.045454545454545456,0.045454545454545456,0.0002495017517200638,0.012920231383562554,0.013275456601230083
2015-03,fpca_window,44,0.0,0.0,0.0002495017517200638,0.012848118743751542,0.01336463669668258
2015-03,garch_t,22,0.045454545454545456,0.045454545454545456,0.0002495017517200638,0.013049858539877956,0.013476885891991081
2015-03,mahalanobis_knn,22,0.045454545454545456,0.045454545454545456,0.0002495017517200638,0.012340862093321763,0.012514074689841536
2015-03,random_knn,22,0.0,0.0,0.0002495017517200638,0.01837731661382439,0.020242534010069282
2015-03,regime_hs,44,0.045454545454545456,0.045454545454545456,0.0002495017517200638,0.014394208173211404,0.015071102338568008
2015-03,rolling_hs,66,0.030303030303030304,0.045454545454545456,0.00024950175172006376,0.01208334789510826,0.012316831873559355
2015-03,topology_knn,22,0.0,0.0,0.0002495017517200638,0.015043491176694186,0.015690781429830304
2015-03,topology_placebo_knn,22,0.0,0.0,0.0002495017517200638,0.018652393272721703,0.020582030452737207
2015-03,window_euclidean_knn,44,0.045454545454545456,0.045454545454545456,0.0002495017517200638,0.01134848656882725,0.011725341970656116
2015-04,dtw_window,42,0.0,0.0,-0.0001685579439365282,0.011302721537896274,0.011507118378491497
2015-04,euclidean_knn,21,0.0,0.0,-0.00016855794393652818,0.01228677523279332,0.012023289229853877
2015-04,fhs_ewma,42,0.0,0.0,-0.0001685579439365282,0.012532190644701366,0.012879912795020886
2015-04,fpca_window,42,0.0,0.0,-0.0001685579439365282,0.012792997157216263,0.013275797281558829
2015-04,garch_t,21,0.0,0.0,-0.00016855794393652818,0.010268954131684252,0.010581316920363895
2015-04,mahalanobis_knn,21,0.0,0.0,-0.00016855794393652818,0.011844602239615424,0.011936081249610991
2015-04,random_knn,21,0.0,0.0,-0.00016855794393652818,0.019085706834682463,0.02102185097512785
2015-04,regime_hs,42,0.0,0.0,-0.0001685579439365282,0.015479926614405544,0.016175321534788695
2015-04,rolling_hs,63,0.0,0.0,-0.00016855794393652818,0.0120679863254082,0.012361389671177272
2015-04,topology_knn,21,0.0,0.0,-0.00016855794393652818,0.016366645310614623,0.017760826974848733
2015-04,topology_placebo_knn,21,0.0,0.0,-0.00016855794393652818,0.018716314651703574,0.020199185411929842
2015-04,window_euclidean_knn,42,0.0,0.0,-0.0001685579439365282,0.01131468505383734,0.01155735332105052
2015-05,dtw_window,40,0.0,0.0,-0.000316962430014805,0.011434974962557012,0.011471148062510525
2015-05,euclidean_knn,20,0.0,0.0,-0.00031696243001480497,0.012369211703316585,0.01197551977785587
2015-05,fhs_ewma,40,0.0,0.0,-0.000316962430014805,0.011988909143178666,0.01230653648661057
2015-05,fpca_window,40,0.0,0.0,-0.000316962430014805,0.013311510816436745,0.013798590996778368
2015-05,garch_t,20,0.0,0.0,-0.00031696243001480497,0.011362070781695804,0.011712883775818406
2015-05,mahalanobis_knn,20,0.0,0.0,-0.00031696243001480497,0.01235725988829519,0.01230147139724415
2015-05,random_knn,20,0.0,0.0,-0.00031696243001480497,0.018925272446653055,0.01975249857856684
2015-05,regime_hs,40,0.0,0.0,-0.000316962430014805,0.011003195506342567,0.01122677803204114
2015-05,rolling_hs,60,0.0,0.0,-0.000316962430014805,0.011988920566622667,0.012281510150092568
2015-05,topology_knn,20,0.0,0.0,-0.00031696243001480497,0.014735385323356684,0.016540261774693626
2015-05,topology_placebo_knn,20,0.0,0.0,-0.00031696243001480497,0.018177986223886854,0.020702727126840105
2015-05,window_euclidean_knn,40,0.0,0.0,-0.000316962430014805,0.011345288177880506,0.011762018266255874
2015-06,dtw_window,44,0.0,0.0,0.0008386675275712637,0.01108594682693814,0.011274433583464116
2015-06,euclidean_knn,22,0.0,0.0,0.0008386675275712637,0.01264966234086281,0.012354578849965487
2015-06,fhs_ewma,44,0.0,0.0,0.0008386675275712637,0.010721052434491328,0.010994842710502122
2015-06,fpca_window,44,0.0,0.0,0.0008386675275712637,0.013209021505393454,0.013742075143095937
2015-06,garch_t,22,0.0,0.0,0.0008386675275712637,0.009842327994643928,0.010129321364626005
2015-06,mahalanobis_knn,22,0.0,0.0,0.0008386675275712637,0.012801587237150582,0.012658306355571563
2015-06,random_knn,22,0.0,0.0,0.0008386675275712637,0.0179341274843722,0.01969926639849695
2015-06,regime_hs,44,0.022727272727272728,0.0,0.0008386675275712637,0.009310314622405856,0.009326047371500449
2015-06,rolling_hs,66,0.0,0.0,0.0008386675275712637,0.011923632802515611,0.012064540919259863
2015-06,topology_knn,22,0.0,0.0,0.0008386675275712637,0.015370084608353181,0.017105005560441935
2015-06,topology_placebo_knn,22,0.0,0.0,0.0008386675275712637,0.018219922568163585,0.020185875093186825
2015-06,window_euclidean_knn,44,0.0,0.0,0.0008386675275712637,0.011316879108058035,0.011593275962117521
2015-07,dtw_window,44,0.0,0.0,-0.0009019417390178728,0.011045086693737431,0.011230214308382886
2015-07,euclidean_knn,22,0.0,0.0,-0.0009019417390178728,0.012751463001465641,0.012525233477735997
2015-07,fhs_ewma,44,0.0,0.0,-0.0009019417390178728,0.01044654886056576,0.010708101340558303
2015-07,fpca_window,44,0.0,0.0,-0.0009019417390178728,0.013067524939655205,0.013480675785549762
2015-07,garch_t,22,0.0,0.0,-0.0009019417390178728,0.010009737723115232,0.010314984536547486
2015-07,mahalanobis_knn,22,0.0,0.0,-0.0009019417390178728,0.012952380082999492,0.012931164682636137
2015-07,random_knn,22,0.0,0.0,-0.0009019417390178728,0.018415750437273073,0.020379101360537392
2015-07,regime_hs,44,0.0,0.0,-0.0009019417390178728,0.009918835473175593,0.009946556053145738
2015-07,rolling_hs,66,0.0,0.0,-0.0009019417390178728,0.011775492500993566,0.01183339270370858
2015-07,topology_knn,22,0.0,0.0,-0.0009019417390178728,0.015914159878269954,0.017230824585927937
2015-07,topology_placebo_knn,22,0.0,0.0,-0.0009019417390178728,0.018110007124556057,0.020079670656789197
2015-07,window_euclidean_knn,44,0.0,0.0,-0.0009019417390178728,0.011163095631938598,0.011506930703069108
2015-08,dtw_window,42,0.11904761904761904,0.11904761904761904,0.0016948192185696574,0.011518512631446445,0.01199679843724806
2015-08,euclidean_knn,21,0.09523809523809523,0.09523809523809523,0.0016948192185696574,0.013811675093197997,0.013794506284209848
2015-08,fhs_ewma,42,0.14285714285714285,0.14285714285714285,0.0016948192185696574,0.012648769602368267,0.013048789891823419
2015-08,fpca_window,42,0.09523809523809523,0.09523809523809523,0.0016948192185696574,0.01326232975321267,0.013579657837778883
2015-08,garch_t,21,0.14285714285714285,0.14285714285714285,0.0016948192185696574,0.014321074232542672,0.014741284388983741
2015-08,mahalanobis_knn,21,0.09523809523809523,0.09523809523809523,0.0016948192185696574,0.013677765501172239,0.014200884138494923
2015-08,random_knn,21,0.047619047619047616,0.047619047619047616,0.0016948192185696574,0.01876942641921175,0.02018775985489934
2015-08,regime_hs,42,0.14285714285714285,0.11904761904761904,0.0016948192185696574,0.014018939009784879,0.014322177643407416
2015-08,rolling_hs,63,0.12698412698412698,0.12698412698412698,0.0016948192185696574,0.011360275124653969,0.011558057849442577
2015-08,topology_knn,21,0.09523809523809523,0.047619047619047616,0.0016948192185696574,0.016650210916300597,0.01795117399248944
2015-08,topology_placebo_knn,21,0.047619047619047616,0.047619047619047616,0.0016948192185696574,0.018567019185155704,0.020913052382411795
2015-08,window_euclidean_knn,42,0.11904761904761904,0.11904761904761904,0.0016948192185696574,0.011344355982935237,0.011826187245418077
2015-09,dtw_window,42,0.09523809523809523,0.09523809523809523,0.0003787346563913572,0.013206143397743926,0.013730860520492893
2015-09,euclidean_knn,21,0.047619047619047616,0.0,0.0003787346563913572,0.016037618671921838,0.016802738410540925
2015-09,fhs_ewma,42,0.0,0.0,0.0003787346563913572,0.0219178177347856,0.022835018603463843
2015-09,fpca_window,42,0.07142857142857142,0.047619047619047616,0.0003787346563913572,0.013412428060300071,0.013879171850563669
2015-09,garch_t,21,0.047619047619047616,0.047619047619047616,0.0003787346563913572,0.019499763332202925,0.020136190338397378
2015-09,mahalanobis_knn,21,0.047619047619047616,0.047619047619047616,0.0003787346563913572,0.01420188038311247,0.015344289229890415
2015-09,random_knn,21,0.0,0.0,0.0003787346563913572,0.019421028549484114,0.02099657162070763
2015-09,regime_hs,42,0.0,0.0,0.0003787346563913572,0.02806080886103553,0.02889073204098446
2015-09,rolling_hs,63,0.07936507936507936,0.047619047619047616,0.0003787346563913572,0.012940186902008956,0.013689344875832763
2015-09,topology_knn,21,0.0,0.0,0.0003787346563913572,0.02058041420006762,0.022187719791907673
2015-09,topology_placebo_knn,21,0.0,0.0,0.0003787346563913572,0.017724180292015643,0.02013658736397093
2015-09,window_euclidean_knn,42,0.09523809523809523,0.09523809523809523,0.0003787346563913572,0.011724593437923047,0.012243020518651998
2015-10,dtw_window,44,0.0,0.0,-0.002134696509753809,0.012672692060404656,0.012683560812532375
2015-10,euclidean_knn,22,0.0,0.0,-0.002134696509753809,0.013064571171397914,0.012865760993421677
2015-10,fhs_ewma,44,0.0,0.0,-0.002134696509753809,0.018126417904010515,0.018856256433758278
2015-10,fpca_window,44,0.0,0.0,-0.002134696509753809,0.013625532246372845,0.01413562459752436
2015-10,garch_t,22,0.0,0.0,-0.002134696509753809,0.013134844220094609,0.013537616146118736
2015-10,mahalanobis_knn,22,0.0,0.0,-0.002134696509753809,0.012892513708479396,0.012823741537240032
2015-10,random_knn,22,0.0,0.0,-0.002134696509753809,0.01878449840742731,0.02027517441484079
2015-10,regime_hs,44,0.0,0.0,-0.002134696509753809,0.01822122757488345,0.019186939901567248
2015-10,rolling_hs,66,0.0,0.0,-0.002134696509753809,0.013178979311170068,0.013716265444688873
2015-10,topology_knn,22,0.0,0.0,-0.002134696509753809,0.020238664710875456,0.02148130332395271
2015-10,topology_placebo_knn,22,0.0,0.0,-0.002134696509753809,0.017778321353500062,0.019811343475964645
2015-10,window_euclidean_knn,44,0.0,0.0,-0.002134696509753809,0.01164951415816048,0.01204508928872883
2015-11,dtw_window,40,0.0,0.0,-4.127471449662496e-05,0.011840466414477065,0.011860214671802174
2015-11,euclidean_knn,20,0.0,0.0,-4.127471449662493e-05,0.012316600650361954,0.012325337679176294
2015-11,fhs_ewma,40,0.0,0.0,-4.127471449662496e-05,0.014725399461449833,0.015314150617096348
2015-11,fpca_window,40,0.0,0.0,-4.127471449662496e-05,0.013546196555593365,0.014082099547926639
2015-11,garch_t,20,0.0,0.0,-4.127471449662493e-05,0.011367811108313555,0.011721671732232455
2015-11,mahalanobis_knn,20,0.0,0.0,-4.127471449662493e-05,0.012734740675351412,0.01262487942682788
2015-11,random_knn,20,0.0,0.0,-4.127471449662493e-05,0.018603603016411317,0.019610148966400027
2015-11,regime_hs,40,0.0,0.0,-4.127471449662496e-05,0.011729332488411865,0.012012833667926876
2015-11,rolling_hs,60,0.0,0.0,-4.127471449662494e-05,0.013001963088854467,0.013505534287692106
2015-11,topology_knn,20,0.0,0.0,-4.127471449662493e-05,0.021405437713635508,0.023365617807808926
2015-11,topology_placebo_knn,20,0.0,0.0,-4.127471449662493e-05,0.01815025370792066,0.019472340789473915
2015-11,window_euclidean_knn,40,0.0,0.0,-4.127471449662496e-05,0.011796381636381397,0.012335439130596038
2015-12,dtw_window,44,0.045454545454545456,0.045454545454545456,0.0005166484453175272,0.011955857164517403,0.012078212593953924
2015-12,euclidean_knn,22,0.0,0.0,0.0005166484453175273,0.01351650757191439,0.013726873106042986
2015-12,fhs_ewma,44,0.0,0.0,0.0005166484453175272,0.0158520309321781,0.016462454832091966
2015-12,fpca_window,44,0.022727272727272728,0.022727272727272728,0.0005166484453175272,0.013487182099811174,0.013914471243241229
2015-12,garch_t,22,0.0,0.0,0.0005166484453175273,0.014641654711764545,0.015113281617282554
2015-12,mahalanobis_knn,22,0.0,0.0,0.0005166484453175273,0.013036834590815873,0.0134395718899208
2015-12,random_knn,22,0.0,0.0,0.0005166484453175273,0.018210196842899862,0.020016316625165714
2015-12,regime_hs,44,0.0,0.0,0.0005166484453175272,0.022894664415161196,0.02381833489108527
2015-12,rolling_hs,66,0.030303030303030304,0.015151515151515152,0.0005166484453175272,0.013169562898829439,0.013639964131631328
2015-12,topology_knn,22,0.0,0.0,0.0005166484453175273,0.02016476508482718,0.02164134109586208
2015-12,topology_placebo_knn,22,0.0,0.0,0.0005166484453175273,0.017805410129708446,0.01986932438612934
2015-12,window_euclidean_knn,44,0.045454545454545456,0.045454545454545456,0.0005166484453175272,0.011694987236481153,0.012100910726479602
2016-01,dtw_window,38,0.10526315789473684,0.10526315789473684,0.0008527939336443421,0.012355935636455647,0.012588480054463492
2016-01,euclidean_knn,19,0.0,0.0,0.0008527939336443421,0.015655173975425412,0.016596126798872835
2016-01,fhs_ewma,38,0.0,0.0,0.0008527939336443421,0.017292318160195556,0.01797514252249488
2016-01,fpca_window,38,0.05263157894736842,0.05263157894736842,0.0008527939336443421,0.013294220713643837,0.01383842171935875
2016-01,garch_t,19,0.05263157894736842,0.05263157894736842,0.0008527939336443421,0.016715675850242872,0.017261957039389427
2016-01,mahalanobis_knn,19,0.0,0.0,0.0008527939336443421,0.014703931362476979,0.015422968152808606
2016-01,random_knn,19,0.0,0.0,0.0008527939336443421,0.018057048141886373,0.020116556377180083
2016-01,regime_hs,38,0.05263157894736842,0.0,0.0008527939336443421,0.02449800844014162,0.025264674974019907
2016-01,rolling_hs,57,0.07017543859649122,0.05263157894736842,0.0008527939336443422,0.013353692072277844,0.01397849736686735
2016-01,topology_knn,19,0.0,0.0,0.0008527939336443421,0.015780709443968307,0.017570513020610336
2016-01,topology_placebo_knn,19,0.0,0.0,0.0008527939336443421,0.017913571331060252,0.019940517630865788
2016-01,window_euclidean_knn,38,0.10526315789473684,0.10526315789473684,0.0008527939336443421,0.01192778094673908,0.012522739989114974
2016-02,dtw_window,40,0.0,0.0,-0.00031315982273790995,0.012745853358191967,0.013110736318943533
2016-02,euclidean_knn,20,0.0,0.0,-0.00031315982273790995,0.015437569023893535,0.016030114214643464
2016-02,fhs_ewma,40,0.0,0.0,-0.00031315982273790995,0.019019960084518235,0.019737369053590782
2016-02,fpca_window,40,0.0,0.0,-0.00031315982273790995,0.013534504023168217,0.013914117242365881
2016-02,garch_t,20,0.0,0.0,-0.00031315982273790995,0.016656458247970105,0.017233307943460535
2016-02,mahalanobis_knn,20,0.0,0.0,-0.00031315982273790995,0.013721387466004964,0.014124476397833697
2016-02,random_knn,20,0.0,0.0,-0.00031315982273790995,0.01925036689603382,0.020650593502258816
2016-02,regime_hs,40,0.0,0.0,-0.00031315982273790995,0.02800128597717651,0.028541547359033505
2016-02,rolling_hs,60,0.0,0.0,-0.00031315982273791,0.0134126131056003,0.014117725691682726
2016-02,topology_knn,20,0.0,0.0,-0.00031315982273790995,0.01568044248411796,0.017447545164554858
2016-02,topology_placebo_knn,20,0.0,0.0,-0.00031315982273790995,0.017536478550104533,0.019397059839467278
2016-02,window_euclidean_knn,40,0.0,0.0,-0.00031315982273790995,0.01186843525048943,0.012300940264163977
2016-03,dtw_window,44,0.0,0.0,-0.001782938280034972,0.01169054089106213,0.011629461253933432
2016-03,euclidean_knn,22,0.0,0.0,-0.001782938280034972,0.012446802497566523,0.012114936123372973
2016-03,fhs_ewma,44,0.0,0.0,-0.001782938280034972,0.015951638136069334,0.016564165335627185
2016-03,fpca_window,44,0.0,0.0,-0.001782938280034972,0.013323795115852027,0.01375412695112284
2016-03,garch_t,22,0.0,0.0,-0.001782938280034972,0.011395005834765827,0.011711304228217555
2016-03,mahalanobis_knn,22,0.0,0.0,-0.001782938280034972,0.012455368798250927,0.01236645673192639
2016-03,random_knn,22,0.0,0.0,-0.001782938280034972,0.018850665096720752,0.020673883955028085
2016-03,regime_hs,44,0.0,0.0,-0.001782938280034972,0.016194081115480024,0.016900858863560547
2016-03,rolling_hs,66,0.0,0.0,-0.0017829382800349717,0.0134126131056003,0.014123288244113933
2016-03,topology_knn,22,0.0,0.0,-0.001782938280034972,0.014897322600853078,0.01571945037436818
2016-03,topology_placebo_knn,22,0.0,0.0,-0.001782938280034972,0.017391647273928553,0.019420667032785856
2016-03,window_euclidean_knn,44,0.0,0.0,-0.001782938280034972,0.011641697327176197,0.012027618485933813
2016-04,dtw_window,42,0.0,0.0,-9.607463394478205e-05,0.011118598410358907,0.011015670113460795
2016-04,euclidean_knn,21,0.0,0.0,-9.6074633944782e-05,0.011871888546156919,0.011616293959811614
2016-04,fhs_ewma,42,0.0,0.0,-9.607463394478205e-05,0.012485446734095386,0.012942862697042952
2016-04,fpca_window,42,0.0,0.0,-9.607463394478205e-05,0.01333854395487677,0.013803295454207765
2016-04,garch_t,21,0.0,0.0,-9.6074633944782e-05,0.009417109382779001,0.009698103289002433
2016-04,mahalanobis_knn,21,0.0,0.0,-9.6074633944782e-05,0.012553251869379601,0.012441883972822785
2016-04,random_knn,21,0.0,0.0,-9.6074633944782e-05,0.01885693584081624,0.020336663240549297
2016-04,regime_hs,42,0.0,0.0,-9.607463394478205e-05,0.008851859986515193,0.00887593578333735
2016-04,rolling_hs,63,0.0,0.0,-9.6074633944782e-05,0.0134126131056003,0.014123288244113932
2016-04,topology_knn,21,0.0,0.0,-9.6074633944782e-05,0.015138309424930592,0.016163981292105924
2016-04,topology_placebo_knn,21,0.0,0.0,-9.6074633944782e-05,0.01749747960102042,0.019729060963421592
2016-04,window_euclidean_knn,42,0.0,0.0,-9.607463394478205e-05,0.011565021843835909,0.01205472888277633
2016-05,dtw_window,42,0.0,0.0,-0.0004787442673949048,0.010949943880101768,0.011008185730681276
2016-05,euclidean_knn,21,0.0,0.0,-0.0004787442673949048,0.01264427643096108,0.01266001362830826
2016-05,fhs_ewma,42,0.0,0.0,-0.0004787442673949048,0.01079229141085502,0.011193075461515148
2016-05,fpca_window,42,0.0,0.0,-0.0004787442673949048,0.01344139349208547,0.013879274675827254
2016-05,garch_t,21,0.0,0.0,-0.0004787442673949048,0.009737017084593439,0.010006339683582052
2016-05,mahalanobis_knn,21,0.0,0.0,-0.0004787442673949048,0.012939129643267447,0.01310893969405222
2016-05,random_knn,21,0.0,0.0,-0.0004787442673949048,0.01873406849790121,0.020267898648476192
2016-05,regime_hs,42,0.0,0.0,-0.0004787442673949048,0.008962300217882241,0.00897590703475599
2016-05,rolling_hs,63,0.0,0.0,-0.0004787442673949048,0.0134126131056003,0.014117156860177107
2016-05,topology_knn,21,0.0,0.0,-0.0004787442673949048,0.013762141543589628,0.014800750363858977
2016-05,topology_placebo_knn,21,0.0,0.0,-0.0004787442673949048,0.01714599697563421,0.019683407666038977
2016-05,window_euclidean_knn,42,0.0,0.0,-0.0004787442673949048,0.011496432714514069,0.011912823205889817
2016-06,dtw_window,44,0.045454545454545456,0.045454545454545456,-0.0006914588502197863,0.011087611991516665,0.0113837614932013
2016-06,euclidean_knn,22,0.045454545454545456,0.045454545454545456,-0.0006914588502197863,0.012889774906262204,0.012790227028547468
2016-06,fhs_ewma,44,0.045454545454545456,0.045454545454545456,-0.0006914588502197863,0.01023962810328938,0.010620652593484832
2016-06,fpca_window,44,0.045454545454545456,0.045454545454545456,-0.0006914588502197863,0.013237682365204546,0.013669354212546182
2016-06,garch_t,22,0.045454545454545456,0.045454545454545456,-0.0006914588502197863,0.00992579466668895,0.010196465424402577
2016-06,mahalanobis_knn,22,0.045454545454545456,0.045454545454545456,-0.0006914588502197863,0.013257924356881555,0.013517978063931511
2016-06,random_knn,22,0.0,0.0,-0.0006914588502197863,0.01878356631178196,0.020601875234835764
2016-06,regime_hs,44,0.045454545454545456,0.045454545454545456,-0.0006914588502197863,0.009946593665987295,0.010070951118514167
2016-06,rolling_hs,66,0.045454545454545456,0.045454545454545456,-0.0006914588502197864,0.013521173312061338,0.014136324267312395
2016-06,topology_knn,22,0.0,0.0,-0.0006914588502197863,0.018120720435196278,0.018780137449694145
2016-06,topology_placebo_knn,22,0.0,0.0,-0.0006914588502197863,0.018170553428590114,0.019742593579877808
2016-06,window_euclidean_knn,44,0.045454545454545456,0.045454545454545456,-0.0006914588502197863,0.011525748446589967,0.011901502431621507
2016-07,dtw_window,40,0.0,0.0,-0.0011330854139596888,0.011799539904531893,0.01208433805855021
2016-07,euclidean_knn,20,0.0,0.0,-0.0011330854139596888,0.01157622300298279,0.011761872868956639
2016-07,fhs_ewma,40,0.0,0.0,-0.0011330854139596888,0.013326254564763496,0.01389720203710412
2016-07,fpca_window,40,0.0,0.0,-0.0011330854139596888,0.012913950212947034,0.01335744968034715
2016-07,garch_t,20,0.0,0.0,-0.0011330854139596888,0.01149813800400694,0.011810368346432214
2016-07,mahalanobis_knn,20,0.0,0.0,-0.0011330854139596888,0.010930506641938346,0.011305282986546154
2016-07,random_knn,20,0.0,0.0,-0.0011330854139596888,0.01816884413699882,0.01969351931260476
2016-07,regime_hs,40,0.0,0.0,-0.0011330854139596888,0.017070199659972342,0.017950288142270475
2016-07,rolling_hs,60,0.0,0.0,-0.0011330854139596888,0.014024906559638,0.014425444600127625
2016-07,topology_knn,20,0.0,0.0,-0.0011330854139596888,0.020217624635303487,0.020898228866079928
2016-07,topology_placebo_knn,20,0.0,0.0,-0.0011330854139596888,0.017599841272179208,0.019427236575147555
2016-07,window_euclidean_knn,40,0.0,0.0,-0.0011330854139596888,0.011609772978330197,0.012010708954800673
2016-08,dtw_window,46,0.0,0.0,0.00014051619050263914,0.01126249690423642,0.01151338206970889
2016-08,euclidean_knn,23,0.0,0.0,0.00014051619050263914,0.011907411050599474,0.011567965595948495
2016-08,fhs_ewma,46,0.0,0.0,0.00014051619050263914,0.009432312243935495,0.009824471329953248
2016-08,fpca_window,46,0.0,0.0,0.00014051619050263914,0.012982350861291958,0.013327872254343951
2016-08,garch_t,23,0.0,0.0,0.00014051619050263914,0.0076428567051318825,0.007845853569716696
2016-08,mahalanobis_knn,23,0.0,0.0,0.00014051619050263914,0.012567381288959017,0.012378906510209313
2016-08,random_knn,23,0.0,0.0,0.00014051619050263914,0.018316306053747042,0.019679651840231318
2016-08,regime_hs,46,0.0,0.0,0.00014051619050263914,0.008739312203674791,0.008807744237581317
2016-08,rolling_hs,69,0.0,0.0,0.00014051619050263914,0.013694507664221575,0.01408456166940992
2016-08,topology_knn,23,0.0,0.0,0.00014051619050263914,0.01824491502561318,0.019644789495105005
2016-08,topology_placebo_knn,23,0.0,0.0,0.00014051619050263914,0.017509874074482058,0.018970781560441498
2016-08,window_euclidean_knn,46,0.0,0.0,0.00014051619050263914,0.011439250898879032,0.011815308414516742
2016-09,dtw_window,42,0.047619047619047616,0.047619047619047616,-7.105039192055706e-05,0.011654096489084085,0.011940946699176481
2016-09,euclidean_knn,21,0.047619047619047616,0.047619047619047616,-7.105039192055708e-05,0.01274757718389514,0.012760276992734729
2016-09,fhs_ewma,42,0.047619047619047616,0.047619047619047616,-7.105039192055706e-05,0.011633194585242115,0.01221938247925449
2016-09,fpca_window,42,0.047619047619047616,0.047619047619047616,-7.105039192055706e-05,0.01309541064917534,0.013416954126268492
2016-09,garch_t,21,0.047619047619047616,0.047619047619047616,-7.105039192055708e-05,0.012509074431397448,0.012863121715663003
2016-09,mahalanobis_knn,21,0.047619047619047616,0.047619047619047616,-7.105039192055708e-05,0.01279001433986712,0.012950897026797473
2016-09,random_knn,21,0.0,0.0,-7.105039192055708e-05,0.01818197928797038,0.019995407473826735
2016-09,regime_hs,42,0.047619047619047616,0.047619047619047616,-7.105039192055706e-05,0.015171125469519401,0.015885137660513974
2016-09,rolling_hs,63,0.047619047619047616,0.047619047619047616,-7.105039192055708e-05,0.013200731211024394,0.013654104576865039
2016-09,topology_knn,21,0.0,0.0,-7.105039192055708e-05,0.019555618429087457,0.02066089630337665
2016-09,topology_placebo_knn,21,0.0,0.0,-7.105039192055708e-05,0.017867384853010367,0.01937565700319626
2016-09,window_euclidean_knn,42,0.047619047619047616,0.047619047619047616,-7.105039192055706e-05,0.01175558976881196,0.012187270919073744
2016-10,dtw_window,42,0.0,0.0,0.0007803231821909666,0.011187302015141256,0.011501133833428153
2016-10,euclidean_knn,21,0.0,0.0,0.0007803231821909668,0.012607359064975862,0.012556274506612005
2016-10,fhs_ewma,42,0.0,0.0,0.0007803231821909666,0.011151706678548303,0.011724305451211605
2016-10,fpca_window,42,0.0,0.0,0.0007803231821909666,0.013321847126288639,0.013586959844864062
2016-10,garch_t,21,0.0,0.0,0.0007803231821909668,0.009347469132035633,0.00959443365995242
2016-10,mahalanobis_knn,21,0.0,0.0,0.0007803231821909668,0.012593975345362515,0.012593798237691276
2016-10,random_knn,21,0.0,0.0,0.0007803231821909668,0.018284758532238595,0.01998692810557282
2016-10,regime_hs,42,0.0,0.0,0.0007803231821909666,0.011989727254791723,0.012378820328421974
2016-10,rolling_hs,63,0.0,0.0,0.0007803231821909667,0.013267296514949898,0.013687946612956994
2016-10,topology_knn,21,0.0,0.0,0.0007803231821909668,0.02075003108664965,0.02162756618818118
2016-10,topology_placebo_knn,21,0.0,0.0,0.0007803231821909668,0.017965155094747737,0.019528480584658656
2016-10,window_euclidean_knn,42,0.0,0.0,0.0007803231821909666,0.011773493346079241,0.012262517731688606
2016-11,dtw_window,42,0.0,0.0,-0.00022883560470525707,0.01189062784864581,0.012018083181534613
2016-11,euclidean_knn,21,0.0,0.0,-0.00022883560470525707,0.012349751260611023,0.012283142272865847
2016-11,fhs_ewma,42,0.0,0.0,-0.00022883560470525707,0.00990160005554738,0.01040039628505747
2016-11,fpca_window,42,0.0,0.0,-0.00022883560470525707,0.013224319857490877,0.01347944359797049
2016-11,garch_t,21,0.0,0.0,-0.00022883560470525707,0.009340599055989681,0.0095976041428637
2016-11,mahalanobis_knn,21,0.0,0.0,-0.00022883560470525707,0.012358615899669948,0.0126226894751114
2016-11,random_knn,21,0.0,0.0,-0.00022883560470525707,0.01747272091671602,0.01943105279682201
2016-11,regime_hs,42,0.0,0.0,-0.00022883560470525707,0.00896372069639017,0.009074456806686794
2016-11,rolling_hs,63,0.0,0.0,-0.0002288356047052571,0.013267296514949898,0.013677413282831634
2016-11,topology_knn,21,0.0,0.0,-0.00022883560470525707,0.02169566794803899,0.023468541918757514
2016-11,topology_placebo_knn,21,0.0,0.0,-0.00022883560470525707,0.017337932098664344,0.01915919504710879
2016-11,window_euclidean_knn,42,0.0,0.0,-0.00022883560470525707,0.011717797551628488,0.012126975754112321
2016-12,dtw_window,42,0.0,0.0,-0.0005605446112848493,0.01134531869783896,0.01157743119743411
2016-12,euclidean_knn,21,0.0,0.0,-0.0005605446112848493,0.01138053281656699,0.011310220990492306
2016-12,fhs_ewma,42,0.0,0.0,-0.0005605446112848493,0.009600213168004414,0.010079425581081627
2016-12,fpca_window,42,0.0,0.0,-0.0005605446112848493,0.013117021010961774,0.01337437113259012
2016-12,garch_t,21,0.0,0.0,-0.0005605446112848493,0.009398239513780101,0.009656205871843276
2016-12,mahalanobis_knn,21,0.0,0.0,-0.0005605446112848493,0.010701495919522328,0.01091527758797191
2016-12,random_knn,21,0.0,0.0,-0.0005605446112848493,0.01849582700995154,0.020001233002193138
2016-12,regime_hs,42,0.023809523809523808,0.023809523809523808,-0.0005605446112848493,0.009048042186058314,0.00907690435430001
2016-12,rolling_hs,63,0.0,0.0,-0.0005605446112848494,0.013267296514949898,0.0135580385683784
2016-12,topology_knn,21,0.0,0.0,-0.0005605446112848493,0.02200826927682546,0.0240173663080345
2016-12,topology_placebo_knn,21,0.0,0.0,-0.0005605446112848493,0.01743200734255681,0.019219855785002776
2016-12,window_euclidean_knn,42,0.0,0.0,-0.0005605446112848493,0.011541301288385384,0.011983173269546803
2017-01,dtw_window,40,0.0,0.0,-0.0005836935615931777,0.011129349055780568,0.011411830430539713
2017-01,euclidean_knn,20,0.0,0.0,-0.0005836935615931777,0.0120757439377951,0.011926029808076975
2017-01,fhs_ewma,40,0.0,0.0,-0.0005836935615931777,0.008032606187350563,0.00843027832787397
2017-01,fpca_window,40,0.0,0.0,-0.0005836935615931777,0.012937073345887954,0.013314531463739055
2017-01,garch_t,20,0.0,0.0,-0.0005836935615931777,0.00759077399969235,0.007804940288769641
2017-01,mahalanobis_knn,20,0.0,0.0,-0.0005836935615931777,0.0119349017616599,0.011743949940521841
2017-01,random_knn,20,0.0,0.0,-0.0005836935615931777,0.017838471086996936,0.01963784405943245
2017-01,regime_hs,40,0.0,0.0,-0.0005836935615931777,0.008591168362588279,0.008564160046342233
2017-01,rolling_hs,60,0.0,0.0,-0.0005836935615931777,0.012512150075919503,0.01305591067576991
2017-01,topology_knn,20,0.0,0.0,-0.0005836935615931777,0.02028582339055033,0.02164011759678209
2017-01,topology_placebo_knn,20,0.0,0.0,-0.0005836935615931777,0.01687762545145881,0.019407009273131777
2017-01,window_euclidean_knn,40,0.0,0.0,-0.0005836935615931777,0.011450522790703825,0.011891507322236783
2017-02,dtw_window,38,0.0,0.0,-0.0013741979842939577,0.01109663143001985,0.011633753939730505
2017-02,euclidean_knn,19,0.0,0.0,-0.0013741979842939577,0.0116157266778755,0.011655460747400783
2017-02,fhs_ewma,38,0.0,0.0,-0.0013741979842939577,0.006815414911464361,0.007148672446169562
2017-02,fpca_window,38,0.0,0.0,-0.0013741979842939577,0.013219368368858068,0.013451449220244703
2017-02,garch_t,19,0.0,0.0,-0.0013741979842939577,0.007047161330977669,0.007280350829153005
2017-02,mahalanobis_knn,19,0.0,0.0,-0.0013741979842939577,0.01151731618966378,0.011642989438895015
2017-02,random_knn,19,0.0,0.0,-0.0013741979842939577,0.01740363031797911,0.01922868769214407
2017-02,regime_hs,38,0.0,0.0,-0.0013741979842939577,0.008402969529208201,0.008529838272958
2017-02,rolling_hs,57,0.0,0.0,-0.0013741979842939577,0.011893567973612745,0.01267218901172719
2017-02,topology_knn,19,0.0,0.0,-0.0013741979842939577,0.01986654156661993,0.020720972375253863
2017-02,topology_placebo_knn,19,0.0,0.0,-0.0013741979842939577,0.01760740793269522,0.020050589621556876
2017-02,window_euclidean_knn,38,0.0,0.0,-0.0013741979842939577,0.011440845268732555,0.011779339988012607
2017-03,dtw_window,46,0.0,0.0,-5.665478682665389e-05,0.011186953370751974,0.0116057098055446
2017-03,euclidean_knn,23,0.0,0.0,-5.665478682665389e-05,0.01141019990005252,0.011667415838859004
2017-03,fhs_ewma,46,0.0,0.0,-5.665478682665389e-05,0.0075040930822255995,0.00786615309616957
2017-03,fpca_window,46,0.0,0.0,-5.665478682665389e-05,0.013079380873919397,0.013364588792466978
2017-03,garch_t,23,0.0,0.0,-5.665478682665389e-05,0.00871000229225708,0.008991127908607913
2017-03,mahalanobis_knn,23,0.0,0.0,-5.665478682665389e-05,0.011719338264675371,0.011813017508270818
2017-03,random_knn,23,0.0,0.0,-5.665478682665389e-05,0.018313411943309398,0.02008454358656953
2017-03,regime_hs,46,0.0,0.0,-5.665478682665389e-05,0.008393586503906958,0.008531341472027247
2017-03,rolling_hs,69,0.0,0.0,-5.6654786826653884e-05,0.011847569314385499,0.01258095946759274
2017-03,topology_knn,23,0.0,0.0,-5.665478682665389e-05,0.01662383112952533,0.01822494949945254
2017-03,topology_placebo_knn,23,0.0,0.0,-5.665478682665389e-05,0.016878873740134245,0.018930857391691126
2017-03,window_euclidean_knn,46,0.0,0.0,-5.665478682665389e-05,0.011413574358368903,0.01185631346237614
2017-04,dtw_window,38,0.0,0.0,-0.0005523171418931842,0.011040379698418016,0.011371394229766857
2017-04,euclidean_knn,19,0.0,0.0,-0.0005523171418931842,0.01224887622047881,0.012150862768905516
2017-04,fhs_ewma,38,0.0,0.0,-0.0005523171418931842,0.006888894277573769,0.0072193141637763745
2017-04,fpca_window,38,0.0,0.0,-0.0005523171418931842,0.012951742752756715,0.013262867722195272
2017-04,garch_t,19,0.0,0.0,-0.0005523171418931842,0.007381142686590368,0.007609773987564822
2017-04,mahalanobis_knn,19,0.0,0.0,-0.0005523171418931842,0.012602774332763389,0.012657134481959495
2017-04,random_knn,19,0.0,0.0,-0.0005523171418931842,0.017713960373118162,0.019495483301020047
2017-04,regime_hs,38,0.0,0.0,-0.0005523171418931842,0.00838424258311714,0.0085056321768933
2017-04,rolling_hs,57,0.0,0.0,-0.0005523171418931842,0.01179462174304911,0.012531699099078142
2017-04,topology_knn,19,0.0,0.0,-0.0005523171418931842,0.015047676768440965,0.016956096854340214
2017-04,topology_placebo_knn,19,0.0,0.0,-0.0005523171418931842,0.016996054119164106,0.018451563041635522
2017-04,window_euclidean_knn,38,0.0,0.0,-0.0005523171418931842,0.011443314218145609,0.01183873544871146
2017-05,dtw_window,44,0.0,0.0,-0.0005400455932509565,0.011233382574461829,0.011461454838694124
2017-05,euclidean_knn,22,0.0,0.0,-0.0005400455932509565,0.011217840011131982,0.011372304293914087
2017-05,fhs_ewma,44,0.045454545454545456,0.045454545454545456,-0.0005400455932509565,0.006588170803293655,0.006901320091949554
2017-05,fpca_window,44,0.0,0.0,-0.0005400455932509565,0.012970836674800234,0.013259186802003725
2017-05,garch_t,22,0.045454545454545456,0.045454545454545456,-0.0005400455932509565,0.007425287303619482,0.007666158203949414
2017-05,mahalanobis_knn,22,0.0,0.0,-0.0005400455932509565,0.011785861147300876,0.011572151885168086
2017-05,random_knn,22,0.0,0.0,-0.0005400455932509565,0.017786001246101104,0.0199357001958689
2017-05,regime_hs,44,0.022727272727272728,0.022727272727272728,-0.0005400455932509565,0.00838485251765985,0.008477861662764685
2017-05,rolling_hs,66,0.0,0.0,-0.0005400455932509565,0.011791680211308199,0.01254807612219973
2017-05,topology_knn,22,0.0,0.0,-0.0005400455932509565,0.01529122956940242,0.01642740093634845
2017-05,topology_placebo_knn,22,0.0,0.0,-0.0005400455932509565,0.017410768951485182,0.01958079414533603
2017-05,window_euclidean_knn,44,0.0,0.0,-0.0005400455932509565,0.01115487689408868,0.011610650594508052
2017-06,dtw_window,44,0.0,0.0,-8.791516991570325e-05,0.010940677416972971,0.011375943078586116
2017-06,euclidean_knn,22,0.0,0.0,-8.791516991570325e-05,0.010705692075137378,0.01110526020560731
2017-06,fhs_ewma,44,0.045454545454545456,0.045454545454545456,-8.791516991570325e-05,0.00662158940623933,0.006943665555331496
2017-06,fpca_window,44,0.0,0.0,-8.791516991570325e-05,0.012683900609853204,0.012998696116608583
2017-06,garch_t,22,0.045454545454545456,0.045454545454545456,-8.791516991570325e-05,0.0075116485245494725,0.007780283095022336
2017-06,mahalanobis_knn,22,0.0,0.0,-8.791516991570325e-05,0.011433411885589467,0.011248803915476226
2017-06,random_knn,22,0.0,0.0,-8.791516991570325e-05,0.01744219091691382,0.019467110540287706
2017-06,regime_hs,44,0.0,0.0,-8.791516991570325e-05,0.00829857025014183,0.008415733907528773
2017-06,rolling_hs,66,0.0,0.0,-8.791516991570327e-05,0.011662226379036387,0.012311231402105487
2017-06,topology_knn,22,0.0,0.0,-8.791516991570325e-05,0.014894465973046144,0.016674593508394592
2017-06,topology_placebo_knn,22,0.0,0.0,-8.791516991570325e-05,0.017533560299276444,0.019582923835783108
2017-06,window_euclidean_knn,44,0.0,0.0,-8.791516991570325e-05,0.011210054107902045,0.011548466288942138
2017-07,dtw_window,40,0.0,0.0,-0.0006900453821616704,0.011011820763368683,0.011438299734884413
2017-07,euclidean_knn,20,0.0,0.0,-0.0006900453821616704,0.0111336514361153,0.011405083481046826
2017-07,fhs_ewma,40,0.0,0.0,-0.0006900453821616704,0.007833831808321336,0.0082205143501675
2017-07,fpca_window,40,0.0,0.0,-0.0006900453821616704,0.012757736545890987,0.012953321916839178
2017-07,garch_t,20,0.0,0.0,-0.0006900453821616704,0.008576444630509675,0.00885588431989457
2017-07,mahalanobis_knn,20,0.0,0.0,-0.0006900453821616704,0.01138383042693111,0.011359736846330255
2017-07,random_knn,20,0.0,0.0,-0.0006900453821616704,0.01710217452716576,0.019105496923423254
2017-07,regime_hs,40,0.0,0.0,-0.0006900453821616704,0.008436366695074837,0.008602980732145426
2017-07,rolling_hs,60,0.0,0.0,-0.0006900453821616704,0.0113583886174936,0.011929622250613833
2017-07,topology_knn,20,0.0,0.0,-0.0006900453821616704,0.015930977557887274,0.017554251338738395
2017-07,topology_placebo_knn,20,0.0,0.0,-0.0006900453821616704,0.016893663794813878,0.01943080099867956
2017-07,window_euclidean_knn,40,0.0,0.0,-0.0006900453821616704,0.011177829156886225,0.01159986654241884
2017-08,dtw_window,46,0.0,0.0,-0.00033858145712988843,0.011069989045238789,0.011364854181486762
2017-08,euclidean_knn,23,0.0,0.0,-0.00033858145712988843,0.011222334570292525,0.011458512323633208
2017-08,fhs_ewma,46,0.08695652173913043,0.08695652173913043,-0.00033858145712988843,0.007298071188129365,0.007662323547680161
2017-08,fpca_window,46,0.0,0.0,-0.00033858145712988843,0.012680348013549314,0.012948484410849212
2017-08,garch_t,23,0.043478260869565216,0.043478260869565216,-0.00033858145712988843,0.008046964604349614,0.008324391503770245
2017-08,mahalanobis_knn,23,0.0,0.0,-0.00033858145712988843,0.0117318479480102,0.011818556107463839
2017-08,random_knn,23,0.0,0.0,-0.00033858145712988843,0.017013103876554383,0.01888937255947221
2017-08,regime_hs,46,0.021739130434782608,0.021739130434782608,-0.00033858145712988843,0.008315272255642948,0.008433410058767282
2017-08,rolling_hs,69,0.0,0.0,-0.00033858145712988843,0.011251446907832608,0.011592080777888748
2017-08,topology_knn,23,0.0,0.0,-0.00033858145712988843,0.016163411792185632,0.018476105374738018
2017-08,topology_placebo_knn,23,0.0,0.0,-0.00033858145712988843,0.016844669561007327,0.01908015832664089
2017-08,window_euclidean_knn,46,0.0,0.0,-0.00033858145712988843,0.011056498442189078,0.011501262003534917
2017-09,dtw_window,40,0.0,0.0,-0.0003135478724417189,0.011073423933951885,0.01133863603996333
2017-09,euclidean_knn,20,0.0,0.0,-0.0003135478724417189,0.01078783100846228,0.011182778049810485
2017-09,fhs_ewma,40,0.0,0.0,-0.0003135478724417189,0.0068402603475136645,0.007166772464866397
2017-09,fpca_window,40,0.0,0.0,-0.0003135478724417189,0.012710485078622241,0.0128954024725697
2017-09,garch_t,20,0.0,0.0,-0.0003135478724417189,0.00669565717421004,0.006949775075754455
2017-09,mahalanobis_knn,20,0.0,0.0,-0.0003135478724417189,0.0109266499727499,0.010995988351948085
2017-09,random_knn,20,0.0,0.0,-0.0003135478724417189,0.017841806800650235,0.019296478697184063
2017-09,regime_hs,40,0.0,0.0,-0.0003135478724417189,0.008189633925108837,0.008397213932737266
2017-09,rolling_hs,60,0.0,0.0,-0.00031354787244171887,0.010789748925376987,0.010570946114283357
2017-09,topology_knn,20,0.0,0.0,-0.0003135478724417189,0.014521548471222575,0.01557334560191136
2017-09,topology_placebo_knn,20,0.0,0.0,-0.0003135478724417189,0.0168955080502892,0.019227484328807314
2017-09,window_euclidean_knn,40,0.0,0.0,-0.0003135478724417189,0.01097862493347427,0.011373858961407577
2017-10,dtw_window,44,0.0,0.0,-0.0006047886199450227,0.01068651303522752,0.011162289283979828
2017-10,euclidean_knn,22,0.0,0.0,-0.0006047886199450227,0.01048805756901871,0.01095118833355472
2017-10,fhs_ewma,44,0.0,0.0,-0.0006047886199450227,0.00537448856703923,0.005634529183960984
2017-10,fpca_window,44,0.0,0.0,-0.0006047886199450227,0.012500051042117955,0.012787678239829299
2017-10,garch_t,22,0.0,0.0,-0.0006047886199450227,0.0062686453896725275,0.0065018386193204
2017-10,mahalanobis_knn,22,0.0,0.0,-0.0006047886199450227,0.010194141218018933,0.010633381533835097
2017-10,random_knn,22,0.0,0.0,-0.0006047886199450227,0.017358976511009597,0.01941349891039969
2017-10,regime_hs,44,0.0,0.0,-0.0006047886199450227,0.008068984840205618,0.0083663235251752
2017-10,rolling_hs,66,0.0,0.0,-0.0006047886199450227,0.010292232980440403,0.010301495077685496
2017-10,topology_knn,22,0.0,0.0,-0.0006047886199450227,0.014489702334359282,0.015416189877151465
2017-10,topology_placebo_knn,22,0.0,0.0,-0.0006047886199450227,0.016746094263978675,0.018705637372026736
2017-10,window_euclidean_knn,44,0.0,0.0,-0.0006047886199450227,0.010842071970187077,0.011306077064975188
2017-11,dtw_window,42,0.0,0.0,-0.0008131760584368628,0.010371565548191982,0.010992916141885137
2017-11,euclidean_knn,21,0.0,0.0,-0.0008131760584368626,0.01063415528598138,0.010845081896565143
2017-11,fhs_ewma,42,0.0,0.0,-0.0008131760584368628,0.005609239521856886,0.005875353141527854
2017-11,fpca_window,42,0.0,0.0,-0.0008131760584368628,0.012404146665263304,0.012699728317114575
2017-11,garch_t,21,0.0,0.0,-0.0008131760584368626,0.006931664886295434,0.0072022052076856895
2017-11,mahalanobis_knn,21,0.0,0.0,-0.0008131760584368626,0.010196063002383057,0.010496096155901372
2017-11,random_knn,21,0.0,0.0,-0.0008131760584368626,0.01747972641009952,0.01915755093300064
2017-11,regime_hs,42,0.0,0.0,-0.0008131760584368628,0.008054975184084705,0.008337348560937166
2017-11,rolling_hs,63,0.0,0.0,-0.0008131760584368628,0.010256426003232792,0.010268348865028658
2017-11,topology_knn,21,0.0,0.0,-0.0008131760584368626,0.016046521325448742,0.016054747952038505
2017-11,topology_placebo_knn,21,0.0,0.0,-0.0008131760584368626,0.01712515284290786,0.018564600403382064
2017-11,window_euclidean_knn,42,0.0,0.0,-0.0008131760584368628,0.010747410432927117,0.011239447566708468
2017-12,dtw_window,40,0.0,0.0,-0.00040308141358686805,0.010486741077471893,0.010945642182051163
2017-12,euclidean_knn,20,0.0,0.0,-0.00040308141358686805,0.010375212163778801,0.01082211751566697
2017-12,fhs_ewma,40,0.0,0.0,-0.00040308141358686805,0.006263117749200657,0.00656603080609344
2017-12,fpca_window,40,0.0,0.0,-0.00040308141358686805,0.01236915393508645,0.01274506276249784
2017-12,garch_t,20,0.0,0.0,-0.00040308141358686805,0.00722845639414586,0.00752082770950416
2017-12,mahalanobis_knn,20,0.0,0.0,-0.00040308141358686805,0.00991787683515733,0.010262326965902145
2017-12,random_knn,20,0.0,0.0,-0.00040308141358686805,0.01725157565420661,0.019230752232266977
2017-12,regime_hs,40,0.0,0.0,-0.00040308141358686805,0.00804401043254375,0.00828529448159546
2017-12,rolling_hs,60,0.0,0.0,-0.0004030814135868681,0.010156445726059346,0.01005514955882006
2017-12,topology_knn,20,0.0,0.0,-0.00040308141358686805,0.020785449088896953,0.021323551597717753
2017-12,topology_placebo_knn,20,0.0,0.0,-0.00040308141358686805,0.01695189487875438,0.01907036098244866
2017-12,window_euclidean_knn,40,0.0,0.0,-0.00040308141358686805,0.01067280554750366,0.011181271394182016
2018-01,dtw_window,42,0.0,0.0,-0.0011639602073543383,0.01042619695690745,0.010892015263641383
2018-01,euclidean_knn,21,0.0,0.0,-0.0011639602073543383,0.0102033615219441,0.0107682930994801
2018-01,fhs_ewma,42,0.0,0.0,-0.0011639602073543383,0.006910555397127855,0.0072368124737964504
2018-01,fpca_window,42,0.0,0.0,-0.0011639602073543383,0.012185547273801414,0.012510781362100936
2018-01,garch_t,21,0.0,0.0,-0.0011639602073543383,0.007867893084416109,0.0081874405420755
2018-01,mahalanobis_knn,21,0.0,0.0,-0.0011639602073543383,0.011012332438173952,0.011368768786077125
2018-01,random_knn,21,0.0,0.0,-0.0011639602073543383,0.0170463426289564,0.01890934199173457
2018-01,regime_hs,42,0.0,0.0,-0.0011639602073543383,0.00799934621585,0.008256647000336495
2018-01,rolling_hs,63,0.015873015873015872,0.015873015873015872,-0.001163960207354338,0.00932545595644791,0.009594663835372299
2018-01,topology_knn,21,0.0,0.0,-0.0011639602073543383,0.018086280983189734,0.019193440652231157
2018-01,topology_placebo_knn,21,0.0,0.0,-0.0011639602073543383,0.017124143467839508,0.019160183448695533
2018-01,window_euclidean_knn,42,0.0,0.0,-0.0011639602073543383,0.010640959424358902,0.01110971266238301
2018-02,dtw_window,38,0.15789473684210525,0.15789473684210525,0.0012755438639983788,0.01275043448376341,0.013613074925811713
2018-02,euclidean_knn,19,0.15789473684210525,0.15789473684210525,0.0012755438639983788,0.013897545433852243,0.014141139753378227
2018-02,fhs_ewma,38,0.15789473684210525,0.15789473684210525,0.0012755438639983788,0.017975130500242992,0.019099545742286114
2018-02,fpca_window,38,0.15789473684210525,0.15789473684210525,0.0012755438639983788,0.013245109223073448,0.013523766558712761
2018-02,garch_t,19,0.10526315789473684,0.10526315789473684,0.0012755438639983788,0.02121088461690503,0.02191905940239977
2018-02,mahalanobis_knn,19,0.15789473684210525,0.15789473684210525,0.0012755438639983788,0.013722879805790544,0.014223772194137405
2018-02,random_knn,19,0.10526315789473684,0.05263157894736842,0.0012755438639983788,0.018368974435002437,0.01980150368660721
2018-02,regime_hs,38,0.07894736842105263,0.07894736842105263,0.0012755438639983788,0.024248156895895295,0.025028992228296063
2018-02,rolling_hs,57,0.15789473684210525,0.15789473684210525,0.001275543863998379,0.010763532607079844,0.011948268148716846
2018-02,topology_knn,19,0.05263157894736842,0.0,0.0012755438639983788,0.024845762126001248,0.026529245031927818
2018-02,topology_placebo_knn,19,0.10526315789473684,0.10526315789473684,0.0012755438639983788,0.016454813580526195,0.01881411347975451
2018-02,window_euclidean_knn,38,0.15789473684210525,0.15789473684210525,0.0012755438639983788,0.011744780311387192,0.012314889260660548
2018-03,dtw_window,42,0.047619047619047616,0.047619047619047616,0.0005274517065278143,0.012108595333464782,0.012358909665553258
2018-03,euclidean_knn,21,0.047619047619047616,0.047619047619047616,0.0005274517065278142,0.012340453663653298,0.012937627195549214
2018-03,fhs_ewma,42,0.0,0.0,0.0005274517065278143,0.018048605916324675,0.01917307546910894
2018-03,fpca_window,42,0.023809523809523808,0.047619047619047616,0.0005274517065278143,0.013694965250084401,0.014185731191018172
2018-03,garch_t,21,0.047619047619047616,0.047619047619047616,0.0005274517065278142,0.015255063921509462,0.01586710162252077
2018-03,mahalanobis_knn,21,0.047619047619047616,0.0,0.0005274517065278142,0.01285268829660569,0.01340037418189591
2018-03,random_knn,21,0.0,0.0,0.0005274517065278142,0.016605482239186946,0.018317849344445986
2018-03,regime_hs,42,0.023809523809523808,0.0,0.0005274517065278143,0.02296626524667243,0.023903180801577543
2018-03,rolling_hs,63,0.047619047619047616,0.031746031746031744,0.0005274517065278143,0.012023186195560177,0.012992980779209372
2018-03,topology_knn,21,0.0,0.0,0.0005274517065278142,0.025030570966823262,0.027405222524664357
2018-03,topology_placebo_knn,21,0.0,0.0,0.0005274517065278142,0.016858651538529133,0.01887838923220658
2018-03,window_euclidean_knn,42,0.07142857142857142,0.07142857142857142,0.0005274517065278143,0.011600490711857531,0.01224386684872594
2018-04,dtw_window,42,0.0,0.0,6.311786657884289e-05,0.012804848118569932,0.013293719587124518
2018-04,euclidean_knn,21,0.0,0.0,6.311786657884281e-05,0.013146028112753304,0.013663319557484914
2018-04,fhs_ewma,42,0.0,0.0,6.311786657884289e-05,0.019119774121897564,0.020320513043198332
2018-04,fpca_window,42,0.0,0.0,6.311786657884289e-05,0.01431717557798964,0.014709182242869878
2018-04,garch_t,21,0.0,0.0,6.311786657884281e-05,0.016303600985859264,0.017027346976876266
2018-04,mahalanobis_knn,21,0.047619047619047616,0.047619047619047616,6.311786657884281e-05,0.012956852208636505,0.01343517910942101
2018-04,random_knn,21,0.0,0.0,6.311786657884281e-05,0.01778105782729621,0.019431182067545932
2018-04,regime_hs,42,0.0,0.0,6.311786657884289e-05,0.02654680250681951,0.027452145040767248
2018-04,rolling_hs,63,0.0,0.0,6.31178665788429e-05,0.013559971637080533,0.014266704720892085
2018-04,topology_knn,21,0.0,0.0,6.311786657884281e-05,0.022507726771861063,0.024892221323109733
2018-04,topology_placebo_knn,21,0.0,0.0,6.311786657884281e-05,0.016952276427041172,0.019129138498160198
2018-04,window_euclidean_knn,42,0.023809523809523808,0.023809523809523808,6.311786657884289e-05,0.01177884578058722,0.01228187566379538
2018-05,dtw_window,44,0.0,0.0,-0.0008483395003792183,0.011745227144337643,0.011810427600882039
2018-05,euclidean_knn,22,0.0,0.0,-0.0008483395003792183,0.011516916026744163,0.0117950113147137
2018-05,fhs_ewma,44,0.0,0.0,-0.0008483395003792183,0.014982514328068453,0.015900570823772234
2018-05,fpca_window,44,0.0,0.0,-0.0008483395003792183,0.014022079793081465,0.014533231753714924
2018-05,garch_t,22,0.0,0.0,-0.0008483395003792183,0.010053129154146155,0.010374099984940351
2018-05,mahalanobis_knn,22,0.0,0.0,-0.0008483395003792183,0.011674680578248482,0.01188434874303355
2018-05,random_knn,22,0.0,0.0,-0.0008483395003792183,0.01839450309773187,0.019996265951254238
2018-05,regime_hs,44,0.0,0.0,-0.0008483395003792183,0.014134949214590126,0.01481442285021285
2018-05,rolling_hs,66,0.0,0.0,-0.0008483395003792185,0.013559971637080533,0.0143507237134467
2018-05,topology_knn,22,0.0,0.0,-0.0008483395003792183,0.017984353294903114,0.018692229356759054
2018-05,topology_placebo_knn,22,0.0,0.0,-0.0008483395003792183,0.01692968796517656,0.01920349294712098
2018-05,window_euclidean_knn,44,0.0,0.0,-0.0008483395003792183,0.011559995664782758,0.012113160467968698
2018-06,dtw_window,42,0.0,0.0,-0.0002108703666672428,0.011284047123012623,0.011234611698956195
2018-06,euclidean_knn,21,0.0,0.0,-0.00021087036666724278,0.010760862671721234,0.01113149061688552
2018-06,fhs_ewma,42,0.0,0.0,-0.0002108703666672428,0.011344249592375542,0.012038306140984369
2018-06,fpca_window,42,0.0,0.0,-0.0002108703666672428,0.013977680025403113,0.014375669019867416
2018-06,garch_t,21,0.047619047619047616,0.047619047619047616,-0.00021087036666724278,0.008010866561825494,0.008338962655268938
2018-06,mahalanobis_knn,21,0.0,0.0,-0.00021087036666724278,0.010885192702097727,0.011151351408520867
2018-06,random_knn,21,0.0,0.0,-0.00021087036666724278,0.017759296450286104,0.019159634756016126
2018-06,regime_hs,42,0.023809523809523808,0.023809523809523808,-0.0002108703666672428,0.008162735155275071,0.008443609424728986
2018-06,rolling_hs,63,0.0,0.0,-0.0002108703666672428,0.013469521182621022,0.014284580628963867
2018-06,topology_knn,21,0.0,0.0,-0.00021087036666724278,0.017547754213940097,0.01834045417117219
2018-06,topology_placebo_knn,21,0.0,0.0,-0.00021087036666724278,0.01722672219631599,0.01963916180310496
2018-06,window_euclidean_knn,42,0.0,0.0,-0.0002108703666672428,0.011499906315032563,0.012145982917055376
2018-07,dtw_window,42,0.0,0.0,-0.0009482168017618572,0.010922310765035706,0.011340553120315119
2018-07,euclidean_knn,21,0.0,0.0,-0.0009482168017618572,0.010628668445614168,0.011150240691313642
2018-07,fhs_ewma,42,0.0,0.0,-0.0009482168017618572,0.00983712382005655,0.010429663303527207
2018-07,fpca_window,42,0.0,0.0,-0.0009482168017618572,0.01345231403297102,0.013952783148148669
2018-07,garch_t,21,0.0,0.0,-0.0009482168017618572,0.008303283644462613,0.008673567158034154
2018-07,mahalanobis_knn,21,0.0,0.0,-0.0009482168017618572,0.0110962217756061,0.011331028048611629
2018-07,random_knn,21,0.0,0.0,-0.0009482168017618572,0.017334421987388732,0.018253781262546186
2018-07,regime_hs,42,0.0,0.0,-0.0009482168017618572,0.008145912636869097,0.008283830016500234
2018-07,rolling_hs,63,0.0,0.0,-0.0009482168017618573,0.013288620273702,0.014140220958784021
2018-07,topology_knn,21,0.0,0.0,-0.0009482168017618572,0.01734685176078486,0.018219105771469568
2018-07,topology_placebo_knn,21,0.0,0.0,-0.0009482168017618572,0.016999897152643054,0.0184964135400824
2018-07,window_euclidean_knn,42,0.0,0.0,-0.0009482168017618572,0.011581083162254424,0.012215718749619096
2018-08,dtw_window,46,0.0,0.0,-0.0010019248465434056,0.01050914607131697,0.010816231179932573
2018-08,euclidean_knn,23,0.0,0.0,-0.0010019248465434056,0.010269009026052179,0.01077077283615921
2018-08,fhs_ewma,46,0.0,0.0,-0.0010019248465434056,0.008693440014472786,0.009210690548138183
2018-08,fpca_window,46,0.0,0.0,-0.0010019248465434056,0.013348191277725758,0.01367546335031739
2018-08,garch_t,23,0.0,0.0,-0.0010019248465434056,0.007713180380783499,0.008035835911732825
2018-08,mahalanobis_knn,23,0.0,0.0,-0.0010019248465434056,0.009820668738236504,0.010282161258833473
2018-08,random_knn,23,0.0,0.0,-0.0010019248465434056,0.018036140801352914,0.019382508452595346
2018-08,regime_hs,46,0.0,0.0,-0.0010019248465434056,0.008020795836727136,0.008216893517312307
2018-08,rolling_hs,69,0.0,0.0,-0.0010019248465434056,0.013288620273702,0.014116073956355668
2018-08,topology_knn,23,0.0,0.0,-0.0010019248465434056,0.020703489980531193,0.021437693022819008
2018-08,topology_placebo_knn,23,0.0,0.0,-0.0010019248465434056,0.016769237520230983,0.018349568163828302
2018-08,window_euclidean_knn,46,0.0,0.0,-0.0010019248465434056,0.011305335353387581,0.011987845878705246
2018-09,dtw_window,38,0.0,0.0,6.362050469483245e-05,0.011020401130751319,0.011613050277925521
2018-09,euclidean_knn,19,0.0,0.0,6.362050469483244e-05,0.010569548535781884,0.011305264981034985
2018-09,fhs_ewma,38,0.0,0.0,6.362050469483245e-05,0.007335078202025908,0.00776442228141714
2018-09,fpca_window,38,0.0,0.0,6.362050469483245e-05,0.013358905273886284,0.013616307487815662
2018-09,garch_t,19,0.0,0.0,6.362050469483244e-05,0.006917539505579447,0.007174312791870143
2018-09,mahalanobis_knn,19,0.0,0.0,6.362050469483244e-05,0.011048030764157864,0.011310999526519164
2018-09,random_knn,19,0.0,0.0,6.362050469483244e-05,0.01834768431658761,0.019700472361841203
2018-09,regime_hs,38,0.0,0.0,6.362050469483245e-05,0.007837742587477495,0.008062762962735906
2018-09,rolling_hs,57,0.0,0.0,6.362050469483249e-05,0.013197508001319646,0.013881362693677282
2018-09,topology_knn,19,0.0,0.0,6.362050469483244e-05,0.01915111152729769,0.020677144138188868
2018-09,topology_placebo_knn,19,0.0,0.0,6.362050469483244e-05,0.017072844376493295,0.0193280436295803
2018-09,window_euclidean_knn,38,0.0,0.0,6.362050469483245e-05,0.01148337101134942,0.012203313439833803
2018-10,dtw_window,46,0.08695652173913043,0.08695652173913043,0.0018604329438108261,0.012428146605597655,0.013195315530963769
2018-10,euclidean_knn,23,0.08695652173913043,0.08695652173913043,0.0018604329438108261,0.013009186200507047,0.013649663249349483
2018-10,fhs_ewma,46,0.10869565217391304,0.06521739130434782,0.0018604329438108261,0.01267998184534717,0.013574606273606005
2018-10,fpca_window,46,0.08695652173913043,0.08695652173913043,0.0018604329438108261,0.013337546774834575,0.013628910791853176
2018-10,garch_t,23,0.08695652173913043,0.08695652173913043,0.0018604329438108261,0.016016699972905373,0.016642332932944714
2018-10,mahalanobis_knn,23,0.08695652173913043,0.08695652173913043,0.0018604329438108261,0.012834936238578535,0.01349283421595783
2018-10,random_knn,23,0.043478260869565216,0.043478260869565216,0.0018604329438108261,0.017971210623886714,0.019365560057469252
2018-10,regime_hs,46,0.043478260869565216,0.043478260869565216,0.0018604329438108261,0.018329522117942088,0.01911115128748225
2018-10,rolling_hs,69,0.07246376811594203,0.07246376811594203,0.0018604329438108261,0.013983594654758742,0.014466596299831014
2018-10,topology_knn,23,0.043478260869565216,0.043478260869565216,0.0018604329438108261,0.018283090081412684,0.019702034439482624
2018-10,topology_placebo_knn,23,0.043478260869565216,0.0,0.0018604329438108261,0.017114972480858553,0.01889024461768885
2018-10,window_euclidean_knn,46,0.08695652173913043,0.08695652173913043,0.0018604329438108261,0.012072018470489209,0.012684847510025963
2018-11,dtw_window,42,0.0,0.0,-0.0008178524959694142,0.012423893233357505,0.012678057816543211
2018-11,euclidean_knn,21,0.0,0.0,-0.0008178524959694142,0.01330836274000081,0.013695838246916043
2018-11,fhs_ewma,42,0.0,0.0,-0.0008178524959694142,0.017727765161976515,0.01901298142421174
2018-11,fpca_window,42,0.0,0.0,-0.0008178524959694142,0.01370615279584663,0.014071050665784991
2018-11,garch_t,21,0.0,0.0,-0.0008178524959694142,0.016645977369798223,0.017300519906604996
2018-11,mahalanobis_knn,21,0.0,0.0,-0.0008178524959694142,0.012226866672920743,0.012442171235259956
2018-11,random_knn,21,0.0,0.0,-0.0008178524959694142,0.017654864920042652,0.019228316986176518
2018-11,regime_hs,42,0.0,0.0,-0.0008178524959694142,0.026042412658143544,0.027181463018963795
2018-11,rolling_hs,63,0.0,0.0,-0.0008178524959694142,0.014782782151996066,0.01520715982996664
2018-11,topology_knn,21,0.0,0.0,-0.0008178524959694142,0.02189015020742963,0.023788244505962203
2018-11,topology_placebo_knn,21,0.0,0.0,-0.0008178524959694142,0.016696031745417863,0.018899852963064418
2018-11,window_euclidean_knn,42,0.0,0.0,-0.0008178524959694142,0.012181310996895163,0.012760041814977963
2018-12,dtw_window,38,0.10526315789473684,0.10526315789473684,0.0022192195794460755,0.013147402096982968,0.014040283731164192
2018-12,euclidean_knn,19,0.05263157894736842,0.05263157894736842,0.002219219579446076,0.014772657064037768,0.015525968694890094
2018-12,fhs_ewma,38,0.0,0.0,0.0022192195794460755,0.021091886849218557,0.02262716658541279
2018-12,fpca_window,38,0.07894736842105263,0.10526315789473684,0.0022192195794460755,0.013932196035377115,0.014398384485048316
2018-12,garch_t,19,0.05263157894736842,0.0,0.002219219579446076,0.02258312408443273,0.023489534241056393
2018-12,mahalanobis_knn,19,0.10526315789473684,0.10526315789473684,0.002219219579446076,0.013334799601077618,0.014093141367652858
2018-12,random_knn,19,0.05263157894736842,0.0,0.002219219579446076,0.017436385817564022,0.01908011353119553
2018-12,regime_hs,38,0.0,0.0,0.0022192195794460755,0.02597548894955536,0.02716325141867888
2018-12,rolling_hs,57,0.08771929824561403,0.05263157894736842,0.002219219579446076,0.015712434131029268,0.015895894173337633
2018-12,topology_knn,19,0.0,0.0,0.002219219579446076,0.02204101415275642,0.024042197208990618
2018-12,topology_placebo_knn,19,0.0,0.0,0.002219219579446076,0.017433160680758196,0.018760125661876282
2018-12,window_euclidean_knn,38,0.13157894736842105,0.10526315789473684,0.0022192195794460755,0.01232502791785144,0.013033278286917773
2019-01,dtw_window,42,0.0,0.0,-0.002368347870856181,0.013059328015488189,0.01345980181426041
2019-01,euclidean_knn,21,0.0,0.0,-0.002368347870856181,0.013359569772420584,0.0139986623664033
2019-01,fhs_ewma,42,0.0,0.0,-0.002368347870856181,0.023157683559690133,0.024845399332175593
2019-01,fpca_window,42,0.0,0.0,-0.002368347870856181,0.014362904827803061,0.014725996616694796
2019-01,garch_t,21,0.0,0.0,-0.002368347870856181,0.017932127966646113,0.018718775017043596
2019-01,mahalanobis_knn,21,0.0,0.0,-0.002368347870856181,0.012876903963836719,0.013478748569034037
2019-01,random_knn,21,0.0,0.0,-0.002368347870856181,0.01719169234644586,0.018955937700365525
2019-01,regime_hs,42,0.0,0.0,-0.002368347870856181,0.02443099249019737,0.025607107296012215
2019-01,rolling_hs,63,0.0,0.0,-0.002368347870856181,0.01597453457197443,0.016157268598580334
2019-01,topology_knn,21,0.0,0.0,-0.002368347870856181,0.01649809152694675,0.017478204446275816
2019-01,topology_placebo_knn,21,0.0,0.0,-0.002368347870856181,0.016729032499253546,0.01863557185451311
2019-01,window_euclidean_knn,42,0.023809523809523808,0.0,-0.002368347870856181,0.012060087172474612,0.012558933520988332
2019-02,dtw_window,38,0.0,0.0,-0.0009061783391343947,0.011623753983292162,0.01149491105346564
2019-02,euclidean_knn,19,0.0,0.0,-0.0009061783391343947,0.009763674401996793,0.010661979245410425
2019-02,fhs_ewma,38,0.0,0.0,-0.0009061783391343947,0.01746292394686584,0.018716820146785967
2019-02,fpca_window,38,0.0,0.0,-0.0009061783391343947,0.014322633737401917,0.014807997214913703
2019-02,garch_t,19,0.0,0.0,-0.0009061783391343947,0.010374562411542575,0.010751303564309174
2019-02,mahalanobis_knn,19,0.0,0.0,-0.0009061783391343947,0.010467895111645241,0.011185323027716342
2019-02,random_knn,19,0.0,0.0,-0.0009061783391343947,0.018016142208284572,0.01925156477298433
2019-02,regime_hs,38,0.0,0.0,-0.0009061783391343947,0.010387690644743689,0.010801071325321866
2019-02,rolling_hs,57,0.0,0.0,-0.0009061783391343947,0.015223948461817929,0.015379519546563355
2019-02,topology_knn,19,0.0,0.0,-0.0009061783391343947,0.012882904185753826,0.013655963134511723
2019-02,topology_placebo_knn,19,0.0,0.0,-0.0009061783391343947,0.017399407961190442,0.01848546843853022
2019-02,window_euclidean_knn,38,0.0,0.0,-0.0009061783391343947,0.01174173366444028,0.012382583990793042
2019-03,dtw_window,42,0.0,0.0,-0.0010294006766231334,0.011087685258170948,0.0111880924271577
2019-03,euclidean_knn,21,0.0,0.0,-0.0010294006766231334,0.010641775607406609,0.011178859606992528
2019-03,fhs_ewma,42,0.0,0.0,-0.0010294006766231334,0.013403356183705648,0.014363901653317048
2019-03,fpca_window,42,0.0,0.0,-0.0010294006766231334,0.014284779996959198,0.014754471890351752
2019-03,garch_t,21,0.0,0.0,-0.0010294006766231334,0.009288804665695267,0.009646813265867476
2019-03,mahalanobis_knn,21,0.0,0.0,-0.0010294006766231334,0.009929376297426433,0.010604396421800551
2019-03,random_knn,21,0.0,0.0,-0.0010294006766231334,0.017393844450203342,0.019147637880065464
2019-03,regime_hs,42,0.023809523809523808,0.023809523809523808,-0.0010294006766231334,0.008243362977176113,0.008512311784499975
2019-03,rolling_hs,63,0.0,0.0,-0.0010294006766231334,0.015054568991850734,0.015176262132220507
2019-03,topology_knn,21,0.0,0.0,-0.0010294006766231334,0.014657820563643162,0.015895871435449745
2019-03,topology_placebo_knn,21,0.0,0.0,-0.0010294006766231334,0.016740991386293782,0.018869361695800224
2019-03,window_euclidean_knn,42,0.0,0.0,-0.0010294006766231334,0.012048043517750694,0.012642662157714297
2019-04,dtw_window,42,0.0,0.0,-0.0010518518234846382,0.010936644843998278,0.01136810340583151
2019-04,euclidean_knn,21,0.0,0.0,-0.0010518518234846382,0.00993869441757493,0.011011548841041604
2019-04,fhs_ewma,42,0.0,0.0,-0.0010518518234846382,0.010901938291704247,0.011671886133303487
2019-04,fpca_window,42,0.0,0.0,-0.0010518518234846382,0.013718575255785279,0.01402361966925949
2019-04,garch_t,21,0.0,0.0,-0.0010518518234846382,0.007500543136141062,0.007794109829023139
2019-04,mahalanobis_knn,21,0.0,0.0,-0.0010518518234846382,0.009124155393807253,0.009884133727763542
2019-04,random_knn,21,0.0,0.0,-0.0010518518234846382,0.016938567069929626,0.01849965587500011
2019-04,regime_hs,42,0.0,0.0,-0.0010518518234846382,0.008283855198475385,0.008554380993134875
2019-04,rolling_hs,63,0.0,0.0,-0.0010518518234846382,0.015054568991850734,0.01508195678851926
2019-04,topology_knn,21,0.0,0.0,-0.0010518518234846382,0.018495221283491015,0.01924424139056142
2019-04,topology_placebo_knn,21,0.0,0.0,-0.0010518518234846382,0.016920714010381775,0.018897558562601315
2019-04,window_euclidean_knn,42,0.0,0.0,-0.0010518518234846382,0.011739166676454202,0.0124432968056501
2019-05,dtw_window,44,0.045454545454545456,0.045454545454545456,0.0012221386661812727,0.011696086764940621,0.012334907559292875
2019-05,euclidean_knn,22,0.045454545454545456,0.045454545454545456,0.0012221386661812725,0.012007860775400371,0.012551164793050629
2019-05,fhs_ewma,44,0.045454545454545456,0.045454545454545456,0.0012221386661812727,0.011546321925372999,0.012372193327930126
2019-05,fpca_window,44,0.022727272727272728,0.022727272727272728,0.0012221386661812727,0.013836798345788397,0.014189348439353093
2019-05,garch_t,22,0.045454545454545456,0.045454545454545456,0.0012221386661812725,0.011872037774764017,0.012318229534734687
2019-05,mahalanobis_knn,22,0.045454545454545456,0.045454545454545456,0.0012221386661812725,0.011232958842730468,0.011654589458864604
2019-05,random_knn,22,0.0,0.0,0.0012221386661812725,0.017066999428395728,0.01924090783519654
2019-05,regime_hs,44,0.09090909090909091,0.06818181818181818,0.0012221386661812727,0.014117386023990479,0.0146625505904396
2019-05,rolling_hs,66,0.0,0.0,0.0012221386661812727,0.015054568991850733,0.015161109171570791
2019-05,topology_knn,22,0.0,0.0,0.0012221386661812725,0.017983943540389468,0.01979697944808538
2019-05,topology_placebo_knn,22,0.0,0.0,0.0012221386661812725,0.016717257790760696,0.019032522012420183
2019-05,window_euclidean_knn,44,0.045454545454545456,0.022727272727272728,0.0012221386661812727,0.012114461135383385,0.01283369451486873
2019-06,dtw_window,40,0.0,0.0,-0.002277860806873649,0.010936601102339245,0.011346622490478731
2019-06,euclidean_knn,20,0.0,0.0,-0.0022778608068736495,0.01129032134696031,0.01201718598850755
2019-06,fhs_ewma,40,0.0,0.0,-0.002277860806873649,0.012570896969821313,0.013459776026446033
2019-06,fpca_window,40,0.0,0.0,-0.002277860806873649,0.013902231583088443,0.014356164624326432
2019-06,garch_t,20,0.0,0.0,-0.0022778608068736495,0.011153188285717024,0.01166430886354267
2019-06,mahalanobis_knn,20,0.0,0.0,-0.0022778608068736495,0.010636502201329626,0.01116199457335203
2019-06,random_knn,20,0.0,0.0,-0.0022778608068736495,0.01810319058671995,0.01994424660774698
2019-06,regime_hs,40,0.0,0.0,-0.002277860806873649,0.01416288760054921,0.01478001474937048
2019-06,rolling_hs,60,0.0,0.0,-0.0022778608068736495,0.015054568991850734,0.0152161494003468
2019-06,topology_knn,20,0.0,0.0,-0.0022778608068736495,0.02043222960376754,0.021387303830956505
2019-06,topology_placebo_knn,20,0.0,0.0,-0.0022778608068736495,0.01727655309130147,0.01887315777451721
2019-06,window_euclidean_knn,40,0.0,0.0,-0.002277860806873649,0.01184406194431573,0.012500356188992492
2019-07,dtw_window,44,0.0,0.0,-0.000425842498987641,0.011088974635739835,0.01162270991760973
2019-07,euclidean_knn,22,0.0,0.0,-0.000425842498987641,0.009824230769729245,0.010783723452137278
2019-07,fhs_ewma,44,0.0,0.0,-0.000425842498987641,0.010846732440311278,0.011617642241241332
2019-07,fpca_window,44,0.0,0.0,-0.000425842498987641,0.013713850379918112,0.013953228148407966
2019-07,garch_t,22,0.0,0.0,-0.000425842498987641,0.008750124253821158,0.009095255355894514
2019-07,mahalanobis_knn,22,0.0,0.0,-0.000425842498987641,0.009100396590778187,0.009872653002866072
2019-07,random_knn,22,0.0,0.0,-0.000425842498987641,0.01744647666491816,0.019076077664841845
2019-07,regime_hs,44,0.0,0.0,-0.000425842498987641,0.00859336719436151,0.008812859736390883
2019-07,rolling_hs,66,0.0,0.0,-0.0004258424989876409,0.015054568991850733,0.0152161494003468
2019-07,topology_knn,22,0.0,0.0,-0.000425842498987641,0.01566275598648466,0.01726297056911629
2019-07,topology_placebo_knn,22,0.0,0.0,-0.000425842498987641,0.016839951835477533,0.018640804468325386
2019-07,window_euclidean_knn,44,0.0,0.0,-0.000425842498987641,0.011866756815851719,0.012508409219969895
2019-08,dtw_window,44,0.11363636363636363,0.11363636363636363,-0.0003094289236944001,0.01312677223976228,0.013417198493118343
2019-08,euclidean_knn,22,0.09090909090909091,0.09090909090909091,-0.00030942892369440004,0.013662115190328183,0.014170061766094005
2019-08,fhs_ewma,44,0.06818181818181818,0.06818181818181818,-0.0003094289236944001,0.014903607747595728,0.015991066140404617
2019-08,fpca_window,44,0.06818181818181818,0.09090909090909091,-0.0003094289236944001,0.013729627630668245,0.013852008643747093
2019-08,garch_t,22,0.045454545454545456,0.045454545454545456,-0.00030942892369440004,0.016606932995059182,0.017289949710552917
2019-08,mahalanobis_knn,22,0.13636363636363635,0.13636363636363635,-0.00030942892369440004,0.012741117610558805,0.013105585639507655
2019-08,random_knn,22,0.0,0.0,-0.00030942892369440004,0.01695706968051342,0.018945756078567372
2019-08,regime_hs,44,0.06818181818181818,0.06818181818181818,-0.0003094289236944001,0.020256972931449634,0.021317413185067288
2019-08,rolling_hs,66,0.030303030303030304,0.015151515151515152,-0.0003094289236944001,0.015058708660418679,0.01539594549946425
2019-08,topology_knn,22,0.0,0.0,-0.00030942892369440004,0.018563919599519366,0.02003285332673221
2019-08,topology_placebo_knn,22,0.0,0.0,-0.00030942892369440004,0.01682425259322266,0.018817189571877703
2019-08,window_euclidean_knn,44,0.11363636363636363,0.11363636363636363,-0.0003094289236944001,0.012384287616507476,0.012874946171671696
2019-09,dtw_window,40,0.0,0.0,-0.00035211015730330004,0.011582288232095188,0.011811381783675131
2019-09,euclidean_knn,20,0.0,0.0,-0.0003521101573033,0.0116893876952615,0.012040942638669255
2019-09,fhs_ewma,40,0.0,0.0,-0.00035211015730330004,0.014122278406420757,0.015167635581588568
2019-09,fpca_window,40,0.0,0.0,-0.00035211015730330004,0.01386611155932933,0.014060999096820775
2019-09,garch_t,20,0.0,0.0,-0.0003521101573033,0.009897675673793165,0.010297120480040086
2019-09,mahalanobis_knn,20,0.0,0.0,-0.0003521101573033,0.011417137035250305,0.01173243610271603
2019-09,random_knn,20,0.0,0.0,-0.0003521101573033,0.01716046585241917,0.01911750605272202
2019-09,regime_hs,40,0.0,0.0,-0.00035211015730330004,0.01834972665415135,0.019362582586818403
2019-09,rolling_hs,60,0.0,0.0,-0.00035211015730330004,0.015061624987504433,0.0153873061818256
2019-09,topology_knn,20,0.0,0.0,-0.0003521101573033,0.018356802947199317,0.019581029636378835
2019-09,topology_placebo_knn,20,0.0,0.0,-0.0003521101573033,0.0174634860495138,0.018776835242425446
2019-09,window_euclidean_knn,40,0.0,0.0,-0.00035211015730330004,0.012147051574909574,0.012673865005105053
2019-10,dtw_window,46,0.0,0.0,-0.0006247887674277738,0.012094065557234591,0.012189219630721752
2019-10,euclidean_knn,23,0.0,0.0,-0.0006247887674277738,0.012298221609325309,0.012715396478152728
2019-10,fhs_ewma,46,0.0,0.0,-0.0006247887674277738,0.012651144642354175,0.013560513937042494
2019-10,fpca_window,46,0.0,0.0,-0.0006247887674277738,0.01365374338868782,0.013721808450700423
2019-10,garch_t,23,0.0,0.0,-0.0006247887674277738,0.010539024717999836,0.010986765852627547
2019-10,mahalanobis_knn,23,0.0,0.0,-0.0006247887674277738,0.0116492283776478,0.011899209836790521
2019-10,random_knn,23,0.0,0.0,-0.0006247887674277738,0.017414028433734824,0.01907104005015251
2019-10,regime_hs,46,0.043478260869565216,0.043478260869565216,-0.0006247887674277738,0.014745670088839407,0.015481075858747516
2019-10,rolling_hs,69,0.0,0.0,-0.0006247887674277738,0.01490197147417413,0.015133501701643761
2019-10,topology_knn,23,0.0,0.0,-0.0006247887674277738,0.014946298484420122,0.016668098526014218
2019-10,topology_placebo_knn,23,0.0,0.0,-0.0006247887674277738,0.01665194692563332,0.01808823226978245
2019-10,window_euclidean_knn,46,0.0,0.0,-0.0006247887674277738,0.012328585043714474,0.012822468523642369
2019-11,dtw_window,40,0.0,0.0,-0.0009354630147413,0.010996478226711955,0.011501515710011083
2019-11,euclidean_knn,20,0.0,0.0,-0.0009354630147413,0.00938075311009973,0.010425653935401286
2019-11,fhs_ewma,40,0.0,0.0,-0.0009354630147413,0.009529775689175778,0.010209362453555098
2019-11,fpca_window,40,0.0,0.0,-0.0009354630147413,0.01374769716598882,0.013891420887359094
2019-11,garch_t,20,0.0,0.0,-0.0009354630147413,0.006586059337037015,0.006883496604953019
2019-11,mahalanobis_knn,20,0.0,0.0,-0.0009354630147413,0.009304655960237069,0.01037866822207949
2019-11,random_knn,20,0.0,0.0,-0.0009354630147413,0.016812098108000863,0.01885976082522556
2019-11,regime_hs,40,0.0,0.0,-0.0009354630147413,0.007994099465732967,0.008256086402393167
2019-11,rolling_hs,60,0.0,0.0,-0.0009354630147413,0.0147818208531755,0.01492560509677466
2019-11,topology_knn,20,0.0,0.0,-0.0009354630147413,0.01591162596913338,0.017033787542364415
2019-11,topology_placebo_knn,20,0.0,0.0,-0.0009354630147413,0.01667055400517285,0.018077889069404777
2019-11,window_euclidean_knn,40,0.0,0.0,-0.0009354630147413,0.011974935646174738,0.012569095973349176
2019-12,dtw_window,42,0.0,0.0,-0.000650418142490406,0.010993886014639829,0.011487987649332286
2019-12,euclidean_knn,21,0.0,0.0,-0.000650418142490406,0.010217135447725052,0.010930984850356219
2019-12,fhs_ewma,42,0.0,0.0,-0.000650418142490406,0.008353004332114219,0.00893682512189717
2019-12,fpca_window,42,0.0,0.0,-0.000650418142490406,0.013825783380650344,0.014069884234813212
2019-12,garch_t,21,0.0,0.0,-0.000650418142490406,0.007319488087998009,0.007633271277478838
2019-12,mahalanobis_knn,21,0.0,0.0,-0.000650418142490406,0.010745713139212305,0.011069598220617571
2019-12,random_knn,21,0.0,0.0,-0.000650418142490406,0.01674829092138965,0.018601643654828724
2019-12,regime_hs,42,0.0,0.0,-0.000650418142490406,0.007876143896971367,0.00808765811694582
2019-12,rolling_hs,63,0.0,0.0,-0.000650418142490406,0.014429453344769484,0.01447144768372531
2019-12,topology_knn,21,0.0,0.0,-0.000650418142490406,0.021021476059615254,0.021729655011056104
2019-12,topology_placebo_knn,21,0.0,0.0,-0.000650418142490406,0.016962746200531762,0.019019925501216343
2019-12,window_euclidean_knn,42,0.0,0.0,-0.000650418142490406,0.012063140182056504,0.012613828452905903
2020-01,dtw_window,42,0.0,0.0,-0.0006565352378825858,0.011253783932989012,0.011819521685305341
2020-01,euclidean_knn,21,0.0,0.0,-0.0006565352378825858,0.00962597248305118,0.010551924587540762
2020-01,fhs_ewma,42,0.047619047619047616,0.0,-0.0006565352378825858,0.008261491656000876,0.008840432263188785
2020-01,fpca_window,42,0.0,0.0,-0.0006565352378825858,0.013561374827465014,0.01371277562383454
2020-01,garch_t,21,0.047619047619047616,0.0,-0.0006565352378825858,0.008188649007095504,0.008518648525557643
2020-01,mahalanobis_knn,21,0.0,0.0,-0.0006565352378825858,0.009990883017557696,0.010694096297652434
2020-01,random_knn,21,0.0,0.0,-0.0006565352378825858,0.016357141554202138,0.018320120776359677
2020-01,regime_hs,42,0.047619047619047616,0.023809523809523808,-0.0006565352378825858,0.00793815649631898,0.00815283975589702
2020-01,rolling_hs,63,0.0,0.0,-0.0006565352378825859,0.014176947486905334,0.013937556930038881
2020-01,topology_knn,21,0.0,0.0,-0.0006565352378825858,0.021901472233226357,0.023893779743414383
2020-01,topology_placebo_knn,21,0.0,0.0,-0.0006565352378825858,0.01665343254798283,0.018532550700731783
2020-01,window_euclidean_knn,42,0.0,0.0,-0.0006565352378825858,0.011950829060605846,0.012550610740680297
2020-02,dtw_window,38,0.15789473684210525,0.15789473684210525,0.0019092473665475677,0.01244881480868326,0.012806230418843337
2020-02,euclidean_knn,19,0.15789473684210525,0.15789473684210525,0.0019092473665475677,0.011977369426480622,0.0126162056761422
2020-02,fhs_ewma,38,0.15789473684210525,0.15789473684210525,0.0019092473665475677,0.01145473534597991,0.012269375093309828
2020-02,fpca_window,38,0.15789473684210525,0.15789473684210525,0.0019092473665475677,0.013726026645018827,0.013893514183675472
2020-02,garch_t,19,0.10526315789473684,0.10526315789473684,0.0019092473665475677,0.013581734730465799,0.014085644844150483
2020-02,mahalanobis_knn,19,0.15789473684210525,0.15789473684210525,0.0019092473665475677,0.01201572984652931,0.012591953227017847
2020-02,random_knn,19,0.15789473684210525,0.05263157894736842,0.0019092473665475677,0.017222131509641078,0.019559960154084715
2020-02,regime_hs,38,0.10526315789473684,0.10526315789473684,0.0019092473665475677,0.012283797572148607,0.012782463644786843
2020-02,rolling_hs,57,0.15789473684210525,0.15789473684210525,0.0019092473665475677,0.014232578415579724,0.01371197757425075
2020-02,topology_knn,19,0.15789473684210525,0.15789473684210525,0.0019092473665475677,0.019335234531133838,0.02002905314368231
2020-02,topology_placebo_knn,19,0.15789473684210525,0.05263157894736842,0.0019092473665475677,0.016870783251082336,0.018452224964478684
2020-02,window_euclidean_knn,38,0.15789473684210525,0.15789473684210525,0.0019092473665475677,0.012509056743150351,0.012970303368098764
2020-03,dtw_window,44,0.2727272727272727,0.2727272727272727,0.0020110543814272908,0.023491443660302865,0.02482871896300227
2020-03,euclidean_knn,22,0.22727272727272727,0.22727272727272727,0.0020110543814272903,0.028679428844854502,0.02974526820430345
2020-03,fhs_ewma,44,0.11363636363636363,0.09090909090909091,0.0020110543814272908,0.05171667811186181,0.05558385833672286
2020-03,fpca_window,44,0.3181818181818182,0.29545454545454547,0.0020110543814272908,0.014944716600595263,0.015994487319666937
2020-03,garch_t,22,0.045454545454545456,0.045454545454545456,0.0020110543814272903,0.06827923200002639,0.07097926612315687
2020-03,mahalanobis_knn,22,0.22727272727272727,0.22727272727272727,0.0020110543814272903,0.026124194701928213,0.027077330818110045
2020-03,random_knn,22,0.22727272727272727,0.22727272727272727,0.0020110543814272903,0.01799539220706531,0.020026347222491695
2020-03,regime_hs,44,0.22727272727272727,0.22727272727272727,0.0020110543814272908,0.02709717363454528,0.028483924718504135
2020-03,rolling_hs,66,0.25757575757575757,0.2727272727272727,0.0020110543814272908,0.021986922702707558,0.02381435089774724
2020-03,topology_knn,22,0.22727272727272727,0.22727272727272727,0.0020110543814272903,0.03002431398012639,0.030174203911307863
2020-03,topology_placebo_knn,22,0.22727272727272727,0.22727272727272727,0.0020110543814272903,0.01730618052597861,0.01879499519105598
2020-03,window_euclidean_knn,44,0.2727272727272727,0.2727272727272727,0.0020110543814272908,0.015041090845037897,0.01597807517091496
2020-04,dtw_window,42,0.0,0.0,-0.003663458623288928,0.025050476457704772,0.026659781981816975
2020-04,euclidean_knn,21,0.047619047619047616,0.0,-0.003663458623288928,0.023390961215538464,0.024022084000740383
2020-04,fhs_ewma,42,0.0,0.0,-0.003663458623288928,0.060160772443728736,0.06458393724435718
2020-04,fpca_window,42,0.07142857142857142,0.047619047619047616,-0.003663458623288928,0.01608255991846354,0.018253038637146057
2020-04,garch_t,21,0.0,0.0,-0.003663458623288928,0.04216381800550111,0.04394828087854281
2020-04,mahalanobis_knn,21,0.0,0.0,-0.003663458623288928,0.020377337489188362,0.02158975938393895
2020-04,random_knn,21,0.047619047619047616,0.047619047619047616,-0.003663458623288928,0.018083843753733876,0.0206062965525098
2020-04,regime_hs,42,0.023809523809523808,0.0,-0.003663458623288928,0.028807798275415738,0.030167562202470938
2020-04,rolling_hs,63,0.031746031746031744,0.015873015873015872,-0.0036634586232889284,0.027563672323448838,0.0303764104160581
2020-04,topology_knn,21,0.0,0.0,-0.003663458623288928,0.024023237231385795,0.026048608610910812
2020-04,topology_placebo_knn,21,0.047619047619047616,0.047619047619047616,-0.003663458623288928,0.018043851871735777,0.02029025645714585
2020-04,window_euclidean_knn,42,0.09523809523809523,0.09523809523809523,-0.003663458623288928,0.013333283662983692,0.013863966949102649
2020-05,dtw_window,40,0.0,0.0,-0.00152176177951581,0.017286718812415506,0.0185823194026122
2020-05,euclidean_knn,20,0.0,0.0,-0.00152176177951581,0.0154086318935032,0.015572515994557546
2020-05,fhs_ewma,40,0.0,0.0,-0.00152176177951581,0.04337398850747587,0.046555641289428296
2020-05,fpca_window,40,0.0,0.0,-0.00152176177951581,0.01575808808898914,0.01804049277608199
2020-05,garch_t,20,0.0,0.0,-0.00152176177951581,0.022166683218892775,0.02308380633211194
2020-05,mahalanobis_knn,20,0.0,0.0,-0.00152176177951581,0.01482538585537268,0.015027358711118943
2020-05,random_knn,20,0.0,0.0,-0.00152176177951581,0.019060645519737147,0.02130513609603924
2020-05,regime_hs,40,0.0,0.0,-0.00152176177951581,0.028788582661409684,0.030182030022163398
2020-05,rolling_hs,60,0.0,0.0,-0.00152176177951581,0.027577908162904268,0.0304943082240246
2020-05,topology_knn,20,0.0,0.0,-0.00152176177951581,0.02287569906478985,0.024925564388875915
2020-05,topology_placebo_knn,20,0.0,0.0,-0.00152176177951581,0.017712825187981097,0.019889104019907376
2020-05,window_euclidean_knn,40,0.05,0.05,-0.00152176177951581,0.013409427394050166,0.01397887572856749
2020-06,dtw_window,44,0.045454545454545456,0.045454545454545456,-0.0005848812215445364,0.01614621880251542,0.01776042517806077
2020-06,euclidean_knn,22,0.045454545454545456,0.045454545454545456,-0.0005848812215445362,0.014865647368788482,0.015432793952083163
2020-06,fhs_ewma,44,0.022727272727272728,0.022727272727272728,-0.0005848812215445364,0.03410436790357393,0.03660090286588477
2020-06,fpca_window,44,0.045454545454545456,0.045454545454545456,-0.0005848812215445364,0.015034084263150062,0.016700971106681648
2020-06,garch_t,22,0.045454545454545456,0.045454545454545456,-0.0005848812215445362,0.022702215480676736,0.023624920021590893
2020-06,mahalanobis_knn,22,0.045454545454545456,0.045454545454545456,-0.0005848812215445362,0.015739321148337468,0.01643900267925105
2020-06,random_knn,22,0.045454545454545456,0.045454545454545456,-0.0005848812215445362,0.018813454604769356,0.020716436421526936
2020-06,regime_hs,44,0.045454545454545456,0.022727272727272728,-0.0005848812215445364,0.028857574936217524,0.03024618283963114
2020-06,rolling_hs,66,0.030303030303030304,0.030303030303030304,-0.0005848812215445364,0.029338675760523444,0.031117465383454695
2020-06,topology_knn,22,0.045454545454545456,0.045454545454545456,-0.0005848812215445362,0.02391034108154618,0.026345957428785084
2020-06,topology_placebo_knn,22,0.045454545454545456,0.045454545454545456,-0.0005848812215445362,0.017830731977102797,0.020816187214756386
2020-06,window_euclidean_knn,44,0.11363636363636363,0.11363636363636363,-0.0005848812215445364,0.013250314548082133,0.013427929309476323
2020-07,dtw_window,44,0.0,0.0,-0.0017370746076520818,0.013937117521665427,0.014336578969961943
2020-07,euclidean_knn,22,0.0,0.0,-0.0017370746076520818,0.014374372007489887,0.01510629903071185
2020-07,fhs_ewma,44,0.0,0.0,-0.0017370746076520818,0.026982049615230954,0.028945607073403778
2020-07,fpca_window,44,0.0,0.0,-0.0017370746076520818,0.01471399159010116,0.016266099441674682
2020-07,garch_t,22,0.0,0.0,-0.0017370746076520818,0.014849790827870961,0.015551799792322695
2020-07,mahalanobis_knn,22,0.0,0.0,-0.0017370746076520818,0.015184839765868818,0.0156938041662027
2020-07,random_knn,22,0.0,0.0,-0.0017370746076520818,0.019668914291681255,0.02218143128146717
2020-07,regime_hs,44,0.0,0.0,-0.0017370746076520818,0.026246585790834654,0.027504789770638825
2020-07,rolling_hs,66,0.0,0.0,-0.0017370746076520818,0.03055766871272133,0.03154347419357727
2020-07,topology_knn,22,0.0,0.0,-0.0017370746076520818,0.025459307348978034,0.027586492367005177
2020-07,topology_placebo_knn,22,0.0,0.0,-0.0017370746076520818,0.017459194991908497,0.02068801085098818
2020-07,window_euclidean_knn,44,0.0,0.0,-0.0017370746076520818,0.01235685862031345,0.012761100393916062
2020-08,dtw_window,42,0.0,0.0,-0.001753642461233462,0.013207481894727443,0.013020859271685482
2020-08,euclidean_knn,21,0.0,0.0,-0.001753642461233462,0.012326515382399539,0.012304534804059863
2020-08,fhs_ewma,42,0.0,0.0,-0.001753642461233462,0.019546126163531772,0.02094926826726212
2020-08,fpca_window,42,0.0,0.0,-0.001753642461233462,0.014720013925659938,0.01627069629922619
2020-08,garch_t,21,0.0,0.0,-0.001753642461233462,0.009982860505199581,0.01041908684829239
2020-08,mahalanobis_knn,21,0.0,0.0,-0.001753642461233462,0.014798548838987825,0.015313219488214605
2020-08,random_knn,21,0.0,0.0,-0.001753642461233462,0.018472065463074637,0.020719345075478568
2020-08,regime_hs,42,0.0,0.0,-0.001753642461233462,0.010289746321113387,0.01074986006549546
2020-08,rolling_hs,63,0.0,0.0,-0.001753642461233462,0.030557668712721333,0.03154347419357727
2020-08,topology_knn,21,0.0,0.0,-0.001753642461233462,0.025961562943717636,0.02815878571205302
2020-08,topology_placebo_knn,21,0.0,0.0,-0.001753642461233462,0.01811345924472548,0.020317889616627498
2020-08,window_euclidean_knn,42,0.0,0.0,-0.001753642461233462,0.012498959354109693,0.012831866656249644
2020-09,dtw_window,42,0.11904761904761904,0.11904761904761904,0.0009581062736881951,0.01386419060415713,0.013869773755860206
2020-09,euclidean_knn,21,0.047619047619047616,0.047619047619047616,0.0009581062736881951,0.015408257452234505,0.015966120169882796
2020-09,fhs_ewma,42,0.023809523809523808,0.023809523809523808,0.0009581062736881951,0.021426165587221418,0.022975197283992044
2020-09,fpca_window,42,0.09523809523809523,0.07142857142857142,0.0009581062736881951,0.014754506995831944,0.015790310842379612
2020-09,garch_t,21,0.047619047619047616,0.047619047619047616,0.0009581062736881951,0.02125795576639301,0.02217829097873138
2020-09,mahalanobis_knn,21,0.09523809523809523,0.047619047619047616,0.0009581062736881951,0.014881690219289553,0.01549561163979889
2020-09,random_knn,21,0.0,0.0,0.0009581062736881951,0.019245939473018805,0.021683920624120074
2020-09,regime_hs,42,0.047619047619047616,0.047619047619047616,0.0009581062736881951,0.02561519107533169,0.026802927322557596
2020-09,rolling_hs,63,0.015873015873015872,0.0,0.0009581062736881951,0.0309327860623337,0.031667821332680784
2020-09,topology_knn,21,0.0,0.0,0.0009581062736881951,0.023343074713244715,0.02506057402998496
2020-09,topology_placebo_knn,21,0.047619047619047616,0.047619047619047616,0.0009581062736881951,0.01753912933225154,0.020050738486240047
2020-09,window_euclidean_knn,42,0.11904761904761904,0.11904761904761904,0.0009581062736881951,0.01328427591676506,0.013601677142646524
2020-10,dtw_window,44,0.045454545454545456,0.045454545454545456,0.0008924690698039182,0.0128761138906117,0.012970855627558802
2020-10,euclidean_knn,22,0.045454545454545456,0.045454545454545456,0.0008924690698039182,0.015416446383154026,0.016025109855416133
2020-10,fhs_ewma,44,0.045454545454545456,0.022727272727272728,0.0008924690698039182,0.02055940434759976,0.022046951633996757
2020-10,fpca_window,44,0.045454545454545456,0.045454545454545456,0.0008924690698039182,0.014383102043386638,0.015289252464301557
2020-10,garch_t,22,0.045454545454545456,0.045454545454545456,0.0008924690698039182,0.016880264517090054,0.017602692592742997
2020-10,mahalanobis_knn,22,0.045454545454545456,0.045454545454545456,0.0008924690698039182,0.0159655985216603,0.016793762972141423
2020-10,random_knn,22,0.045454545454545456,0.045454545454545456,0.0008924690698039182,0.017942869301055972,0.020182019790714375
2020-10,regime_hs,44,0.022727272727272728,0.022727272727272728,0.0008924690698039182,0.02670001469508558,0.02797373160779086
2020-10,rolling_hs,66,0.015151515151515152,0.0,0.0008924690698039183,0.031007793812554026,0.03166753749799865
2020-10,topology_knn,22,0.045454545454545456,0.045454545454545456,0.0008924690698039182,0.015338096929492078,0.01623717931395067
2020-10,topology_placebo_knn,22,0.045454545454545456,0.045454545454545456,0.0008924690698039182,0.01796148920992813,0.020747401550837194
2020-10,window_euclidean_knn,44,0.045454545454545456,0.045454545454545456,0.0008924690698039182,0.012926013434506207,0.013246903132157468
2020-11,dtw_window,40,0.0,0.0,-0.003205182043844865,0.013666985129764594,0.014093854468384912
2020-11,euclidean_knn,20,0.0,0.0,-0.0032051820438448652,0.014925630131833383,0.015508867130868539
2020-11,fhs_ewma,40,0.0,0.0,-0.003205182043844865,0.021771512471865054,0.02330671778828499
2020-11,fpca_window,40,0.0,0.0,-0.003205182043844865,0.014631510995452405,0.015115122645854916
2020-11,garch_t,20,0.0,0.0,-0.0032051820438448652,0.019446032226484368,0.020247261893801403
2020-11,mahalanobis_knn,20,0.0,0.0,-0.0032051820438448652,0.015109903781338484,0.015448414243620026
2020-11,random_knn,20,0.0,0.0,-0.0032051820438448652,0.01863147262740828,0.020279481425863315
2020-11,regime_hs,40,0.0,0.0,-0.003205182043844865,0.028906595374098565,0.03020500247991035
2020-11,rolling_hs,60,0.0,0.0,-0.0032051820438448652,0.03113267573207,0.03181786311074727
2020-11,topology_knn,20,0.0,0.0,-0.0032051820438448652,0.015483676197731111,0.01695569028567858
2020-11,topology_placebo_knn,20,0.0,0.0,-0.0032051820438448652,0.017752864902279026,0.019968084731108365
2020-11,window_euclidean_knn,40,0.0,0.0,-0.003205182043844865,0.012564814439315439,0.013033324306171643
2020-12,dtw_window,44,0.0,0.0,-0.0009588069649843732,0.011210458256784564,0.011172077366601101
2020-12,euclidean_knn,22,0.0,0.0,-0.0009588069649843732,0.01234446637672114,0.012532578061787127
2020-12,fhs_ewma,44,0.0,0.0,-0.0009588069649843732,0.016377718302204414,0.01753230930513812
2020-12,fpca_window,44,0.0,0.0,-0.0009588069649843732,0.014014190001880967,0.01447581163321874
2020-12,garch_t,22,0.0,0.0,-0.0009588069649843732,0.009491605498605933,0.00987555671321826
2020-12,mahalanobis_knn,22,0.0,0.0,-0.0009588069649843732,0.015887376314958925,0.016479379641290263
2020-12,random_knn,22,0.0,0.0,-0.0009588069649843732,0.019192697780259442,0.021178081078804603
2020-12,regime_hs,44,0.0,0.0,-0.0009588069649843732,0.01102153086489302,0.011551717586911954
2020-12,rolling_hs,66,0.0,0.0,-0.0009588069649843733,0.03113267573207,0.03179705137648416
2020-12,topology_knn,22,0.0,0.0,-0.0009588069649843732,0.014117585100902332,0.014566762479752804
2020-12,topology_placebo_knn,22,0.0,0.0,-0.0009588069649843732,0.01795471803453357,0.020784528477326883
2020-12,window_euclidean_knn,44,0.0,0.0,-0.0009588069649843732,0.01264071814416129,0.013074797108550883
2021-01,dtw_window,38,0.07894736842105263,0.07894736842105263,0.0005216256162093813,0.011649564428828205,0.011618123330458911
2021-01,euclidean_knn,19,0.05263157894736842,0.05263157894736842,0.0005216256162093813,0.013096160125226058,0.01327259608343019
2021-01,fhs_ewma,38,0.02631578947368421,0.02631578947368421,0.0005216256162093813,0.013867483866891453,0.01482394806895398
2021-01,fpca_window,38,0.02631578947368421,0.02631578947368421,0.0005216256162093813,0.01393690320021472,0.014301086077013712
2021-01,garch_t,19,0.10526315789473684,0.10526315789473684,0.0005216256162093813,0.011565415643879485,0.012165331942752974
2021-01,mahalanobis_knn,19,0.0,0.0,0.0005216256162093813,0.016522996999794926,0.017150498438052237
2021-01,random_knn,19,0.0,0.0,0.0005216256162093813,0.01764907716637188,0.02023960664172182
2021-01,regime_hs,38,0.07894736842105263,0.07894736842105263,0.0005216256162093813,0.010521916592333905,0.011025101906948262
2021-01,rolling_hs,57,0.0,0.0,0.0005216256162093813,0.03113267573207,0.03179705137648417
2021-01,topology_knn,19,0.0,0.0,0.0005216256162093813,0.016064451612547194,0.01628660169349871
2021-01,topology_placebo_knn,19,0.0,0.0,0.0005216256162093813,0.01759340095872374,0.020046339995168562
2021-01,window_euclidean_knn,38,0.07894736842105263,0.07894736842105263,0.0005216256162093813,0.01287075302829261,0.0131689022661055
2021-02,dtw_window,38,0.05263157894736842,0.05263157894736842,-0.00039041481075521866,0.012480892845280726,0.012717065257794188
2021-02,euclidean_knn,19,0.05263157894736842,0.05263157894736842,-0.00039041481075521866,0.014141962175770116,0.014395161997064821
2021-02,fhs_ewma,38,0.05263157894736842,0.05263157894736842,-0.00039041481075521866,0.01592749291201183,0.017041274636354773
2021-02,fpca_window,38,0.05263157894736842,0.05263157894736842,-0.00039041481075521866,0.01444161276157404,0.015068188879243249
2021-02,garch_t,19,0.05263157894736842,0.05263157894736842,-0.00039041481075521866,0.014769157191282906,0.015447453210315177
2021-02,mahalanobis_knn,19,0.05263157894736842,0.05263157894736842,-0.00039041481075521866,0.014933867244760441,0.01524934548354962
2021-02,random_knn,19,0.05263157894736842,0.05263157894736842,-0.00039041481075521866,0.017904598269128144,0.020046124409068878
2021-02,regime_hs,38,0.02631578947368421,0.02631578947368421,-0.00039041481075521866,0.02068932511037721,0.02188513490828888
2021-02,rolling_hs,57,0.0,0.0,-0.0003904148107552187,0.03113267573207,0.03180457742450288
2021-02,topology_knn,19,0.05263157894736842,0.05263157894736842,-0.00039041481075521866,0.018472351063874053,0.01902206516840056
2021-02,topology_placebo_knn,19,0.05263157894736842,0.05263157894736842,-0.00039041481075521866,0.01801186088396295,0.020102824062644787
2021-02,window_euclidean_knn,38,0.05263157894736842,0.05263157894736842,-0.00039041481075521866,0.012891341592952984,0.013362639381815167
2021-03,dtw_window,46,0.0,0.0,-0.0007719403973158609,0.01278974516061039,0.013248769762050708
2021-03,euclidean_knn,23,0.0,0.0,-0.0007719403973158609,0.014307513420593942,0.0145218881549141
2021-03,fhs_ewma,46,0.0,0.0,-0.0007719403973158609,0.019015815651478463,0.020346212386098447
2021-03,fpca_window,46,0.0,0.0,-0.0007719403973158609,0.014610111157577588,0.015322130714238769
2021-03,garch_t,23,0.0,0.0,-0.0007719403973158609,0.018723930900682174,0.019684570838109296
2021-03,mahalanobis_knn,23,0.0,0.0,-0.0007719403973158609,0.014275973605086143,0.014548974745171356
2021-03,random_knn,23,0.0,0.0,-0.0007719403973158609,0.0198281349059599,0.021482696479722573
2021-03,regime_hs,46,0.0,0.0,-0.0007719403973158609,0.027945711447966537,0.02912947259403545
2021-03,rolling_hs,69,0.0,0.0,-0.0007719403973158608,0.02704153882533364,0.027989525080970478
2021-03,topology_knn,23,0.0,0.0,-0.0007719403973158609,0.01693282648454818,0.017881357184296006
2021-03,topology_placebo_knn,23,0.0,0.0,-0.0007719403973158609,0.018138832254651283,0.020736130882090358
2021-03,window_euclidean_knn,46,0.021739130434782608,0.021739130434782608,-0.0007719403973158609,0.012694833275753473,0.013239060041488506
2021-04,dtw_window,42,0.0,0.0,-0.001678761598520365,0.01174893269913951,0.011811713462590976
2021-04,euclidean_knn,21,0.0,0.0,-0.001678761598520365,0.011497589837307318,0.011505900820337905
2021-04,fhs_ewma,42,0.0,0.0,-0.001678761598520365,0.015774054835552026,0.01688437378388709
2021-04,fpca_window,42,0.0,0.0,-0.001678761598520365,0.014294399002312637,0.014883397088174351
2021-04,garch_t,21,0.0,0.0,-0.001678761598520365,0.011532060984744439,0.012104563822652247
2021-04,mahalanobis_knn,21,0.0,0.0,-0.001678761598520365,0.013818355627926633,0.014036909815145484
2021-04,random_knn,21,0.0,0.0,-0.001678761598520365,0.0178737678247009,0.020193146670387123
2021-04,regime_hs,42,0.0,0.0,-0.001678761598520365,0.01456760107931675,0.01542728343320212
2021-04,rolling_hs,63,0.0,0.0,-0.001678761598520365,0.024561391932598965,0.025138606885693394
2021-04,topology_knn,21,0.0,0.0,-0.001678761598520365,0.016348101968183214,0.016923217663253776
2021-04,topology_placebo_knn,21,0.0,0.0,-0.001678761598520365,0.018346475593151147,0.020232990622228275
2021-04,window_euclidean_knn,42,0.0,0.0,-0.001678761598520365,0.012340540676117921,0.012797529272193327
2021-05,dtw_window,40,0.05,0.05,-0.00030448368681735004,0.012342576829272785,0.012396171128313952
2021-05,euclidean_knn,20,0.05,0.05,-0.00030448368681735004,0.01291124365297247,0.01299704062823
2021-05,fhs_ewma,40,0.05,0.025,-0.00030448368681735004,0.01532788903811039,0.016364623147633615
2021-05,fpca_window,40,0.025,0.0,-0.00030448368681735004,0.01399520205441213,0.014398375059866946
2021-05,garch_t,20,0.05,0.05,-0.00030448368681735004,0.014380681786358466,0.0150754896554872
2021-05,mahalanobis_knn,20,0.0,0.0,-0.00030448368681735004,0.014174791227538286,0.014348008613580335
2021-05,random_knn,20,0.0,0.0,-0.00030448368681735004,0.01871177782785307,0.020721600922138254
2021-05,regime_hs,40,0.05,0.05,-0.00030448368681735004,0.015317506683915436,0.016241584370356697
2021-05,rolling_hs,60,0.0,0.0,-0.00030448368681735004,0.024561391932598965,0.025031234575294492
2021-05,topology_knn,20,0.0,0.0,-0.00030448368681735004,0.0171778590111372,0.018056024264706694
2021-05,topology_placebo_knn,20,0.0,0.0,-0.00030448368681735004,0.017920554277647445,0.020586643977982124
2021-05,window_euclidean_knn,40,0.025,0.025,-0.00030448368681735004,0.013102200587335421,0.013271843494099059
2021-06,dtw_window,44,0.0,0.0,-0.0008004466286176238,0.010766858414520516,0.011151941231983258
2021-06,euclidean_knn,22,0.0,0.0,-0.0008004466286176237,0.012345650058434769,0.012238069102520023
2021-06,fhs_ewma,44,0.0,0.0,-0.0008004466286176238,0.013533612728097272,0.01444739149291962
2021-06,fpca_window,44,0.0,0.0,-0.0008004466286176238,0.014151898879048812,0.014356229109720176
2021-06,garch_t,22,0.0,0.0,-0.0008004466286176237,0.009823069756582386,0.010301843870504509
2021-06,mahalanobis_knn,22,0.0,0.0,-0.0008004466286176237,0.013198677475334968,0.013439432430418318
2021-06,random_knn,22,0.0,0.0,-0.0008004466286176237,0.01842229283847854,0.020763929261525278
2021-06,regime_hs,44,0.0,0.0,-0.0008004466286176238,0.012839946065843554,0.01351794729939535
2021-06,rolling_hs,66,0.0,0.0,-0.0008004466286176238,0.02404909533012792,0.024416068340967535
2021-06,topology_knn,22,0.0,0.0,-0.0008004466286176237,0.01436800023273609,0.015759440537245793
2021-06,topology_placebo_knn,22,0.0,0.0,-0.0008004466286176237,0.018086565737026515,0.020564237023887464
2021-06,window_euclidean_knn,44,0.0,0.0,-0.0008004466286176238,0.012872453520561971,0.0132200589828107
2021-07,dtw_window,42,0.0,0.0,-0.0010821729338031459,0.011278940209995647,0.011485839885585672
2021-07,euclidean_knn,21,0.0,0.0,-0.0010821729338031457,0.011684289557518853,0.011655892035083947
2021-07,fhs_ewma,42,0.0,0.0,-0.0010821729338031459,0.01170006936427256,0.012475559476314967
2021-07,fpca_window,42,0.0,0.0,-0.0010821729338031459,0.013619605065108266,0.014056250551081138
2021-07,garch_t,21,0.0,0.0,-0.0010821729338031457,0.009551020789366309,0.010001301620175691
2021-07,mahalanobis_knn,21,0.0,0.0,-0.0010821729338031457,0.013715953907444914,0.013935917324333484
2021-07,random_knn,21,0.0,0.0,-0.0010821729338031457,0.018334407802334314,0.020377683343878256
2021-07,regime_hs,42,0.0,0.0,-0.0010821729338031459,0.009280594187036579,0.009663415775088424
2021-07,rolling_hs,63,0.0,0.0,-0.0010821729338031459,0.023810023582308097,0.024106629453832365
2021-07,topology_knn,21,0.0,0.0,-0.0010821729338031457,0.01564914957851004,0.017584412585581514
2021-07,topology_placebo_knn,21,0.0,0.0,-0.0010821729338031457,0.01772083825263099,0.019615386619017544
2021-07,window_euclidean_knn,42,0.0,0.0,-0.0010821729338031459,0.012759490616201182,0.013127202102975199
2021-08,dtw_window,44,0.0,0.0,-0.0007377598774237818,0.01156457970105784,0.012058583628996122
2021-08,euclidean_knn,22,0.0,0.0,-0.0007377598774237818,0.012060224135112431,0.0120786466074412
2021-08,fhs_ewma,44,0.0,0.0,-0.0007377598774237818,0.010258163668063444,0.010942478437724177
2021-08,fpca_window,44,0.0,0.0,-0.0007377598774237818,0.013819913852143451,0.01427818039305926
2021-08,garch_t,22,0.0,0.0,-0.0007377598774237818,0.008574314271257587,0.009025107050691436
2021-08,mahalanobis_knn,22,0.0,0.0,-0.0007377598774237818,0.013950497132429377,0.014163908142759474
2021-08,random_knn,22,0.0,0.0,-0.0007377598774237818,0.018339999560197166,0.02049720101484343
2021-08,regime_hs,44,0.0,0.0,-0.0007377598774237818,0.008491276481813387,0.008809557586905516
2021-08,rolling_hs,66,0.0,0.0,-0.0007377598774237818,0.0238100235823081,0.024106629453832365
2021-08,topology_knn,22,0.0,0.0,-0.0007377598774237818,0.01562700472369434,0.01768877425356709
2021-08,topology_placebo_knn,22,0.0,0.0,-0.0007377598774237818,0.01822176376541487,0.02028535104560861
2021-08,window_euclidean_knn,44,0.0,0.0,-0.0007377598774237818,0.012969939339157745,0.013209971358819865
2021-09,dtw_window,42,0.047619047619047616,0.047619047619047616,0.0016479994136351429,0.012135070948593119,0.012495581603050318
2021-09,euclidean_knn,21,0.0,0.0,0.0016479994136351429,0.013363577340967138,0.013352071980268025
2021-09,fhs_ewma,42,0.047619047619047616,0.047619047619047616,0.0016479994136351429,0.010543783703253146,0.011237860182216194
2021-09,fpca_window,42,0.023809523809523808,0.0,0.0016479994136351429,0.013989744122061772,0.014478785806607044
2021-09,garch_t,21,0.047619047619047616,0.047619047619047616,0.0016479994136351429,0.010981831907840491,0.011514046412024706
2021-09,mahalanobis_knn,21,0.0,0.0,0.0016479994136351429,0.01446415544391408,0.014790102438291361
2021-09,random_knn,21,0.0,0.0,0.0016479994136351429,0.01853638115284652,0.021043975599053102
2021-09,regime_hs,42,0.047619047619047616,0.047619047619047616,0.0016479994136351429,0.009925921659954127,0.010342105852839564
2021-09,rolling_hs,63,0.0,0.0,0.0016479994136351429,0.022794556397692015,0.023550047567928018
2021-09,topology_knn,21,0.0,0.0,0.0016479994136351429,0.01541803208547377,0.016856087261683448
2021-09,topology_placebo_knn,21,0.0,0.0,0.0016479994136351429,0.017579932792678894,0.019448670335426486
2021-09,window_euclidean_knn,42,0.023809523809523808,0.023809523809523808,0.0016479994136351429,0.013327094059699602,0.013536917050730176
2021-10,dtw_window,42,0.0,0.0,-0.0018711462623471858,0.012585552133218507,0.012929951684104032
2021-10,euclidean_knn,21,0.0,0.0,-0.0018711462623471858,0.013255804081238705,0.013406767015938716
2021-10,fhs_ewma,42,0.0,0.0,-0.0018711462623471858,0.013664259819333795,0.0145629435128109
2021-10,fpca_window,42,0.0,0.0,-0.0018711462623471858,0.013981435023987571,0.014634406167837262
2021-10,garch_t,21,0.0,0.0,-0.0018711462623471858,0.013174563155779105,0.013800302177015352
2021-10,mahalanobis_knn,21,0.0,0.0,-0.0018711462623471858,0.013893501961754519,0.014120367443435623
2021-10,random_knn,21,0.0,0.0,-0.0018711462623471858,0.017839625564664997,0.02004001523576611
2021-10,regime_hs,42,0.0,0.0,-0.0018711462623471858,0.01852263576848754,0.019738281772734272
2021-10,rolling_hs,63,0.0,0.0,-0.0018711462623471858,0.022696076577857684,0.023463335680603974
2021-10,topology_knn,21,0.0,0.0,-0.0018711462623471858,0.014761120847961603,0.015103378626549787
2021-10,topology_placebo_knn,21,0.0,0.0,-0.0018711462623471858,0.017812311412683718,0.019852930270041917
2021-10,window_euclidean_knn,42,0.0,0.0,-0.0018711462623471858,0.012905350708585733,0.01317321040235805
2021-11,dtw_window,42,0.0,0.0,-1.9291201715567019e-07,0.011528032032862616,0.011881410086016873
2021-11,euclidean_knn,21,0.0,0.0,-1.9291201715571148e-07,0.011085349143357985,0.011478731723915095
2021-11,fhs_ewma,42,0.0,0.0,-1.9291201715567019e-07,0.01149091266187973,0.01223651755131373
2021-11,fpca_window,42,0.0,0.0,-1.9291201715567019e-07,0.014041493469229964,0.014817728500424338
2021-11,garch_t,21,0.09523809523809523,0.047619047619047616,-1.9291201715571148e-07,0.009215089744685137,0.009701656816700986
2021-11,mahalanobis_knn,21,0.0,0.0,-1.9291201715571148e-07,0.015069183024538226,0.01543806780366961
2021-11,random_knn,21,0.0,0.0,-1.9291201715571148e-07,0.01789303398969107,0.019612400583206856
2021-11,regime_hs,42,0.07142857142857142,0.047619047619047616,-1.9291201715567019e-07,0.008251344968261923,0.008559287275582179
2021-11,rolling_hs,63,0.0,0.0,-1.9291201715562887e-07,0.0225449670739552,0.023036788479429034
2021-11,topology_knn,21,0.0,0.0,-1.9291201715571148e-07,0.014981690137578142,0.015645159582327123
2021-11,topology_placebo_knn,21,0.0,0.0,-1.9291201715571148e-07,0.01751912708403062,0.019633434095526172
2021-11,window_euclidean_knn,42,0.0,0.0,-1.9291201715567019e-07,0.01268593301612123,0.013113601944965858
2021-12,dtw_window,44,0.0,0.0,-0.0011730227872986361,0.012484207703427093,0.012652914231233181
2021-12,euclidean_knn,22,0.0,0.0,-0.0011730227872986364,0.014064055084019278,0.014410666006353427
2021-12,fhs_ewma,44,0.0,0.0,-0.0011730227872986361,0.014431396071518682,0.01536944812216719
2021-12,fpca_window,44,0.0,0.0,-0.0011730227872986361,0.014105495755754543,0.014557441611137601
2021-12,garch_t,22,0.0,0.0,-0.0011730227872986364,0.01535008857472865,0.01607518186720178
2021-12,mahalanobis_knn,22,0.0,0.0,-0.0011730227872986364,0.01506727026831005,0.015526049976821277
2021-12,random_knn,22,0.0,0.0,-0.0011730227872986364,0.017772073038595928,0.019745480154271165
2021-12,regime_hs,44,0.0,0.0,-0.0011730227872986361,0.021021701012041333,0.022341004145312846
2021-12,rolling_hs,66,0.0,0.0,-0.0011730227872986361,0.0225449670739552,0.023036788479429034
2021-12,topology_knn,22,0.0,0.0,-0.0011730227872986364,0.016655579179262085,0.01689613977613328
2021-12,topology_placebo_knn,22,0.0,0.0,-0.0011730227872986364,0.01779077040937357,0.019641905562604388
2021-12,window_euclidean_knn,44,0.0,0.0,-0.0011730227872986361,0.013360592821010327,0.013412617191780697
2022-01,dtw_window,40,0.1,0.1,0.00200740128450011,0.012735294691397992,0.013100001800929356
2022-01,euclidean_knn,20,0.05,0.05,0.00200740128450011,0.01461313570164097,0.015053775814133214
2022-01,fhs_ewma,40,0.0,0.0,0.00200740128450011,0.015599869864847338,0.016637339923587957
2022-01,fpca_window,40,0.025,0.0,0.00200740128450011,0.014190888669008084,0.014729226094429407
2022-01,garch_t,20,0.05,0.05,0.00200740128450011,0.016189781843295375,0.016941665604160737
2022-01,mahalanobis_knn,20,0.0,0.0,0.00200740128450011,0.015366948161561936,0.01611841587522915
2022-01,random_knn,20,0.0,0.0,0.00200740128450011,0.01824490021148649,0.020119573611407857
2022-01,regime_hs,40,0.0,0.0,0.00200740128450011,0.01929582760809433,0.020659486908646524
2022-01,rolling_hs,60,0.0,0.0,0.0020074012845001103,0.022488740813389044,0.023137176625704723
2022-01,topology_knn,20,0.05,0.0,0.00200740128450011,0.014840146134202365,0.015930581973427067
2022-01,topology_placebo_knn,20,0.0,0.0,0.00200740128450011,0.017977034903946715,0.019570900606034818
2022-01,window_euclidean_knn,40,0.075,0.05,0.00200740128450011,0.013678279895793247,0.013925435686934476
2022-02,dtw_window,38,0.10526315789473684,0.10526315789473684,0.0009468253414086473,0.01324064737797779,0.013658015828644428
2022-02,euclidean_knn,19,0.05263157894736842,0.0,0.0009468253414086473,0.015664893026533445,0.016275827816279783
2022-02,fhs_ewma,38,0.0,0.0,0.0009468253414086473,0.0203485147209038,0.021721352014947216
2022-02,fpca_window,38,0.07894736842105263,0.07894736842105263,0.0009468253414086473,0.014327117422658209,0.014825688774415164
2022-02,garch_t,19,0.0,0.0,0.0009468253414086473,0.022022500294479795,0.023164619769099594
2022-02,mahalanobis_knn,19,0.05263157894736842,0.05263157894736842,0.0009468253414086473,0.015252353689906807,0.015727786983876606
2022-02,random_knn,19,0.0,0.0,0.0009468253414086473,0.017973621248910242,0.02076190291048675
2022-02,regime_hs,38,0.0,0.0,0.0009468253414086473,0.028459139207739657,0.02954866307072005
2022-02,rolling_hs,57,0.03508771929824561,0.017543859649122806,0.0009468253414086474,0.022390687427394324,0.023029530394759676
2022-02,topology_knn,19,0.05263157894736842,0.05263157894736842,0.0009468253414086473,0.0158342515481575,0.017040864272777567
2022-02,topology_placebo_knn,19,0.0,0.0,0.0009468253414086473,0.018112777641458605,0.020074497389224844
2022-02,window_euclidean_knn,38,0.10526315789473684,0.10526315789473684,0.0009468253414086473,0.013320091121428483,0.013636990863260012
2022-03,dtw_window,46,0.043478260869565216,0.043478260869565216,-0.00031459787109345655,0.014237165461702925,0.014638178456678775
2022-03,euclidean_knn,23,0.043478260869565216,0.043478260869565216,-0.00031459787109345655,0.01575282502902432,0.01660961141538064
2022-03,fhs_ewma,46,0.0,0.0,-0.00031459787109345655,0.022925127321644263,0.024489182885851807
2022-03,fpca_window,46,0.043478260869565216,0.043478260869565216,-0.00031459787109345655,0.014181938796894498,0.014884663171997251
2022-03,garch_t,23,0.043478260869565216,0.043478260869565216,-0.00031459787109345655,0.022113833177643233,0.023235688774127048
2022-03,mahalanobis_knn,23,0.043478260869565216,0.0,-0.00031459787109345655,0.015217079513079587,0.016008211561158583
2022-03,random_knn,23,0.043478260869565216,0.0,-0.00031459787109345655,0.017626125510016934,0.02019298442006725
2022-03,regime_hs,46,0.0,0.0,-0.00031459787109345655,0.028439125862869095,0.02956498694759862
2022-03,rolling_hs,69,0.014492753623188406,0.014492753623188406,-0.00031459787109345655,0.018374288370514205,0.02006591157216374
2022-03,topology_knn,23,0.043478260869565216,0.043478260869565216,-0.00031459787109345655,0.015335804938347164,0.01636883955354578
2022-03,topology_placebo_knn,23,0.043478260869565216,0.043478260869565216,-0.00031459787109345655,0.01772517945369467,0.019342634272146542
2022-03,window_euclidean_knn,46,0.043478260869565216,0.043478260869565216,-0.00031459787109345655,0.012917947044173251,0.013208953837029283
2022-04,dtw_window,40,0.1,0.1,0.003536171289685885,0.01401550260006788,0.014954324405331575
2022-04,euclidean_knn,20,0.1,0.1,0.003536171289685885,0.015009106172299285,0.015557283670878
2022-04,fhs_ewma,40,0.025,0.0,0.003536171289685885,0.02205789143019161,0.023556489271599937
2022-04,fpca_window,40,0.075,0.075,0.003536171289685885,0.014468478698790397,0.015596198340278497
2022-04,garch_t,20,0.0,0.0,0.003536171289685885,0.02067226994973659,0.02170687306072503
2022-04,mahalanobis_knn,20,0.1,0.1,0.003536171289685885,0.015305204794458325,0.016003325148175755
2022-04,random_knn,20,0.05,0.05,0.003536171289685885,0.017898198053061608,0.020408037762632163
2022-04,regime_hs,40,0.025,0.0,0.003536171289685885,0.028418785189098277,0.029570748315908703
2022-04,rolling_hs,60,0.08333333333333333,0.06666666666666667,0.003536171289685885,0.017023063568497344,0.019026559149152952
2022-04,topology_knn,20,0.15,0.15,0.003536171289685885,0.013766221448929944,0.014014373682189624
2022-04,topology_placebo_knn,20,0.05,0.05,0.003536171289685885,0.017130702553950487,0.019230287641733065
2022-04,window_euclidean_knn,40,0.2,0.175,0.003536171289685885,0.013407267259082822,0.013825700250117975
2022-05,dtw_window,42,0.09523809523809523,0.09523809523809523,-0.00030067135846883813,0.01733578059127699,0.019153906626789813
2022-05,euclidean_knn,21,0.09523809523809523,0.09523809523809523,-0.00030067135846883813,0.019534386976516487,0.02013564649106981
2022-05,fhs_ewma,42,0.0,0.0,-0.00030067135846883813,0.029810931262930166,0.031866782073417387
2022-05,fpca_window,42,0.14285714285714285,0.09523809523809523,-0.00030067135846883813,0.015231881298910696,0.016649032026265633
2022-05,garch_t,21,0.0,0.0,-0.00030067135846883813,0.03145372763422485,0.032826273578396424
2022-05,mahalanobis_knn,21,0.14285714285714285,0.09523809523809523,-0.00030067135846883813,0.01657063347909757,0.017755194385207784
2022-05,random_knn,21,0.14285714285714285,0.09523809523809523,-0.00030067135846883813,0.017777535389110977,0.020094497705698926
2022-05,regime_hs,42,0.023809523809523808,0.0,-0.00030067135846883813,0.02862638290328644,0.02961878622910443
2022-05,rolling_hs,63,0.09523809523809523,0.07936507936507936,-0.0003006713584688381,0.019702475904930863,0.021136660930127317
2022-05,topology_knn,21,0.14285714285714285,0.14285714285714285,-0.00030067135846883813,0.01479439352760263,0.015379513179959982
2022-05,topology_placebo_knn,21,0.09523809523809523,0.047619047619047616,-0.00030067135846883813,0.01817174037728157,0.01961122806791299
2022-05,window_euclidean_knn,42,0.14285714285714285,0.14285714285714285,-0.00030067135846883813,0.013527248829663684,0.014084830082776984
2022-06,dtw_window,42,0.14285714285714285,0.11904761904761904,0.0025069029251594,0.01737452803627278,0.018510062834657122
2022-06,euclidean_knn,21,0.09523809523809523,0.09523809523809523,0.0025069029251594,0.018625484400886533,0.01886612256963253
2022-06,fhs_ewma,42,0.023809523809523808,0.0,0.0025069029251594,0.031840291919558256,0.03399230346796371
2022-06,fpca_window,42,0.19047619047619047,0.16666666666666666,0.0025069029251594,0.015148635524264311,0.01618454223624351
2022-06,garch_t,21,0.0,0.0,0.0025069029251594,0.03158689897401474,0.032843010909502916
2022-06,mahalanobis_knn,21,0.09523809523809523,0.09523809523809523,0.0025069029251594,0.01629721218013813,0.017311487029292718
2022-06,random_knn,21,0.09523809523809523,0.047619047619047616,0.0025069029251594,0.019065872015406347,0.021027125139778134
2022-06,regime_hs,42,0.023809523809523808,0.023809523809523808,0.0025069029251594,0.02871924501694646,0.02970387894020654
2022-06,rolling_hs,63,0.07936507936507936,0.07936507936507936,0.0025069029251594,0.021727927838682427,0.022371853083384154
2022-06,topology_knn,21,0.14285714285714285,0.14285714285714285,0.0025069029251594,0.014790698432756214,0.015751912797524786
2022-06,topology_placebo_knn,21,0.09523809523809523,0.09523809523809523,0.0025069029251594,0.01894688710636084,0.020637585353335736
2022-06,window_euclidean_knn,42,0.19047619047619047,0.19047619047619047,0.0025069029251594,0.013561332521872907,0.014039242444174557
2022-07,dtw_window,40,0.0,0.0,-0.00328160083511169,0.01648048176900465,0.017483673556810308
2022-07,euclidean_knn,20,0.0,0.0,-0.00328160083511169,0.017623087680937365,0.018163194368208974
2022-07,fhs_ewma,40,0.0,0.0,-0.00328160083511169,0.028431061977041223,0.030335794702875552
2022-07,fpca_window,40,0.0,0.0,-0.00328160083511169,0.015407546134438798,0.016816478654568055
2022-07,garch_t,20,0.0,0.0,-0.00328160083511169,0.020269350979399477,0.021051260997503148
2022-07,mahalanobis_knn,20,0.0,0.0,-0.00328160083511169,0.015517120973443845,0.01629834020199753
2022-07,random_knn,20,0.0,0.0,-0.00328160083511169,0.01961030559901141,0.0211742226486381
2022-07,regime_hs,40,0.0,0.0,-0.00328160083511169,0.028764833942324423,0.02982136185616125
2022-07,rolling_hs,60,0.0,0.0,-0.0032816008351116903,0.02256774600850757,0.023058461362538533
2022-07,topology_knn,20,0.0,0.0,-0.00328160083511169,0.015465735106341704,0.01623414749246799
2022-07,topology_placebo_knn,20,0.0,0.0,-0.00328160083511169,0.019055469409449476,0.020653048340724244
2022-07,window_euclidean_knn,40,0.0,0.0,-0.00328160083511169,0.012904831745855374,0.013128196311928946
2022-08,dtw_window,46,0.06521739130434782,0.08695652173913043,0.0017192076329417434,0.01525858531630149,0.01576634875133029
2022-08,euclidean_knn,23,0.043478260869565216,0.043478260869565216,0.0017192076329417434,0.01542989038345752,0.016025843195747524
2022-08,fhs_ewma,46,0.0,0.0,0.0017192076329417434,0.025607973697000484,0.02731974458171601
2022-08,fpca_window,46,0.043478260869565216,0.043478260869565216,0.0017192076329417434,0.014885862189302112,0.01570588389869928
2022-08,garch_t,23,0.0,0.0,0.0017192076329417434,0.02149002846184783,0.022397684069980207
2022-08,mahalanobis_knn,23,0.043478260869565216,0.043478260869565216,0.0017192076329417434,0.014774840771889812,0.015619906369854586
2022-08,random_knn,23,0.0,0.0,0.0017192076329417434,0.01875524977629619,0.02063518383851264
2022-08,regime_hs,46,0.0,0.0,0.0017192076329417434,0.028737409549317864,0.029823898861828436
2022-08,rolling_hs,69,0.014492753623188406,0.014492753623188406,0.0017192076329417434,0.02257805589849871,0.023100075724506643
2022-08,topology_knn,23,0.043478260869565216,0.043478260869565216,0.0017192076329417434,0.014934782220038786,0.016039736453099245
2022-08,topology_placebo_knn,23,0.043478260869565216,0.0,0.0017192076329417434,0.0184967884597315,0.02026987423452454
2022-08,window_euclidean_knn,46,0.08695652173913043,0.08695652173913043,0.0017192076329417434,0.013149098022945994,0.013380514776016735
2022-09,dtw_window,42,0.047619047619047616,0.047619047619047616,0.003609561660095981,0.01554593349568996,0.017042165362748534
2022-09,euclidean_knn,21,0.047619047619047616,0.047619047619047616,0.003609561660095981,0.02009830627217888,0.019431450879949425
2022-09,fhs_ewma,42,0.047619047619047616,0.047619047619047616,0.003609561660095981,0.02707881741049057,0.028875624887620126
2022-09,fpca_window,42,0.07142857142857142,0.047619047619047616,0.003609561660095981,0.014687870577752988,0.015314228375786313
2022-09,garch_t,21,0.047619047619047616,0.047619047619047616,0.003609561660095981,0.02655780031287545,0.027623286732754382
2022-09,mahalanobis_knn,21,0.047619047619047616,0.047619047619047616,0.003609561660095981,0.01798306734851868,0.01874725388359897
2022-09,random_knn,21,0.047619047619047616,0.047619047619047616,0.003609561660095981,0.018074560136666456,0.020114501051560634
2022-09,regime_hs,42,0.023809523809523808,0.023809523809523808,0.003609561660095981,0.028753455218110496,0.029887883004418976
2022-09,rolling_hs,63,0.047619047619047616,0.047619047619047616,0.0036095616600959808,0.023312904816893874,0.023865309099317725
2022-09,topology_knn,21,0.047619047619047616,0.047619047619047616,0.003609561660095981,0.015587743848661819,0.016862053237531982
2022-09,topology_placebo_knn,21,0.047619047619047616,0.047619047619047616,0.003609561660095981,0.01939520065067723,0.02085059868658289
2022-09,window_euclidean_knn,42,0.09523809523809523,0.09523809523809523,0.003609561660095981,0.01389834732378872,0.014274479180003593
2022-10,dtw_window,42,0.047619047619047616,0.0,-0.0020536573434691433,0.0173973902031823,0.018889999591269562
2022-10,euclidean_knn,21,0.0,0.0,-0.0020536573434691433,0.020446056120228102,0.020204296292195605
2022-10,fhs_ewma,42,0.0,0.0,-0.0020536573434691433,0.03205477956911638,0.03411867379331098
2022-10,fpca_window,42,0.09523809523809523,0.09523809523809523,-0.0020536573434691433,0.014587285984206111,0.015402511799983394
2022-10,garch_t,21,0.0,0.0,-0.0020536573434691433,0.031235185578047556,0.03239345085934522
2022-10,mahalanobis_knn,21,0.0,0.0,-0.0020536573434691433,0.018280841179305868,0.01862296269676285
2022-10,random_knn,21,0.0,0.0,-0.0020536573434691433,0.01997322930540346,0.021792880826492275
2022-10,regime_hs,42,0.0,0.0,-0.0020536573434691433,0.02876721433994072,0.029955105924264456
2022-10,rolling_hs,63,0.0,0.0,-0.0020536573434691433,0.023722822551327235,0.024224047957918403
2022-10,topology_knn,21,0.047619047619047616,0.047619047619047616,-0.0020536573434691433,0.01670841585614987,0.017787911152696442
2022-10,topology_placebo_knn,21,0.0,0.0,-0.0020536573434691433,0.018557862102867438,0.020378864335154716
2022-10,window_euclidean_knn,42,0.09523809523809523,0.09523809523809523,-0.0020536573434691433,0.013316726110364866,0.013524174439653643
2022-11,dtw_window,42,0.0,0.0,-0.002319474366124938,0.01658739769403323,0.017933067407544453
2022-11,euclidean_knn,21,0.0,0.0,-0.0023194743661249383,0.01783320711311381,0.01821174351334539
2022-11,fhs_ewma,42,0.0,0.0,-0.002319474366124938,0.032385323048542435,0.03449563922567022
2022-11,fpca_window,42,0.023809523809523808,0.023809523809523808,-0.002319474366124938,0.015069461412917021,0.01609259544135562
2022-11,garch_t,21,0.0,0.0,-0.0023194743661249383,0.02861294816121049,0.02962941150510879
2022-11,mahalanobis_knn,21,0.047619047619047616,0.0,-0.0023194743661249383,0.015006604213627019,0.01578689497652449
2022-11,random_knn,21,0.0,0.0,-0.0023194743661249383,0.018285416113009847,0.02050682545842507
2022-11,regime_hs,42,0.0,0.0,-0.002319474366124938,0.028749215427445976,0.029958355718822098
2022-11,rolling_hs,63,0.0,0.0,-0.0023194743661249383,0.023722822551327235,0.024159376404524695
2022-11,topology_knn,21,0.0,0.0,-0.0023194743661249383,0.015996762027314704,0.018112659919820754
2022-11,topology_placebo_knn,21,0.0,0.0,-0.0023194743661249383,0.018930235905647828,0.020674141931438763
2022-11,window_euclidean_knn,42,0.047619047619047616,0.047619047619047616,-0.002319474366124938,0.0128735926990768,0.013286618388834479
2022-12,dtw_window,42,0.0,0.0,0.001934752719853657,0.01590773161784438,0.01712929146190141
2022-12,euclidean_knn,21,0.047619047619047616,0.0,0.001934752719853657,0.017387848503542785,0.018057187890543114
2022-12,fhs_ewma,42,0.0,0.0,0.001934752719853657,0.029243512234534204,0.03111956805360568
2022-12,fpca_window,42,0.023809523809523808,0.0,0.001934752719853657,0.014663584853283455,0.015389955211144621
2022-12,garch_t,21,0.0,0.0,0.001934752719853657,0.022868716099799274,0.0237676976084725
2022-12,mahalanobis_knn,21,0.047619047619047616,0.047619047619047616,0.001934752719853657,0.01564750854365787,0.016350359944060235
2022-12,random_knn,21,0.0,0.0,0.001934752719853657,0.019321392717134924,0.020971710499084938
2022-12,regime_hs,42,0.0,0.0,0.001934752719853657,0.02873124321905166,0.029958355718822098
2022-12,rolling_hs,63,0.0,0.0,0.0019347527198536572,0.023722822551327235,0.024146372290874067
2022-12,topology_knn,21,0.0,0.0,0.001934752719853657,0.015885919090753525,0.01797129778286887
2022-12,topology_placebo_knn,21,0.0,0.0,0.001934752719853657,0.01901824633422172,0.02066784743423346
2022-12,window_euclidean_knn,42,0.07142857142857142,0.07142857142857142,0.001934752719853657,0.013354724009764734,0.013737629524079602
2023-01,dtw_window,40,0.0,0.0,-0.0025753800340210147,0.014912981937961995,0.015803855111923604
2023-01,euclidean_knn,20,0.0,0.0,-0.0025753800340210147,0.015229746421539288,0.015521052387949255
2023-01,fhs_ewma,40,0.0,0.0,-0.0025753800340210147,0.024895446566745638,0.026519446920832468
2023-01,fpca_window,40,0.0,0.0,-0.0025753800340210147,0.014840043440274567,0.01571755804211024
2023-01,garch_t,20,0.0,0.0,-0.0025753800340210147,0.018105302120800665,0.018838861261203953
2023-01,mahalanobis_knn,20,0.0,0.0,-0.0025753800340210147,0.014388468053179221,0.01484851022159639
2023-01,random_knn,20,0.0,0.0,-0.0025753800340210147,0.01831787242512252,0.020636149139950117
2023-01,regime_hs,40,0.0,0.0,-0.0025753800340210147,0.02780976141191103,0.02883257206913799
2023-01,rolling_hs,60,0.0,0.0,-0.002575380034021015,0.023722822551327235,0.024146372290874067
2023-01,topology_knn,20,0.0,0.0,-0.0025753800340210147,0.01598157710634861,0.01808315547842463
2023-01,topology_placebo_knn,20,0.0,0.0,-0.0025753800340210147,0.019089443851938896,0.021225622247206016
2023-01,window_euclidean_knn,40,0.0,0.0,-0.0025753800340210147,0.012876901253744678,0.013106606537031875
2023-02,dtw_window,38,0.05263157894736842,0.05263157894736842,0.0014705785640437789,0.0140024274182774,0.01411774394712883
2023-02,euclidean_knn,19,0.05263157894736842,0.05263157894736842,0.001470578564043779,0.015347146363785421,0.01612534168643008
2023-02,fhs_ewma,38,0.0,0.0,0.0014705785640437789,0.022340434242547537,0.023783062479040024
2023-02,fpca_window,38,0.05263157894736842,0.05263157894736842,0.0014705785640437789,0.014876847615782621,0.015759956431202527
2023-02,garch_t,19,0.05263157894736842,0.05263157894736842,0.001470578564043779,0.018535918840120347,0.019250469675265048
2023-02,mahalanobis_knn,19,0.05263157894736842,0.0,0.001470578564043779,0.01573052199076259,0.01685096097808392
2023-02,random_knn,19,0.0,0.0,0.001470578564043779,0.019648063307997135,0.021918899437010187
2023-02,regime_hs,38,0.02631578947368421,0.02631578947368421,0.0014705785640437789,0.024892772334632187,0.025947981416112462
2023-02,rolling_hs,57,0.0,0.0,0.0014705785640437789,0.023722822551327235,0.02412346533696834
2023-02,topology_knn,19,0.05263157894736842,0.0,0.001470578564043779,0.01569251305355181,0.017625807592474226
2023-02,topology_placebo_knn,19,0.0,0.0,0.001470578564043779,0.018600409041310804,0.020333579639995568
2023-02,window_euclidean_knn,38,0.05263157894736842,0.05263157894736842,0.0014705785640437789,0.01326320271521323,0.013545382903364031
2023-03,dtw_window,46,0.0,0.0,-0.001637932831718965,0.01386500897900629,0.013841923397988532
2023-03,euclidean_knn,23,0.0,0.0,-0.001637932831718965,0.0161460360178094,0.017005189796634602
2023-03,fhs_ewma,46,0.0,0.0,-0.001637932831718965,0.01969571046451717,0.02099127686883573
2023-03,fpca_window,46,0.0,0.0,-0.001637932831718965,0.014777580144174221,0.015418488772864346
2023-03,garch_t,23,0.0,0.0,-0.001637932831718965,0.014826250401187813,0.015357311471691256
2023-03,mahalanobis_knn,23,0.0,0.0,-0.001637932831718965,0.015543695850620308,0.016268253580167372
2023-03,random_knn,23,0.0,0.0,-0.001637932831718965,0.019033835699827747,0.020799795548284605
2023-03,regime_hs,46,0.0,0.0,-0.001637932831718965,0.02279258943880533,0.023871405108517464
2023-03,rolling_hs,69,0.0,0.0,-0.001637932831718965,0.02372282255132723,0.024059325866032297
2023-03,topology_knn,23,0.0,0.0,-0.001637932831718965,0.015058706836579701,0.01727325243650571
2023-03,topology_placebo_knn,23,0.0,0.0,-0.001637932831718965,0.01843680894699951,0.019814841387261122
2023-03,window_euclidean_knn,46,0.0,0.0,-0.001637932831718965,0.012922412878929557,0.01325921024542671
2023-04,dtw_window,38,0.0,0.0,-0.0006935911999892745,0.011478041170524674,0.011571364914314639
2023-04,euclidean_knn,19,0.0,0.0,-0.0006935911999892745,0.013014764032229552,0.013080721303504827
2023-04,fhs_ewma,38,0.0,0.0,-0.0006935911999892745,0.015920249518208047,0.016948502826439952
2023-04,fpca_window,38,0.0,0.0,-0.0006935911999892745,0.014482744797554518,0.015055131140490466
2023-04,garch_t,19,0.0,0.0,-0.0006935911999892745,0.01061520985110414,0.010984860817413358
2023-04,mahalanobis_knn,19,0.0,0.0,-0.0006935911999892745,0.013725313858567909,0.014095043887570862
2023-04,random_knn,19,0.0,0.0,-0.0006935911999892745,0.018557643216791955,0.020510635547685386
2023-04,regime_hs,38,0.0,0.0,-0.0006935911999892745,0.011944535150890938,0.012454951909560816
2023-04,rolling_hs,57,0.0,0.0,-0.0006935911999892745,0.023722822551327235,0.0240593258660323
2023-04,topology_knn,19,0.0,0.0,-0.0006935911999892745,0.01488434739043421,0.016706789884353153
2023-04,topology_placebo_knn,19,0.0,0.0,-0.0006935911999892745,0.01893857898861357,0.02088281645716586
2023-04,window_euclidean_knn,38,0.0,0.0,-0.0006935911999892745,0.0124728598000202,0.012839202031521389
2023-05,dtw_window,44,0.0,0.0,0.00011260943263218642,0.011491232004752255,0.011539382505107977
2023-05,euclidean_knn,22,0.0,0.0,0.00011260943263218644,0.014676585758165222,0.014769957281161513
2023-05,fhs_ewma,44,0.0,0.0,0.00011260943263218642,0.014479817337907876,0.015419019123214276
2023-05,fpca_window,44,0.0,0.0,0.00011260943263218642,0.014209330753391881,0.014560272899689204
2023-05,garch_t,22,0.0,0.0,0.00011260943263218644,0.012222990689019681,0.012650416702517637
2023-05,mahalanobis_knn,22,0.0,0.0,0.00011260943263218644,0.01567648937134654,0.016295913616822727
2023-05,random_knn,22,0.0,0.0,0.00011260943263218644,0.01832549891456016,0.02074404892243947
2023-05,regime_hs,44,0.0,0.0,0.00011260943263218642,0.01382628118931853,0.014493380245301807
2023-05,rolling_hs,66,0.0,0.0,0.00011260943263218643,0.022643360901809507,0.023381137686115255
2023-05,topology_knn,22,0.0,0.0,0.00011260943263218644,0.015224416642018663,0.01727631219321006
2023-05,topology_placebo_knn,22,0.0,0.0,0.00011260943263218644,0.019011290463894392,0.02072493148031865
2023-05,window_euclidean_knn,44,0.0,0.0,0.00011260943263218642,0.013201247306979825,0.01341216572260398
2023-06,dtw_window,42,0.0,0.0,-0.0015734283511326021,0.01107666339437514,0.011225035315898298
2023-06,euclidean_knn,21,0.0,0.0,-0.0015734283511326021,0.013447935000531838,0.013708325122967787
2023-06,fhs_ewma,42,0.0,0.0,-0.0015734283511326021,0.013582778199156341,0.014449179420262878
2023-06,fpca_window,42,0.0,0.0,-0.0015734283511326021,0.013997644092946434,0.014285168599953638
2023-06,garch_t,21,0.0,0.0,-0.0015734283511326021,0.0113618131247398,0.011768938445797872
2023-06,mahalanobis_knn,21,0.0,0.0,-0.0015734283511326021,0.013730979764385299,0.014150262154864595
2023-06,random_knn,21,0.0,0.0,-0.0015734283511326021,0.019272213375324386,0.021132205635056307
2023-06,regime_hs,42,0.0,0.0,-0.0015734283511326021,0.012126541173505636,0.0127046647231948
2023-06,rolling_hs,63,0.0,0.0,-0.0015734283511326021,0.021745330171609574,0.02252850729361486
2023-06,topology_knn,21,0.0,0.0,-0.0015734283511326021,0.016122378650922548,0.018340218377410906
2023-06,topology_placebo_knn,21,0.0,0.0,-0.0015734283511326021,0.01846772883787045,0.0201311447512991
2023-06,window_euclidean_knn,42,0.0,0.0,-0.0015734283511326021,0.012428877736429679,0.01275702599974439
2023-07,dtw_window,40,0.0,0.0,-0.00084911274078981,0.011405843352689179,0.011741531575715659
2023-07,euclidean_knn,20,0.0,0.0,-0.0008491127407898099,0.012764152775465009,0.012986543715041234
2023-07,fhs_ewma,40,0.0,0.0,-0.00084911274078981,0.013366699704030541,0.014221241044106514
2023-07,fpca_window,40,0.0,0.0,-0.00084911274078981,0.014002018705408004,0.014213463975857838
2023-07,garch_t,20,0.0,0.0,-0.0008491127407898099,0.01194954524491541,0.01231568093340675
2023-07,mahalanobis_knn,20,0.0,0.0,-0.0008491127407898099,0.01278339327148778,0.01293385843110742
2023-07,random_knn,20,0.0,0.0,-0.0008491127407898099,0.01808399151944345,0.01956722495810419
2023-07,regime_hs,40,0.0,0.0,-0.00084911274078981,0.01418767564378277,0.01492118078126152
2023-07,rolling_hs,60,0.0,0.0,-0.00084911274078981,0.021302888321927966,0.022125943598903634
2023-07,topology_knn,20,0.0,0.0,-0.0008491127407898099,0.016334561324492673,0.01755033480491337
2023-07,topology_placebo_knn,20,0.0,0.0,-0.0008491127407898099,0.020077594569651445,0.021846843121706337
2023-07,window_euclidean_knn,40,0.0,0.0,-0.00084911274078981,0.012912804432223063,0.01309058465030236
2023-08,dtw_window,46,0.0,0.0,0.0005325140441040853,0.012247905361022004,0.012535110673239905
2023-08,euclidean_knn,23,0.0,0.0,0.0005325140441040852,0.014371810200855496,0.014460903996502739
2023-08,fhs_ewma,46,0.0,0.0,0.0005325140441040853,0.013771017892245899,0.014640213237288528
2023-08,fpca_window,46,0.0,0.0,0.0005325140441040853,0.01405077585303021,0.014384917240309894
2023-08,garch_t,23,0.0,0.0,0.0005325140441040852,0.013428524951553066,0.013845388770214757
2023-08,mahalanobis_knn,23,0.0,0.0,0.0005325140441040852,0.01340602088345347,0.013641674911838942
2023-08,random_knn,23,0.0,0.0,0.0005325140441040852,0.01894938261947003,0.021202326160764846
2023-08,regime_hs,46,0.0,0.0,0.0005325140441040853,0.015651367003672548,0.016484715882137936
2023-08,rolling_hs,69,0.0,0.0,0.0005325140441040854,0.02122091624611693,0.02207306715068845
2023-08,topology_knn,23,0.0,0.0,0.0005325140441040852,0.0153872990508313,0.015601080355411665
2023-08,topology_placebo_knn,23,0.0,0.0,0.0005325140441040852,0.018506239697323387,0.020271160023744805
2023-08,window_euclidean_knn,46,0.0,0.0,0.0005325140441040853,0.013436530537020312,0.013598181353040915
2023-09,dtw_window,40,0.0,0.0,0.0020775968332422848,0.012673913167555501,0.012977331636238135
2023-09,euclidean_knn,20,0.0,0.0,0.0020775968332422848,0.01379461443153569,0.014131776908127011
2023-09,fhs_ewma,40,0.0,0.0,0.0020775968332422848,0.014341323826156768,0.015262816212023217
2023-09,fpca_window,40,0.025,0.0,0.0020775968332422848,0.01403685610610969,0.014504524609549452
2023-09,garch_t,20,0.05,0.05,0.0020775968332422848,0.0134551537347466,0.013888666421802833
2023-09,mahalanobis_knn,20,0.05,0.05,0.0020775968332422848,0.01325864906951692,0.013443142573799393
2023-09,random_knn,20,0.0,0.0,0.0020775968332422848,0.018628149760668546,0.020071468352251376
2023-09,regime_hs,40,0.0,0.0,0.0020775968332422848,0.018363023007805797,0.0193746591473948
2023-09,rolling_hs,60,0.0,0.0,0.0020775968332422848,0.020759852258681825,0.021371275773149245
2023-09,topology_knn,20,0.0,0.0,0.0020775968332422848,0.015541275148247269,0.015943807117059394
2023-09,topology_placebo_knn,20,0.0,0.0,0.0020775968332422848,0.01922093431260639,0.0205616366900894
2023-09,window_euclidean_knn,40,0.025,0.025,0.0020775968332422848,0.013100338478064428,0.013353132760293818
2023-10,dtw_window,44,0.0,0.0,0.0009214655189885727,0.013015300099783687,0.013479713414392651
2023-10,euclidean_knn,22,0.0,0.0,0.0009214655189885728,0.01575179675312432,0.016041203429209318
2023-10,fhs_ewma,44,0.0,0.0,0.0009214655189885727,0.015524495602512935,0.016547384909985346
2023-10,fpca_window,44,0.0,0.0,0.0009214655189885727,0.013899554210095694,0.014408834503692035
2023-10,garch_t,22,0.0,0.0,0.0009214655189885728,0.015631546772729585,0.01611984908259848
2023-10,mahalanobis_knn,22,0.0,0.0,0.0009214655189885728,0.014623778790671022,0.015048473477031636
2023-10,random_knn,22,0.0,0.0,0.0009214655189885728,0.018726728974546723,0.020648838999558536
2023-10,regime_hs,44,0.045454545454545456,0.045454545454545456,0.0009214655189885727,0.018429970042919647,0.019455379489505837
2023-10,rolling_hs,66,0.0,0.0,0.0009214655189885727,0.020419223342853232,0.020673915154630816
2023-10,topology_knn,22,0.0,0.0,0.0009214655189885728,0.015436720929893398,0.016929165996451414
2023-10,topology_placebo_knn,22,0.0,0.0,0.0009214655189885728,0.01906644246543665,0.020311956617611194
2023-10,window_euclidean_knn,44,0.022727272727272728,0.022727272727272728,0.0009214655189885727,0.01318659979028955,0.013571275533413385
2023-11,dtw_window,42,0.0,0.0,-0.003373772747634357,0.012110762132237388,0.012060216464799479
2023-11,euclidean_knn,21,0.0,0.0,-0.003373772747634357,0.013889770967219177,0.014296354942586404
2023-11,fhs_ewma,42,0.0,0.0,-0.003373772747634357,0.018092136011813295,0.019301417274277016
2023-11,fpca_window,42,0.0,0.0,-0.003373772747634357,0.01408260959053966,0.014629596297610181
2023-11,garch_t,21,0.0,0.0,-0.003373772747634357,0.017072677784461185,0.017624772389516048
2023-11,mahalanobis_knn,21,0.0,0.0,-0.003373772747634357,0.013041189118154495,0.013159046060396256
2023-11,random_knn,21,0.0,0.0,-0.003373772747634357,0.019022978003322866,0.020727445251377968
2023-11,regime_hs,42,0.0,0.0,-0.003373772747634357,0.02541488949039497,0.026424820875682868
2023-11,rolling_hs,63,0.0,0.0,-0.0033737727476343573,0.019930214346501243,0.020305688384604798
2023-11,topology_knn,21,0.0,0.0,-0.003373772747634357,0.01555925973735892,0.017286696577198328
2023-11,topology_placebo_knn,21,0.0,0.0,-0.003373772747634357,0.018906138793486214,0.02070373592734592
2023-11,window_euclidean_knn,42,0.0,0.0,-0.003373772747634357,0.012521215121433428,0.012762110995065658
2023-12,dtw_window,40,0.0,0.0,-0.002097822019698305,0.01153987407043194,0.011641917381663192
2023-12,euclidean_knn,20,0.0,0.0,-0.002097822019698305,0.012289621469849745,0.01233445167657744
2023-12,fhs_ewma,40,0.0,0.0,-0.002097822019698305,0.015682109770579815,0.016737639983464662
2023-12,fpca_window,40,0.0,0.0,-0.002097822019698305,0.014212928250012715,0.014696354968797343
2023-12,garch_t,20,0.0,0.0,-0.002097822019698305,0.011882785158025726,0.012272690274845795
2023-12,mahalanobis_knn,20,0.0,0.0,-0.002097822019698305,0.01229744020385915,0.01215156501077585
2023-12,random_knn,20,0.0,0.0,-0.002097822019698305,0.018950448103082322,0.020962706613060426
2023-12,regime_hs,40,0.0,0.0,-0.002097822019698305,0.013225393318526407,0.013783711731136803
2023-12,rolling_hs,60,0.0,0.0,-0.002097822019698305,0.019518160578202333,0.019979547757704188
2023-12,topology_knn,20,0.0,0.0,-0.002097822019698305,0.015926504851989175,0.017918707203611266
2023-12,topology_placebo_knn,20,0.0,0.0,-0.002097822019698305,0.0192709479396537,0.02077630177550726
2023-12,window_euclidean_knn,40,0.0,0.0,-0.002097822019698305,0.012354488482449695,0.012722505795053265
2024-01,dtw_window,42,0.0,0.0,-0.0004829621109280189,0.011462227417714873,0.011489291998684606
2024-01,euclidean_knn,21,0.0,0.0,-0.0004829621109280188,0.0117156801013664,0.011495667081773586
2024-01,fhs_ewma,42,0.0,0.0,-0.0004829621109280189,0.013839479008224269,0.014774838359129936
2024-01,fpca_window,42,0.0,0.0,-0.0004829621109280189,0.013888745999207839,0.01427409921046416
2024-01,garch_t,21,0.0,0.0,-0.0004829621109280188,0.011395091592770953,0.011749688081738324
2024-01,mahalanobis_knn,21,0.0,0.0,-0.0004829621109280188,0.01244329338477877,0.012089935180288567
2024-01,random_knn,21,0.0,0.0,-0.0004829621109280188,0.018793377583585485,0.020633668226652323
2024-01,regime_hs,42,0.0,0.0,-0.0004829621109280189,0.012611408690501535,0.0130992812077613
2024-01,rolling_hs,63,0.0,0.0,-0.0004829621109280189,0.01935931062735637,0.019858329065907766
2024-01,topology_knn,21,0.0,0.0,-0.0004829621109280188,0.016014345004533356,0.017180479678333672
2024-01,topology_placebo_knn,21,0.0,0.0,-0.0004829621109280188,0.018642077765121157,0.019750194962590357
2024-01,window_euclidean_knn,42,0.0,0.0,-0.0004829621109280189,0.013189625851406497,0.013276560274623105
2024-02,dtw_window,40,0.05,0.05,-0.00112945950722687,0.01157887457937121,0.011731921458577628
2024-02,euclidean_knn,20,0.05,0.05,-0.00112945950722687,0.012322619860262871,0.01224011273514818
2024-02,fhs_ewma,40,0.025,0.0,-0.00112945950722687,0.01449113946177107,0.015472332966598537
2024-02,fpca_window,40,0.0,0.0,-0.00112945950722687,0.01410928571688439,0.014567157038021642
2024-02,garch_t,20,0.05,0.05,-0.00112945950722687,0.013919700348285685,0.014357102746699015
2024-02,mahalanobis_knn,20,0.05,0.05,-0.00112945950722687,0.011362966376771295,0.011265458243278124
2024-02,random_knn,20,0.0,0.0,-0.00112945950722687,0.017876137061237286,0.019735184475951625
2024-02,regime_hs,40,0.05,0.05,-0.00112945950722687,0.015978047714945272,0.016765733775282187
2024-02,rolling_hs,60,0.016666666666666666,0.016666666666666666,-0.00112945950722687,0.019261011949922913,0.019697546617997917
2024-02,topology_knn,20,0.0,0.0,-0.00112945950722687,0.014679863478909155,0.015420505072165686
2024-02,topology_placebo_knn,20,0.0,0.0,-0.00112945950722687,0.018423938640901007,0.01962085111332739
2024-02,window_euclidean_knn,40,0.025,0.025,-0.00112945950722687,0.012836026326684393,0.013124625751311519
2024-03,dtw_window,40,0.0,0.0,-0.0011251195647560349,0.011015613789463174,0.011221690778406715
2024-03,euclidean_knn,20,0.0,0.0,-0.0011251195647560349,0.01191662644594857,0.012069836348236706
2024-03,fhs_ewma,40,0.0,0.0,-0.0011251195647560349,0.013622941372784489,0.014535958007602373
2024-03,fpca_window,40,0.0,0.0,-0.0011251195647560349,0.013743581571432004,0.014215039796317367
2024-03,garch_t,20,0.0,0.0,-0.0011251195647560349,0.01134038083594408,0.01168127934129693
2024-03,mahalanobis_knn,20,0.0,0.0,-0.0011251195647560349,0.011750564587444926,0.01162164984871142
2024-03,random_knn,20,0.0,0.0,-0.0011251195647560349,0.019151709113195275,0.020836891559652508
2024-03,regime_hs,40,0.0,0.0,-0.0011251195647560349,0.014095735193947393,0.014749320121109901
2024-03,rolling_hs,60,0.0,0.0,-0.001125119564756035,0.01778619170979408,0.017653486409146258
2024-03,topology_knn,20,0.0,0.0,-0.0011251195647560349,0.014987998956215696,0.01578939016771072
2024-03,topology_placebo_knn,20,0.0,0.0,-0.0011251195647560349,0.018220509083142895,0.019941978925167914
2024-03,window_euclidean_knn,40,0.0,0.0,-0.0011251195647560349,0.01247793952357377,0.012905695983657988
2024-04,dtw_window,44,0.022727272727272728,0.0,0.001674790621775741,0.012355634245882596,0.012638928267864757
2024-04,euclidean_knn,22,0.0,0.045454545454545456,0.001674790621775741,0.01353598811035875,0.013918268914774273
2024-04,fhs_ewma,44,0.022727272727272728,0.0,0.001674790621775741,0.013339534150059052,0.01423586666787706
2024-04,fpca_window,44,0.0,0.0,0.001674790621775741,0.01375945487716599,0.014175979710798571
2024-04,garch_t,22,0.045454545454545456,0.045454545454545456,0.001674790621775741,0.013063503314699604,0.013475999819027118
2024-04,mahalanobis_knn,22,0.0,0.0,0.001674790621775741,0.012822181156781581,0.01279018105123936
2024-04,random_knn,22,0.0,0.0,0.001674790621775741,0.018995281324969242,0.020953753267889154
2024-04,regime_hs,44,0.045454545454545456,0.045454545454545456,0.001674790621775741,0.014142334664141465,0.014755518321923893
2024-04,rolling_hs,66,0.0,0.015151515151515152,0.001674790621775741,0.017603954155895673,0.017295993434824835
2024-04,topology_knn,22,0.0,0.0,0.001674790621775741,0.015070161833780876,0.01650387887073723
2024-04,topology_placebo_knn,22,0.0,0.0,0.001674790621775741,0.019023116532109783,0.020364842385096917
2024-04,window_euclidean_knn,44,0.0,0.0,0.001674790621775741,0.013333608890643722,0.013538938385369176
2024-05,dtw_window,44,0.0,0.0,-0.0016846249501390209,0.012197378854403145,0.012127501258156353
2024-05,euclidean_knn,22,0.0,0.0,-0.0016846249501390209,0.012145152765881606,0.012324304307440186
2024-05,fhs_ewma,44,0.0,0.0,-0.0016846249501390209,0.014592919068397847,0.015565867371557202
2024-05,fpca_window,44,0.0,0.0,-0.0016846249501390209,0.013697102983779637,0.013963551528618808
2024-05,garch_t,22,0.0,0.0,-0.0016846249501390209,0.0133070881053739,0.013727879511844237
2024-05,mahalanobis_knn,22,0.0,0.0,-0.0016846249501390209,0.011321088669092445,0.011453764554471451
2024-05,random_knn,22,0.0,0.0,-0.0016846249501390209,0.019168355114432087,0.020799008365440477
2024-05,regime_hs,44,0.0,0.0,-0.0016846249501390209,0.01834204465817121,0.01929211249061759
2024-05,rolling_hs,66,0.0,0.0,-0.0016846249501390209,0.016575746676780648,0.01678258092734903
2024-05,topology_knn,22,0.0,0.0,-0.0016846249501390209,0.015444734046075036,0.017202396772820563
2024-05,topology_placebo_knn,22,0.0,0.0,-0.0016846249501390209,0.018362226445148462,0.020081710851392574
2024-05,window_euclidean_knn,44,0.0,0.0,-0.0016846249501390209,0.01243078132886391,0.012902128826645454
2024-06,dtw_window,38,0.0,0.0,-0.0013596699575421894,0.011268181218615355,0.011446849854339542
2024-06,euclidean_knn,19,0.0,0.0,-0.0013596699575421894,0.011624195435082689,0.011509185863485106
2024-06,fhs_ewma,38,0.0,0.0,-0.0013596699575421894,0.013079395928590379,0.013945086768247949
2024-06,fpca_window,38,0.0,0.0,-0.0013596699575421894,0.013601566851066851,0.013970772137398873
2024-06,garch_t,19,0.0,0.0,-0.0013596699575421894,0.010923558189812648,0.011237556591087484
2024-06,mahalanobis_knn,19,0.0,0.0,-0.0013596699575421894,0.012193326462719836,0.011803053078779168
2024-06,random_knn,19,0.0,0.0,-0.0013596699575421894,0.019881867723250894,0.021398512506619925
2024-06,regime_hs,38,0.0,0.0,-0.0013596699575421894,0.010457545882073547,0.010661473971395134
2024-06,rolling_hs,57,0.0,0.0,-0.0013596699575421896,0.01578999695695386,0.01588321685033588
2024-06,topology_knn,19,0.0,0.0,-0.0013596699575421894,0.015485426068638846,0.01654400382204683
2024-06,topology_placebo_knn,19,0.0,0.0,-0.0013596699575421894,0.01807856692400246,0.019839775421171168
2024-06,window_euclidean_knn,38,0.0,0.0,-0.0013596699575421894,0.01273869133260124,0.013019293015685843
2024-07,dtw_window,44,0.045454545454545456,0.045454545454545456,-0.0008741925424882272,0.01212375700169807,0.012240323652344428
2024-07,euclidean_knn,22,0.045454545454545456,0.045454545454545456,-0.0008741925424882272,0.012097838480435023,0.01209221256786164
2024-07,fhs_ewma,44,0.045454545454545456,0.045454545454545456,-0.0008741925424882272,0.012591457641465255,0.013413832018719084
2024-07,fpca_window,44,0.045454545454545456,0.045454545454545456,-0.0008741925424882272,0.01370774214549317,0.014048572964595435
2024-07,garch_t,22,0.045454545454545456,0.045454545454545456,-0.0008741925424882272,0.01223131314321067,0.01257709949624339
2024-07,mahalanobis_knn,22,0.045454545454545456,0.045454545454545456,-0.0008741925424882272,0.012246896153141418,0.011970310995778426
2024-07,random_knn,22,0.0,0.0,-0.0008741925424882272,0.01889220140604445,0.020582798625159025
2024-07,regime_hs,44,0.06818181818181818,0.06818181818181818,-0.0008741925424882272,0.011313837027980467,0.011747745665122518
2024-07,rolling_hs,66,0.015151515151515152,0.015151515151515152,-0.0008741925424882272,0.015677249559257343,0.015671505970788747
2024-07,topology_knn,22,0.0,0.0,-0.0008741925424882272,0.01593980722029539,0.017580469827290227
2024-07,topology_placebo_knn,22,0.0,0.0,-0.0008741925424882272,0.018377977998363885,0.020242208756810296
2024-07,window_euclidean_knn,44,0.0,0.022727272727272728,-0.0008741925424882272,0.013150222344332147,0.013410937663390939
2024-08,dtw_window,44,0.045454545454545456,0.045454545454545456,-0.0009197507064438909,0.013072061652377377,0.013209513000694827
2024-08,euclidean_knn,22,0.0,0.0,-0.0009197507064438907,0.015013622726971449,0.015539305601504344
2024-08,fhs_ewma,44,0.045454545454545456,0.022727272727272728,-0.0009197507064438909,0.01787201341335972,0.019017440385432755
2024-08,fpca_window,44,0.045454545454545456,0.045454545454545456,-0.0009197507064438909,0.013964057663777469,0.014370106924090997
2024-08,garch_t,22,0.0,0.0,-0.0009197507064438907,0.018043199456696246,0.018542836344532264
2024-08,mahalanobis_knn,22,0.045454545454545456,0.0,-0.0009197507064438907,0.013661561763557185,0.013850854540241014
2024-08,random_knn,22,0.045454545454545456,0.0,-0.0009197507064438907,0.018375917669191198,0.02061826393123167
2024-08,regime_hs,44,0.022727272727272728,0.022727272727272728,-0.0009197507064438909,0.026967771328913318,0.027873987197220538
2024-08,rolling_hs,66,0.030303030303030304,0.030303030303030304,-0.0009197507064438909,0.01595851733279815,0.01615977708352599
2024-08,topology_knn,22,0.045454545454545456,0.045454545454545456,-0.0009197507064438907,0.015372914379112401,0.01700219676812347
2024-08,topology_placebo_knn,22,0.0,0.0,-0.0009197507064438907,0.0189958756229807,0.02044098329279802
2024-08,window_euclidean_knn,44,0.045454545454545456,0.045454545454545456,-0.0009197507064438909,0.01278067605572462,0.013157005909897167
2024-09,dtw_window,40,0.0,0.0,-0.000921456570302835,0.01273665066648443,0.013052632339822253
2024-09,euclidean_knn,20,0.0,0.0,-0.000921456570302835,0.0133702962185298,0.013325632391572214
2024-09,fhs_ewma,40,0.0,0.0,-0.000921456570302835,0.01601795920665398,0.017028739908283623
2024-09,fpca_window,40,0.0,0.0,-0.000921456570302835,0.014134363363332073,0.014521575180505198
2024-09,garch_t,20,0.0,0.0,-0.000921456570302835,0.013022421896801556,0.013450583399369134
2024-09,mahalanobis_knn,20,0.0,0.0,-0.000921456570302835,0.01241370204935964,0.012223750109038301
2024-09,random_knn,20,0.0,0.0,-0.000921456570302835,0.018716375737688577,0.020451724632111035
2024-09,regime_hs,40,0.0,0.0,-0.000921456570302835,0.019561697561907447,0.02061200307717017
2024-09,rolling_hs,60,0.0,0.0,-0.0009214565703028351,0.015491427526836705,0.015619178822314405
2024-09,topology_knn,20,0.0,0.0,-0.000921456570302835,0.015216460681212851,0.016730879203222436
2024-09,topology_placebo_knn,20,0.0,0.0,-0.000921456570302835,0.018607521751908985,0.02053591172577285
2024-09,window_euclidean_knn,40,0.0,0.0,-0.000921456570302835,0.012886531147038499,0.01324101583427743
2024-10,dtw_window,46,0.021739130434782608,0.021739130434782608,0.0008162478287350827,0.012263317988854598,0.012378497769144861
2024-10,euclidean_knn,23,0.0,0.0,0.0008162478287350827,0.013158913126577743,0.013186060490896847
2024-10,fhs_ewma,46,0.021739130434782608,0.021739130434782608,0.0008162478287350827,0.012752424916999494,0.013570734820795122
2024-10,fpca_window,46,0.0,0.0,0.0008162478287350827,0.014195863166468467,0.014726764018007415
2024-10,garch_t,23,0.043478260869565216,0.043478260869565216,0.0008162478287350827,0.009859928354650578,0.010145912820059222
2024-10,mahalanobis_knn,23,0.0,0.0,0.0008162478287350827,0.01307874380760463,0.013172923660891522
2024-10,random_knn,23,0.0,0.0,0.0008162478287350827,0.01908853145362008,0.020850039289019396
2024-10,regime_hs,46,0.043478260869565216,0.043478260869565216,0.0008162478287350827,0.00996487164082787,0.010190538068312346
2024-10,rolling_hs,69,0.0,0.0,0.0008162478287350826,0.014886488330440368,0.014997316815553594
2024-10,topology_knn,23,0.0,0.0,0.0008162478287350827,0.014466266159444081,0.015279973309709234
2024-10,topology_placebo_knn,23,0.0,0.0,0.0008162478287350827,0.01874993096980606,0.02017542171979474
2024-10,window_euclidean_knn,46,0.021739130434782608,0.0,0.0008162478287350827,0.013183101487513749,0.013427350570949546
2024-11,dtw_window,40,0.0,0.0,-0.001963781341938593,0.012350062364870846,0.0125976969564533
2024-11,euclidean_knn,20,0.0,0.0,-0.001963781341938593,0.012716264455377217,0.01269104095560381
2024-11,fhs_ewma,40,0.0,0.0,-0.001963781341938593,0.013506738962776413,0.014353967534733576
2024-11,fpca_window,40,0.0,0.0,-0.001963781341938593,0.013846226641104686,0.01418813861284798
2024-11,garch_t,20,0.0,0.0,-0.001963781341938593,0.012950902070674519,0.013319709601213458
2024-11,mahalanobis_knn,20,0.0,0.0,-0.001963781341938593,0.011239574934177874,0.01152773474882851
2024-11,random_knn,20,0.0,0.0,-0.001963781341938593,0.018948253137152902,0.020764766982050133
2024-11,regime_hs,40,0.0,0.0,-0.001963781341938593,0.017218716264863883,0.018104337538532377
2024-11,rolling_hs,60,0.0,0.0,-0.001963781341938593,0.0141622222046446,0.014784484935570434
2024-11,topology_knn,20,0.0,0.0,-0.001963781341938593,0.014386034972025036,0.014768269113055496
2024-11,topology_placebo_knn,20,0.0,0.0,-0.001963781341938593,0.018551717970429295,0.019793173135176565
2024-11,window_euclidean_knn,40,0.0,0.0,-0.001963781341938593,0.012804948887510345,0.013161475889533472
2024-12,dtw_window,42,0.047619047619047616,0.047619047619047616,0.001104688634922319,0.012365673555069472,0.01299444033469591
2024-12,euclidean_knn,21,0.047619047619047616,0.047619047619047616,0.001104688634922319,0.013099818311504799,0.013327443017459337
2024-12,fhs_ewma,42,0.047619047619047616,0.047619047619047616,0.001104688634922319,0.01360532944550482,0.01448109876534331
2024-12,fpca_window,42,0.047619047619047616,0.047619047619047616,0.001104688634922319,0.014000473558360623,0.01430332863963892
2024-12,garch_t,21,0.047619047619047616,0.047619047619047616,0.001104688634922319,0.013151648448019707,0.013537701970374124
2024-12,mahalanobis_knn,21,0.047619047619047616,0.047619047619047616,0.001104688634922319,0.012161873740164128,0.01225353281479888
2024-12,random_knn,21,0.047619047619047616,0.047619047619047616,0.001104688634922319,0.01913273706784176,0.020741728518754592
2024-12,regime_hs,42,0.047619047619047616,0.047619047619047616,0.001104688634922319,0.01323012581196604,0.013743447865862771
2024-12,rolling_hs,63,0.047619047619047616,0.047619047619047616,0.001104688634922319,0.014397409632105305,0.014946818069851252
2024-12,topology_knn,21,0.047619047619047616,0.047619047619047616,0.001104688634922319,0.01547089640365056,0.016151608626503406
2024-12,topology_placebo_knn,21,0.047619047619047616,0.0,0.001104688634922319,0.018341586929980315,0.01988528465229942
2024-12,window_euclidean_knn,42,0.047619047619047616,0.047619047619047616,0.001104688634922319,0.012926024225350462,0.013353916117923052
2025-01,dtw_window,40,0.0,0.0,-0.000943314284413845,0.012416181256217896,0.012890618299099748
2025-01,euclidean_knn,20,0.0,0.0,-0.000943314284413845,0.013970611685625026,0.014289202748312815
2025-01,fhs_ewma,40,0.0,0.0,-0.000943314284413845,0.01645201680151307,0.017524839848772015
2025-01,fpca_window,40,0.0,0.0,-0.000943314284413845,0.014000217065056378,0.014440923090776821
2025-01,garch_t,20,0.0,0.0,-0.000943314284413845,0.015783064180122666,0.01630328917518593
2025-01,mahalanobis_knn,20,0.0,0.0,-0.000943314284413845,0.012568224974309126,0.012619815688418981
2025-01,random_knn,20,0.0,0.0,-0.000943314284413845,0.01862490252483316,0.021038621665048298
2025-01,regime_hs,40,0.0,0.0,-0.000943314284413845,0.0217386490944461,0.022754224207549596
2025-01,rolling_hs,60,0.0,0.0,-0.0009433142844138451,0.0149882202272948,0.015509490921010333
2025-01,topology_knn,20,0.0,0.0,-0.000943314284413845,0.017703611525033386,0.018434953339327716
2025-01,topology_placebo_knn,20,0.0,0.0,-0.000943314284413845,0.01865077449697728,0.020133433431656744
2025-01,window_euclidean_knn,40,0.025,0.0,-0.000943314284413845,0.012888202179178748,0.013255804035728616
2025-02,dtw_window,38,0.0,0.0,-0.00020121806314709478,0.012143217781644303,0.012364980943905549
2025-02,euclidean_knn,19,0.0,0.0,-0.0002012180631470948,0.012959173609153947,0.012838747231694857
2025-02,fhs_ewma,38,0.0,0.0,-0.00020121806314709478,0.014834603477179673,0.015813733497792328
2025-02,fpca_window,38,0.0,0.0,-0.00020121806314709478,0.013750222228436505,0.014142205737266208
2025-02,garch_t,19,0.0,0.0,-0.0002012180631470948,0.012437229251685522,0.012806658118324437
2025-02,mahalanobis_knn,19,0.0,0.0,-0.0002012180631470948,0.011467556500955642,0.011810093977317858
2025-02,random_knn,19,0.0,0.0,-0.0002012180631470948,0.018250702706318643,0.020472248242972918
2025-02,regime_hs,38,0.02631578947368421,0.02631578947368421,-0.00020121806314709478,0.014793525755556706,0.015441980021602644
2025-02,rolling_hs,57,0.0,0.0,-0.00020121806314709478,0.014688566283571422,0.015396234955449346
2025-02,topology_knn,19,0.0,0.0,-0.0002012180631470948,0.014821455265193947,0.015120010694234033
2025-02,topology_placebo_knn,19,0.0,0.0,-0.0002012180631470948,0.018923982836418708,0.020007436967926003
2025-02,window_euclidean_knn,38,0.0,0.0,-0.00020121806314709478,0.012801396749940287,0.013264699582788437
2025-03,dtw_window,42,0.023809523809523808,0.023809523809523808,0.0015193244700356144,0.013237622399861341,0.013563304081134693
2025-03,euclidean_knn,21,0.0,0.0,0.0015193244700356144,0.016058219224601662,0.01721125051438442
2025-03,fhs_ewma,42,0.0,0.0,0.0015193244700356144,0.0176499409772466,0.018811044659666484
2025-03,fpca_window,42,0.0,0.0,0.0015193244700356144,0.01426665759486747,0.014610853292777842
2025-03,garch_t,21,0.0,0.0,0.0015193244700356144,0.017896180366095655,0.018430291040518975
2025-03,mahalanobis_knn,21,0.0,0.0,0.0015193244700356144,0.014636216965071013,0.01509405646862461
2025-03,random_knn,21,0.0,0.0,0.0015193244700356144,0.018578715946720805,0.02053264872644273
2025-03,regime_hs,42,0.0,0.0,0.0015193244700356144,0.02547602191458321,0.02639728830937172
2025-03,rolling_hs,63,0.015873015873015872,0.015873015873015872,0.0015193244700356142,0.014487635980683299,0.015359017493181443
2025-03,topology_knn,21,0.0,0.0,0.0015193244700356144,0.01789474845297536,0.018015715900360003
2025-03,topology_placebo_knn,21,0.0,0.0,0.0015193244700356144,0.018280055258846944,0.019759691085978255
2025-03,window_euclidean_knn,42,0.0,0.0,0.0015193244700356144,0.013571905136187359,0.013902022474516409
2025-04,dtw_window,42,0.14285714285714285,0.14285714285714285,-0.0002653373506216764,0.01897671967889743,0.020194443348927213
2025-04,euclidean_knn,21,0.14285714285714285,0.14285714285714285,-0.00026533735062167626,0.023786447893583685,0.02492135761990148
2025-04,fhs_ewma,42,0.09523809523809523,0.09523809523809523,-0.0002653373506216764,0.037194818964627584,0.03967853465007791
2025-04,fpca_window,42,0.16666666666666666,0.16666666666666666,-0.0002653373506216764,0.014979518475979609,0.016221619118179112
2025-04,garch_t,21,0.09523809523809523,0.09523809523809523,-0.00026533735062167626,0.041615156104173226,0.04284265980025107
2025-04,mahalanobis_knn,21,0.14285714285714285,0.14285714285714285,-0.00026533735062167626,0.020286136027676163,0.02113586908712919
2025-04,random_knn,21,0.14285714285714285,0.14285714285714285,-0.00026533735062167626,0.019442726033126228,0.021504723796970444
2025-04,regime_hs,42,0.09523809523809523,0.07142857142857142,-0.0002653373506216764,0.028484549945025108,0.02925127924879143
2025-04,rolling_hs,63,0.15873015873015872,0.14285714285714285,-0.0002653373506216765,0.018413460244006058,0.018955270577309134
2025-04,topology_knn,21,0.09523809523809523,0.09523809523809523,-0.00026533735062167626,0.02298424104940481,0.024469492192007378
2025-04,topology_placebo_knn,21,0.14285714285714285,0.14285714285714285,-0.00026533735062167626,0.01907290620762097,0.020627902078450368
2025-04,window_euclidean_knn,42,0.19047619047619047,0.19047619047619047,-0.0002653373506216764,0.01395839259869818,0.014418222235908147
2025-05,dtw_window,42,0.0,0.0,-0.0015421392409107476,0.015966063124536262,0.01716978059179102
2025-05,euclidean_knn,21,0.047619047619047616,0.0,-0.0015421392409107476,0.016173396246241034,0.016801384493964344
2025-05,fhs_ewma,42,0.0,0.0,-0.0015421392409107476,0.03324371411381619,0.03542321853773441
2025-05,fpca_window,42,0.0,0.0,-0.0015421392409107476,0.014761107788431004,0.01557618714777363
2025-05,garch_t,21,0.0,0.0,-0.0015421392409107476,0.020930858272217395,0.021622847399124043
2025-05,mahalanobis_knn,21,0.0,0.0,-0.0015421392409107476,0.014609091142766832,0.015273308088911686
2025-05,random_knn,21,0.0,0.0,-0.0015421392409107476,0.018265086008908357,0.020007335134570804
2025-05,regime_hs,42,0.0,0.0,-0.0015421392409107476,0.025114254870216093,0.025985699011550165
2025-05,rolling_hs,63,0.0,0.0,-0.0015421392409107476,0.020161211522715834,0.020243034526900332
2025-05,topology_knn,21,0.0,0.0,-0.0015421392409107476,0.022884239774402064,0.024996340936807047
2025-05,topology_placebo_knn,21,0.0,0.0,-0.0015421392409107476,0.018276419732676227,0.020086387032333966
2025-05,window_euclidean_knn,42,0.023809523809523808,0.0,-0.0015421392409107476,0.013201266938797656,0.013591418307047524
2025-06,dtw_window,40,0.0,0.0,-0.0018370666451716737,0.015187761205346356,0.01574142977890297
2025-06,euclidean_knn,20,0.0,0.0,-0.0018370666451716737,0.012975081313734404,0.013231082255043155
2025-06,fhs_ewma,40,0.0,0.0,-0.0018370666451716737,0.023981838875767908,0.025548910407637765
2025-06,fpca_window,40,0.0,0.0,-0.0018370666451716737,0.014783679873325989,0.015700179277799674
2025-06,garch_t,20,0.0,0.0,-0.0018370666451716737,0.012914485852094653,0.01332427396687659
2025-06,mahalanobis_knn,20,0.0,0.0,-0.0018370666451716737,0.012069770759469824,0.012139598000089125
2025-06,random_knn,20,0.0,0.0,-0.0018370666451716737,0.019209749366213426,0.020724149620277542
2025-06,regime_hs,40,0.0,0.0,-0.0018370666451716737,0.017549079376005035,0.018387910069771432
2025-06,rolling_hs,60,0.0,0.0,-0.001837066645171674,0.020161211522715834,0.020259546625785
2025-06,topology_knn,20,0.0,0.0,-0.0018370666451716737,0.02286406293260563,0.025398711962828315
2025-06,topology_placebo_knn,20,0.0,0.0,-0.0018370666451716737,0.01847164281099347,0.02070134119105837
2025-06,window_euclidean_knn,40,0.0,0.0,-0.0018370666451716737,0.01288842206497437,0.01331818089053651
2025-07,dtw_window,44,0.0,0.0,-0.00051984438081285,0.012994035908747049,0.013269666589331064
2025-07,euclidean_knn,22,0.0,0.0,-0.00051984438081285,0.011527335070109513,0.011305519168676491
2025-07,fhs_ewma,44,0.0,0.0,-0.00051984438081285,0.017511225712342978,0.01863405036384204
2025-07,fpca_window,44,0.0,0.0,-0.00051984438081285,0.014410128249592565,0.015104434033031928
2025-07,garch_t,22,0.0,0.0,-0.00051984438081285,0.010161435637547055,0.010507008039110326
2025-07,mahalanobis_knn,22,0.0,0.0,-0.00051984438081285,0.01136490197058024,0.011350308122199886
2025-07,random_knn,22,0.0,0.0,-0.00051984438081285,0.018540959537841527,0.01996924116441267
2025-07,regime_hs,44,0.0,0.0,-0.00051984438081285,0.00947879446417998,0.00965949652385601
2025-07,rolling_hs,66,0.0,0.0,-0.0005198443808128501,0.02016121152271583,0.020245460821585144
2025-07,topology_knn,22,0.0,0.0,-0.00051984438081285,0.0245105680613826,0.02705196897621409
2025-07,topology_placebo_knn,22,0.0,0.0,-0.00051984438081285,0.018054945739107923,0.019757978632093696
2025-07,window_euclidean_knn,44,0.0,0.0,-0.00051984438081285,0.012706743183607332,0.013001360085354564
2025-08,dtw_window,42,0.0,0.0,-0.0009104764005728905,0.012053632501743764,0.012157660837211013
2025-08,euclidean_knn,21,0.0,0.0,-0.0009104764005728906,0.012061194400095338,0.011880154345320956
2025-08,fhs_ewma,42,0.0,0.0,-0.0009104764005728905,0.014232176458595364,0.015146079757146496
2025-08,fpca_window,42,0.0,0.0,-0.0009104764005728905,0.014381968043235485,0.01511525239430154
2025-08,garch_t,21,0.0,0.0,-0.0009104764005728906,0.011096298094738562,0.011462665134817529
2025-08,mahalanobis_knn,21,0.0,0.0,-0.0009104764005728906,0.012623104703016067,0.012545236507902548
2025-08,random_knn,21,0.0,0.0,-0.0009104764005728906,0.01838081554423074,0.02036694687875523
2025-08,regime_hs,42,0.0,0.0,-0.0009104764005728905,0.009354292152399864,0.009515148885176933
2025-08,rolling_hs,63,0.0,0.0,-0.0009104764005728905,0.020161211522715834,0.02002686372369595
2025-08,topology_knn,21,0.0,0.0,-0.0009104764005728906,0.02811796985670762,0.02970538274827697
2025-08,topology_placebo_knn,21,0.0,0.0,-0.0009104764005728906,0.018147386644948787,0.019966811863868523
2025-08,window_euclidean_knn,42,0.0,0.0,-0.0009104764005728905,0.012896041287492768,0.013255512017053986
2025-09,dtw_window,42,0.0,0.0,-0.0011317200934181856,0.011971554824538797,0.012369567307950004
2025-09,euclidean_knn,21,0.0,0.0,-0.0011317200934181856,0.01181029088484328,0.011470211071815275
2025-09,fhs_ewma,42,0.0,0.0,-0.0011317200934181856,0.012721369941440843,0.013541649307452013
2025-09,fpca_window,42,0.0,0.0,-0.0011317200934181856,0.014450699025034411,0.015175580196635124
2025-09,garch_t,21,0.0,0.0,-0.0011317200934181856,0.010311237674530785,0.010691614508283482
2025-09,mahalanobis_knn,21,0.0,0.0,-0.0011317200934181856,0.011517728093652667,0.011489300327034444
2025-09,random_knn,21,0.0,0.0,-0.0011317200934181856,0.01893300404529349,0.02072007931839515
2025-09,regime_hs,42,0.0,0.0,-0.0011317200934181856,0.009534497422372099,0.009684684036631998
2025-09,rolling_hs,63,0.0,0.0,-0.0011317200934181859,0.020161211522715834,0.019990560554763764
2025-09,topology_knn,21,0.0,0.0,-0.0011317200934181856,0.029467175120548205,0.030614170127816018
2025-09,topology_placebo_knn,21,0.0,0.0,-0.0011317200934181856,0.018621090056275717,0.02061704270233184
2025-09,window_euclidean_knn,42,0.0,0.0,-0.0011317200934181856,0.012725693518397458,0.013127080179128772
2025-10,dtw_window,46,0.043478260869565216,0.043478260869565216,-0.0007610776230923914,0.012424253536104183,0.012674344390271737
2025-10,euclidean_knn,23,0.043478260869565216,0.043478260869565216,-0.0007610776230923911,0.012475950003508169,0.012337880943596325
2025-10,fhs_ewma,46,0.043478260869565216,0.043478260869565216,-0.0007610776230923914,0.012178101901268872,0.012966729676238594
2025-10,fpca_window,46,0.021739130434782608,0.0,-0.0007610776230923914,0.014207153090957993,0.014905539863232176
2025-10,garch_t,23,0.043478260869565216,0.043478260869565216,-0.0007610776230923911,0.01157591995528204,0.011982932826664737
2025-10,mahalanobis_knn,23,0.043478260869565216,0.043478260869565216,-0.0007610776230923911,0.012401362498289601,0.012594754761223088
2025-10,random_knn,23,0.0,0.0,-0.0007610776230923911,0.018159773124612297,0.02035885711858912
2025-10,regime_hs,46,0.043478260869565216,0.043478260869565216,-0.0007610776230923914,0.01104610467860577,0.011368747470626299
2025-10,rolling_hs,69,0.0,0.0,-0.0007610776230923912,0.020161211522715834,0.020029315820647074
2025-10,topology_knn,23,0.0,0.0,-0.0007610776230923911,0.019732376407903623,0.0212754242755686
2025-10,topology_placebo_knn,23,0.0,0.0,-0.0007610776230923911,0.018441672163249056,0.020544958070014024
2025-10,window_euclidean_knn,46,0.021739130434782608,0.021739130434782608,-0.0007610776230923914,0.012867835044156084,0.0132353503395544
2025-11,dtw_window,38,0.02631578947368421,0.02631578947368421,-0.00029625434446828416,0.012340905042272284,0.012686215224987916
2025-11,euclidean_knn,19,0.0,0.0,-0.0002962543444682842,0.013615404248930537,0.013774091085477584
2025-11,fhs_ewma,38,0.0,0.0,-0.00029625434446828416,0.013487075543135704,0.014367171505371102
2025-11,fpca_window,38,0.0,0.0,-0.00029625434446828416,0.014205714543868686,0.01451436442240978
2025-11,garch_t,19,0.0,0.0,-0.0002962543444682842,0.013753621510076128,0.014245303493763965
2025-11,mahalanobis_knn,19,0.0,0.0,-0.0002962543444682842,0.013328682103192473,0.013500592462128489
2025-11,random_knn,19,0.0,0.0,-0.0002962543444682842,0.018487000997047868,0.020616144255531432
2025-11,regime_hs,38,0.05263157894736842,0.05263157894736842,-0.00029625434446828416,0.01737987818271283,0.018104932644303972
2025-11,rolling_hs,57,0.0,0.0,-0.0002962543444682841,0.02016121152271583,0.020056098370334466
2025-11,topology_knn,19,0.0,0.0,-0.0002962543444682842,0.01591658855734153,0.017631194354181156
2025-11,topology_placebo_knn,19,0.0,0.0,-0.0002962543444682842,0.017782444445517395,0.01938080775536612
2025-11,window_euclidean_knn,38,0.0,0.0,-0.00029625434446828416,0.013496069475811745,0.013604664946056496
2025-12,dtw_window,44,0.0,0.0,0.00010758185907880457,0.012162685332626783,0.012402764065090072
2025-12,euclidean_knn,22,0.0,0.0,0.00010758185907880457,0.01240044123236359,0.012262415170394274
2025-12,fhs_ewma,44,0.0,0.0,0.00010758185907880457,0.013279421386360768,0.014143689937407316
2025-12,fpca_window,44,0.0,0.0,0.00010758185907880457,0.014096176551430499,0.01438281167895051
2025-12,garch_t,22,0.0,0.0,0.00010758185907880457,0.011990479324510155,0.012390917312694982
2025-12,mahalanobis_knn,22,0.0,0.0,0.00010758185907880457,0.011869234189398682,0.011608008006820271
2025-12,random_knn,22,0.0,0.0,0.00010758185907880457,0.018057915377631018,0.020000318616244146
2025-12,regime_hs,44,0.0,0.0,0.00010758185907880457,0.016292132278511114,0.016939620509320484
2025-12,rolling_hs,66,0.0,0.0,0.00010758185907880455,0.019891719169315432,0.019915989510806392
2025-12,topology_knn,22,0.0,0.0,0.00010758185907880457,0.015848613760737804,0.016979569897229645
2025-12,topology_placebo_knn,22,0.0,0.0,0.00010758185907880457,0.018634794422346328,0.02046287945899973
2025-12,window_euclidean_knn,44,0.0,0.0,0.00010758185907880457,0.013053613731097145,0.013226444497448704
2026-01,dtw_window,40,0.05,0.05,-0.00040605254010774505,0.012477312949094953,0.012655070389808957
2026-01,euclidean_knn,20,0.05,0.05,-0.00040605254010774494,0.012290251872113696,0.011797396275497665
2026-01,fhs_ewma,40,0.05,0.05,-0.00040605254010774505,0.012033069785420378,0.01281501048060225
2026-01,fpca_window,40,0.05,0.025,-0.00040605254010774505,0.014033014599306403,0.014320141948978201
2026-01,garch_t,20,0.05,0.05,-0.00040605254010774494,0.011824308254623741,0.012212769300038324
2026-01,mahalanobis_knn,20,0.05,0.05,-0.00040605254010774494,0.01237426970081868,0.01175102341966731
2026-01,random_knn,20,0.0,0.0,-0.00040605254010774494,0.017555920392404466,0.019806750439878
2026-01,regime_hs,40,0.05,0.05,-0.00040605254010774505,0.009777519691633402,0.009963540645881895
2026-01,rolling_hs,60,0.0,0.0,-0.000406052540107745,0.01942010755086473,0.01970696932486417
2026-01,topology_knn,20,0.0,0.0,-0.00040605254010774494,0.01625001583126117,0.01695856587673891
2026-01,topology_placebo_knn,20,0.0,0.0,-0.00040605254010774494,0.018603446487355305,0.020041948188296122
2026-01,window_euclidean_knn,40,0.05,0.05,-0.00040605254010774505,0.013107096476569042,0.013388290650551523
2026-02,dtw_window,38,0.0,0.0,-0.0002615224229744474,0.01241253006964589,0.012455661582270891
2026-02,euclidean_knn,19,0.0,0.0,-0.00026152242297444744,0.0135784614005657,0.013749138861210862
2026-02,fhs_ewma,38,0.0,0.0,-0.0002615224229744474,0.012379273821704513,0.013180237212877775
2026-02,fpca_window,38,0.0,0.0,-0.0002615224229744474,0.013715612478669181,0.01412075782606938
2026-02,garch_t,19,0.0,0.0,-0.00026152242297444744,0.0121337338916548,0.01246622267467889
2026-02,mahalanobis_knn,19,0.0,0.0,-0.00026152242297444744,0.013644734913205591,0.0136943577195739
2026-02,random_knn,19,0.0,0.0,-0.00026152242297444744,0.018992938724299968,0.020462542749272828
2026-02,regime_hs,38,0.0,0.0,-0.0002615224229744474,0.01351582746292263,0.013986676283189631
2026-02,rolling_hs,57,0.0,0.0,-0.0002615224229744474,0.019420107550864735,0.019733359979792052
2026-02,topology_knn,19,0.0,0.0,-0.00026152242297444744,0.01618733562244207,0.017195930635926292
2026-02,topology_placebo_knn,19,0.0,0.0,-0.00026152242297444744,0.0186770144390657,0.02035998535096658
2026-02,window_euclidean_knn,38,0.0,0.0,-0.0002615224229744474,0.013145699632574016,0.013393403118452753
2026-03,dtw_window,44,0.045454545454545456,0.045454545454545456,0.0017660416806065183,0.013090187162286403,0.013422515333389194
2026-03,euclidean_knn,22,0.0,0.0,0.0017660416806065183,0.016145333241200387,0.016684233342718693
2026-03,fhs_ewma,44,0.0,0.0,0.0017660416806065183,0.01401964291915017,0.014938455554654976
2026-03,fpca_window,44,0.0,0.0,0.0017660416806065183,0.014072610221813305,0.01439205870535788
2026-03,garch_t,22,0.0,0.0,0.0017660416806065183,0.014591324351550573,0.015079113240355735
2026-03,mahalanobis_knn,22,0.0,0.0,0.0017660416806065183,0.016141145723935,0.01653449599264495
2026-03,random_knn,22,0.0,0.0,0.0017660416806065183,0.01862646364643813,0.020494945831205733
2026-03,regime_hs,44,0.045454545454545456,0.022727272727272728,0.0017660416806065183,0.015920497368930017,0.016471015433501743
2026-03,rolling_hs,66,0.0,0.0,0.0017660416806065183,0.01942010755086473,0.019670206700178976
2026-03,topology_knn,22,0.0,0.0,0.0017660416806065183,0.015962841283692863,0.016911075487455966
2026-03,topology_placebo_knn,22,0.0,0.0,0.0017660416806065183,0.0177387596566132,0.019279873010774953
2026-03,window_euclidean_knn,44,0.045454545454545456,0.045454545454545456,0.0017660416806065183,0.013754187252245947,0.013829074412290141
2026-04,dtw_window,42,0.0,0.0,-0.0028489775965479334,0.012845031114514646,0.013130705981589238
2026-04,euclidean_knn,21,0.0,0.0,-0.0028489775965479334,0.014269405585291299,0.014962083745479934
2026-04,fhs_ewma,42,0.0,0.0,-0.0028489775965479334,0.019092420374612024,0.02035396930254846
2026-04,fpca_window,42,0.0,0.0,-0.0028489775965479334,0.014074940844546054,0.014677936315172568
2026-04,garch_t,21,0.0,0.0,-0.0028489775965479334,0.017588425566426924,0.018187853103601936
2026-04,mahalanobis_knn,21,0.0,0.0,-0.0028489775965479334,0.012665353235435333,0.013170542617049771
2026-04,random_knn,21,0.0,0.0,-0.0028489775965479334,0.01847754453383807,0.020348408790294033
2026-04,regime_hs,42,0.0,0.0,-0.0028489775965479334,0.027060640531261265,0.02769263144134403
2026-04,rolling_hs,63,0.0,0.0,-0.0028489775965479334,0.017101274629309087,0.017618327657426394
2026-04,topology_knn,21,0.0,0.0,-0.0028489775965479334,0.015427732454314261,0.01672674335811589
2026-04,topology_placebo_knn,21,0.0,0.0,-0.0028489775965479334,0.018746121873762518,0.02054733369734556
2026-04,window_euclidean_knn,42,0.0,0.0,-0.0028489775965479334,0.012578570824767724,0.012917438241496553
2026-05,dtw_window,2,0.0,0.0,-0.001965683435183,0.012587649244976549,0.0127105684722134
2026-05,euclidean_knn,1,0.0,0.0,-0.001965683435183,0.0128856095236042,0.0136439241008631
2026-05,fhs_ewma,2,0.0,0.0,-0.001965683435183,0.017292919707602897,0.018427673637935252
2026-05,fpca_window,2,0.0,0.0,-0.001965683435183,0.013436648184494249,0.013802993222079799
2026-05,garch_t,1,0.0,0.0,-0.001965683435183,0.0136433937736839,0.014092512027442
2026-05,mahalanobis_knn,1,0.0,0.0,-0.001965683435183,0.0125302679463311,0.0117386542045877
2026-05,random_knn,1,0.0,0.0,-0.001965683435183,0.0158422756924688,0.016247937783796
2026-05,regime_hs,2,0.0,0.0,-0.001965683435183,0.0192116729463708,0.0200974309339507
2026-05,rolling_hs,3,0.0,0.0,-0.001965683435183,0.016158753760667,0.016807301766595766
2026-05,topology_knn,1,0.0,0.0,-0.001965683435183,0.01583829207284,0.0174398607656632
2026-05,topology_placebo_knn,1,0.0,0.0,-0.001965683435183,0.0213333975975081,0.023582322432024
2026-05,window_euclidean_knn,2,0.0,0.0,-0.001965683435183,0.012292264052386901,0.0126255642955336
