forecast_date,realized_date,split,method,lambda,hybrid_weight_topology,scenario_count_topology,scenario_count_fhs,scenario_count_total,VaR_99,ES_975,realized_loss,var_exceedance_99,es_exceedance_975,fz_style_score
2012-01-03,2012-01-04,validation,hybrid_topology_fhs_scenario,0.94,0.1,1000,2375,3375,0.019297023679810687,0.01948551739408528,0.0003168420564322984,0.0,0.0,0.018879260270445442
2012-01-04,2012-01-05,validation,hybrid_topology_fhs_scenario,0.94,0.1,1000,2376,3376,0.018710302253010146,0.018829268119179003,-0.0016740569125730965,0.0,0.0,0.02019458549761413
2012-01-05,2012-01-06,validation,hybrid_topology_fhs_scenario,0.94,0.1,1000,2377,3377,0.0181732097295556,0.018328180860863078,-2.1470806644341596e-05,0.0,0.0,0.01807285718118173
2012-01-06,2012-01-09,validation,hybrid_topology_fhs_scenario,0.94,0.1,1000,2378,3378,0.01761958612681271,0.017836856771924252,-0.001532784375829932,0.0,0.0,0.019076923824086753
2012-01-09,2012-01-10,validation,hybrid_topology_fhs_scenario,0.94,0.1,1000,2379,3379,0.017112111681797867,0.01733461579637102,-0.004402322895245758,0.0,0.0,0.021408659570096793
2012-01-10,2012-01-11,validation,hybrid_topology_fhs_scenario,0.94,0.1,1000,2380,3380,0.0168379515725514,0.017057907525775677,-0.002653212185530318,0.0,0.0,0.019413253356104162
2012-01-11,2012-01-12,validation,hybrid_topology_fhs_scenario,0.94,0.1,1000,2381,3381,0.016416653322849188,0.01664164498785566,-0.000604639533356055,0.0,0.0,0.01698534033674347
2012-01-12,2012-01-13,validation,hybrid_topology_fhs_scenario,0.94,0.1,1000,2382,3382,0.01592143094093769,0.01620876833454808,0.0013165370801264007,0.0,0.0,0.014665974411669247
2012-01-13,2012-01-17,validation,hybrid_topology_fhs_scenario,0.94,0.1,1000,2383,3383,0.015474196115825635,0.01574774197791104,-0.0027069187374737513,0.0,0.0,0.018175105346033164
2012-01-17,2012-01-18,validation,hybrid_topology_fhs_scenario,0.94,0.1,1000,2384,3384,0.015107375268413159,0.015581189338711056,-0.005385886142227925,0.0,0.0,0.020647831208021914
2012-01-18,2012-01-19,validation,hybrid_topology_fhs_scenario,0.94,0.1,1000,2385,3385,0.015064125071819754,0.01568062880520173,-0.0007754781159578614,0.0,0.0,0.016203100280008376
2012-01-19,2012-01-20,validation,hybrid_topology_fhs_scenario,0.94,0.1,1000,2386,3386,0.014614001240679693,0.01509136942518135,-0.0008627323850298738,0.0,0.0,0.015710016601213038
2012-01-20,2012-01-23,validation,hybrid_topology_fhs_scenario,0.94,0.1,1000,2387,3387,0.014238853473867013,0.014828433047955274,0.0024268780239443677,0.0,0.0,0.01220963590290986
2012-01-23,2012-01-24,validation,hybrid_topology_fhs_scenario,0.94,0.1,1000,2388,3388,0.01398587028310943,0.014647741491269958,0.00022361381971849333,0.0,0.0,0.014201147044396586
2012-01-24,2012-01-25,validation,hybrid_topology_fhs_scenario,0.94,0.1,1000,2389,3389,0.013560608562384347,0.014187624557102685,-0.006937609453614835,0.0,0.0,0.020802085340609573
2012-01-25,2012-01-26,validation,hybrid_topology_fhs_scenario,0.94,0.1,1000,2390,3390,0.013997273268961304,0.014927895208032418,0.000941194737623574,0.0,0.0,0.013767593743962
2012-01-26,2012-01-27,validation,hybrid_topology_fhs_scenario,0.94,0.1,1000,2391,3391,0.013585240972280102,0.01458922762465467,-0.0009412448977031307,0.0,0.0,0.015287475567998688
2012-01-27,2012-01-30,validation,hybrid_topology_fhs_scenario,0.94,0.1,1000,2392,3392,0.013261265909136632,0.014537059273876071,0.0006859495559154325,0.0,0.0,0.013630585138543835
2012-01-30,2012-01-31,validation,hybrid_topology_fhs_scenario,0.94,0.1,1000,2393,3393,0.012988162864380804,0.014229452478572251,-0.0012798763082463528,0.0,0.0,0.015264275958874411
2012-01-31,2012-02-01,validation,hybrid_topology_fhs_scenario,0.94,0.1,1000,2394,3394,0.012626378369503104,0.013907428064653688,-0.003865498594572481,0.0,0.0,0.01749352226238627
2012-02-01,2012-02-02,validation,hybrid_topology_fhs_scenario,0.94,0.1,1000,2395,3395,0.012511858369319154,0.013574267500213181,-0.0015180094991981807,0.0,0.0,0.01485526875311125
2012-02-02,2012-02-03,validation,hybrid_topology_fhs_scenario,0.94,0.1,1000,2396,3396,0.012177992225625088,0.013307232518291582,-0.00524373566875198,0.0,0.0,0.018261411261311245
2012-02-03,2012-02-06,validation,hybrid_topology_fhs_scenario,0.94,0.1,1000,2397,3397,0.012320898965174621,0.013402129960644805,-0.0007006444434051184,0.0,0.0,0.013880420478034474
2012-02-06,2012-02-07,validation,hybrid_topology_fhs_scenario,0.94,0.1,1000,2398,3398,0.011959022220803956,0.01295407638307091,0.001060831053340028,0.0,0.0,0.01170489610816225
2012-02-07,2012-02-08,validation,hybrid_topology_fhs_scenario,0.94,0.1,1000,2399,3399,0.011616750092723093,0.012634376019036737,-0.0019715641253517102,0.0,0.0,0.014376674782959483
2012-02-08,2012-02-09,validation,hybrid_topology_fhs_scenario,0.94,0.1,1000,2400,3400,0.011403812097843446,0.012444442077552176,0.00016055385523658936,0.0,0.0,0.012089223599183766
2012-02-09,2012-02-10,validation,hybrid_topology_fhs_scenario,0.94,0.1,1000,2401,3401,0.011023404311068496,0.012261738220197316,0.002177543194773879,0.0,0.0,0.009920548760950798
2012-02-10,2012-02-13,validation,hybrid_topology_fhs_scenario,0.94,0.1,1000,2402,3402,0.011014524560005986,0.012208848859917727,-0.004199416110423159,0.0,0.0,0.016150197752786654
2012-02-13,2012-02-14,validation,hybrid_topology_fhs_scenario,0.94,0.1,1000,2403,3403,0.011002917756594632,0.012134115592404364,-8.291941200428983e-05,0.0,0.0,0.012022467500984426
2012-02-14,2012-02-15,validation,hybrid_topology_fhs_scenario,0.94,0.1,1000,2404,3404,0.010728379351156144,0.011875957427179909,0.0024922851382368273,0.0,0.0,0.009231441423848697
2012-02-15,2012-02-16,validation,hybrid_topology_fhs_scenario,0.94,0.1,1000,2405,3405,0.01055336456545054,0.011844311209397296,-0.004823444826391964,0.0,0.0,0.01640483022881295
2012-02-16,2012-02-17,validation,hybrid_topology_fhs_scenario,0.94,0.1,1000,2406,3406,0.010760864941537164,0.012125247726244162,-0.001168975395323324,0.0,0.0,0.013081165946896903
2012-02-17,2012-02-21,validation,hybrid_topology_fhs_scenario,0.94,0.1,1000,2407,3407,0.010714889675858125,0.012143450460914374,0.0011855133792890273,0.0,0.0,0.010779282417550403
2012-02-21,2012-02-22,validation,hybrid_topology_fhs_scenario,0.94,0.1,1000,2408,3408,0.010589566765843106,0.012246015415237692,0.00036499978336890205,0.0,0.0,0.01168623591089681
2012-02-22,2012-02-23,validation,hybrid_topology_fhs_scenario,0.94,0.1,1000,2409,3409,0.010526545803512834,0.012411402539701135,-0.0032184226977047367,0.0,0.0,0.0153765292914829
2012-02-23,2012-02-24,validation,hybrid_topology_fhs_scenario,0.94,0.1,1000,2410,3410,0.010730389839029209,0.012488578823807174,-0.0016219322089171316,0.0,0.0,0.013881271477385661
2012-02-24,2012-02-27,validation,hybrid_topology_fhs_scenario,0.94,0.1,1000,2411,3411,0.010777269143989797,0.01238646863286192,-0.0023392778496927223,0.0,0.0,0.014488768290427601
2012-02-27,2012-02-28,validation,hybrid_topology_fhs_scenario,0.94,0.1,1000,2412,3412,0.010681147360000606,0.012261996466572219,-0.001939170381974087,0.0,0.0,0.013972340854752395
2012-02-28,2012-02-29,validation,hybrid_topology_fhs_scenario,0.94,0.1,1000,2413,3413,0.010466132853248843,0.012150710948208581,0.0039466811286571705,0.0,0.0,0.008064123591308543
2012-02-29,2012-03-01,validation,hybrid_topology_fhs_scenario,0.94,0.1,1000,2414,3414,0.010421116649146134,0.01218651204827173,-0.0018128715593311194,0.0,0.0,0.013771738899497551
2012-03-01,2012-03-02,validation,hybrid_topology_fhs_scenario,0.94,0.1,1000,2415,3415,0.010329860967086968,0.012025507191693137,0.00022404811395173555,0.0,0.0,0.011607480729329217
2012-03-02,2012-03-05,validation,hybrid_topology_fhs_scenario,0.94,0.1,1000,2416,3416,0.010065416064945824,0.011876573369143611,0.0032463219248168194,0.0,0.0,0.008482686099619913
2012-03-05,2012-03-06,validation,hybrid_topology_fhs_scenario,0.94,0.1,1000,2417,3417,0.010329860967086968,0.01201904749801974,0.007096076200986468,0.0,0.0,0.004832234862268445
2012-03-06,2012-03-07,validation,hybrid_topology_fhs_scenario,0.94,0.1,1000,2418,3418,0.010777269143989797,0.01253471417260638,-0.0034255922100901778,0.0,0.0,0.01570332733666994
2012-03-07,2012-03-08,validation,hybrid_topology_fhs_scenario,0.94,0.1,1000,2419,3419,0.010998973467202045,0.012603765399814044,-0.004788646407692498,0.0,0.0,0.017115477711067827
2012-03-08,2012-03-09,validation,hybrid_topology_fhs_scenario,0.94,0.1,1000,2420,3420,0.010998973467202045,0.012774211232267242,-0.002015270034257366,0.0,0.0,0.014549886669876087
2012-03-09,2012-03-12,validation,hybrid_topology_fhs_scenario,0.94,0.1,1000,2421,3421,0.010777269143989797,0.012505314793075992,7.09883626679897e-05,0.0,0.0,0.01223053107746102
2012-03-12,2012-03-13,validation,hybrid_topology_fhs_scenario,0.94,0.1,1000,2422,3422,0.011023404311068496,0.012726828492164582,-0.007948779285180008,0.0,0.0,0.02034843941887346
2012-03-13,2012-03-14,validation,hybrid_topology_fhs_scenario,0.94,0.1,1000,2423,3423,0.011571557724383627,0.013380045191225237,0.005224309712833874,0.0,0.0,0.008015314571547076
2012-03-14,2012-03-15,validation,hybrid_topology_fhs_scenario,0.94,0.1,1000,2424,3424,0.011860881070254863,0.013564333188027737,-0.003356625178533701,0.0,0.0,0.016650109469885287
2012-03-15,2012-03-16,validation,hybrid_topology_fhs_scenario,0.94,0.1,1000,2425,3425,0.011762433527601512,0.013488997245992366,-0.0007137422550023587,0.0,0.0,0.013972432771295897
2012-03-16,2012-03-19,validation,hybrid_topology_fhs_scenario,0.94,0.1,1000,2426,3426,0.011416218552100213,0.013323215767110893,0.00010297713048363971,0.0,0.0,0.013002865084927737
2012-03-19,2012-03-20,validation,hybrid_topology_fhs_scenario,0.94,0.1,1000,2427,3427,0.01107854813821647,0.01310596883808691,0.0015502975369967363,0.0,0.0,0.011362062024575117
2012-03-20,2012-03-21,validation,hybrid_topology_fhs_scenario,0.94,0.1,1000,2428,3428,0.01107854813821647,0.012942824990834375,-0.0010554378092670013,0.0,0.0,0.013769646089573677
2012-03-21,2012-03-22,validation,hybrid_topology_fhs_scenario,0.94,0.1,1000,2429,3429,0.011133875512711161,0.01275177268961502,0.0038153831850053165,0.0,0.0,0.008786164690271518
2012-03-22,2012-03-23,validation,hybrid_topology_fhs_scenario,0.94,0.1,1000,2430,3430,0.010998973467202045,0.01258765542703007,-0.0034197436223407426,0.0,0.0,0.01575140124403197
2012-03-23,2012-03-26,validation,hybrid_topology_fhs_scenario,0.94,0.1,1000,2431,3431,0.010780223471849058,0.012617315469292529,-0.007955137582848115,0.0,0.0,0.0202454953363841
2012-03-26,2012-03-27,validation,hybrid_topology_fhs_scenario,0.94,0.1,1000,2432,3432,0.011682542781503623,0.01329076157481653,-0.00035024817246058796,0.0,0.0,0.01342031241313483
2012-03-27,2012-03-28,validation,hybrid_topology_fhs_scenario,0.94,0.1,1000,2433,3433,0.01133210288609792,0.013095612870103598,0.003670613594314665,0.0,0.0,0.009265989186812042
2012-03-28,2012-03-29,validation,hybrid_topology_fhs_scenario,0.94,0.1,1000,2434,3434,0.011309686122784459,0.013072706301678852,-0.0006390960295593162,0.0,0.0,0.01348849509448065
2012-03-29,2012-03-30,validation,hybrid_topology_fhs_scenario,0.94,0.1,1000,2435,3435,0.011023404311068496,0.012853908943719058,-0.0005159630536415881,0.0,0.0,0.013151018871073733
2012-03-30,2012-04-02,validation,hybrid_topology_fhs_scenario,0.94,0.1,1000,2436,3436,0.010762902336719837,0.012619627557555179,-0.005347180541872376,0.0,0.0,0.017678738725727786
2012-04-02,2012-04-03,validation,hybrid_topology_fhs_scenario,0.94,0.1,1000,2437,3437,0.011093457237406356,0.012876326446959446,0.005394841820538665,0.0,0.0,0.007351433664928938
2012-04-03,2012-04-04,validation,hybrid_topology_fhs_scenario,0.94,0.1,1000,2438,3438,0.011299420559064443,0.013048377941568934,0.003919054713149861,0.0,0.0,0.008974893806167741
2012-04-04,2012-04-05,validation,hybrid_topology_fhs_scenario,0.94,0.1,1000,2439,3439,0.011316785685037755,0.013039339522246252,-0.0014843703941409768,0.0,0.0,0.014288628729269335
2012-04-05,2012-04-09,validation,hybrid_topology_fhs_scenario,0.94,0.1,1000,2440,3440,0.011093457237406356,0.012864856751658263,0.0026451171710964562,0.0,0.0,0.01004872949171086
2012-04-09,2012-04-10,validation,hybrid_topology_fhs_scenario,0.94,0.1,1000,2441,3441,0.010998973467202045,0.012777564005815603,0.008197406735872792,0.0,0.0,0.004493669005507533
2012-04-10,2012-04-11,validation,hybrid_topology_fhs_scenario,0.94,0.1,1000,2442,3442,0.011923682640288447,0.013393761514859751,-0.003296304974179209,0.0,0.0,0.01642501470295766
2012-04-11,2012-04-12,validation,hybrid_topology_fhs_scenario,0.94,0.1,1000,2443,3443,0.011816213258969538,0.013270357666975657,-0.007037383969268207,0.0,0.0,0.019988584067620142
2012-04-12,2012-04-13,validation,hybrid_topology_fhs_scenario,0.94,0.1,1000,2444,3444,0.012372969706051555,0.013758266244852376,0.004721777900289425,0.0,0.0,0.008887088054006497
2012-04-13,2012-04-16,validation,hybrid_topology_fhs_scenario,0.94,0.1,1000,2445,3445,0.012490204760042587,0.0139982434926207,0.000507991495771809,0.0,0.0,0.013272817829570377
2012-04-16,2012-04-17,validation,hybrid_topology_fhs_scenario,0.94,0.1,1000,2446,3446,0.012115066352509201,0.013712504005508018,-0.008468413955197329,0.0,0.0,0.021832229814764778
2012-04-17,2012-04-18,validation,hybrid_topology_fhs_scenario,0.94,0.1,1000,2447,3447,0.012865648570826616,0.014402711224557834,0.001227140503213686,0.0,0.0,0.012962566533986674
2012-04-18,2012-04-19,validation,hybrid_topology_fhs_scenario,0.94,0.1,1000,2448,3448,0.012775975739119793,0.014098569013468032,0.0033963891248249387,0.0,0.0,0.010528421257569965
2012-04-19,2012-04-20,validation,hybrid_topology_fhs_scenario,0.94,0.1,1000,2449,3449,0.012624025115804285,0.013965191979916115,-0.0010401219016693997,0.0,0.0,0.014766822504720615
2012-04-20,2012-04-23,validation,hybrid_topology_fhs_scenario,0.94,0.1,1000,2450,3450,0.012261544405760274,0.01361279713846808,0.0042480961071882815,0.0,0.0,0.009210717988483523
2012-04-23,2012-04-24,validation,hybrid_topology_fhs_scenario,0.94,0.1,1000,2451,3451,0.012261980215491174,0.013692539313090678,-0.0012572389133056916,0.0,0.0,0.01471122596202443
2012-04-24,2012-04-25,validation,hybrid_topology_fhs_scenario,0.94,0.1,1000,2452,3452,0.011960192499340994,0.013518215909607962,-0.007721456781817792,0.0,0.0,0.0209054973669517
2012-04-25,2012-04-26,validation,hybrid_topology_fhs_scenario,0.94,0.1,1000,2453,3453,0.012485174511519427,0.014038453134601909,-0.00551300684101097,0.0,0.0,0.019242655289747862
2012-04-26,2012-04-27,validation,hybrid_topology_fhs_scenario,0.94,0.1,1000,2454,3454,0.012775975739119793,0.014204758472702046,-0.0014016043269814205,0.0,0.0,0.01535797953035239
2012-04-27,2012-04-30,validation,hybrid_topology_fhs_scenario,0.94,0.1,1000,2455,3455,0.012402187861509328,0.013897315317284453,0.0018813646735283073,0.0,0.0,0.01182076010954205
2012-04-30,2012-05-01,validation,hybrid_topology_fhs_scenario,0.94,0.1,1000,2456,3456,0.012324077976871866,0.01366903643343281,-0.0030042702522362404,0.0,0.0,0.016409757500818405
2012-05-01,2012-05-02,validation,hybrid_topology_fhs_scenario,0.94,0.1,1000,2457,3457,0.012136180326096103,0.01355342942743383,0.001031174581123406,0.0,0.0,0.01232024853260239
2012-05-02,2012-05-03,validation,hybrid_topology_fhs_scenario,0.94,0.1,1000,2458,3458,0.011923365703265337,0.013338184266172486,0.004613374925110247,0.0,0.0,0.008579789015317234
2012-05-03,2012-05-04,validation,hybrid_topology_fhs_scenario,0.94,0.1,1000,2459,3459,0.011923682640288447,0.013402800451384462,0.008102375355335024,0.0,0.0,0.005206127541497737
2012-05-04,2012-05-07,validation,hybrid_topology_fhs_scenario,0.94,0.1,1000,2460,3460,0.012570247215724022,0.014030750426216713,-0.0003246121880529973,0.0,0.0,0.014125427142950737
2012-05-07,2012-05-08,validation,hybrid_topology_fhs_scenario,0.94,0.1,1000,2461,3461,0.012464973664727918,0.013772229146410958,0.0015007236907981446,0.0,0.0,0.012074360318961792
2012-05-08,2012-05-09,validation,hybrid_topology_fhs_scenario,0.94,0.1,1000,2462,3462,0.012147570426009472,0.013532651174719947,0.0032198499255796206,0.0,0.0,0.010144258422916117
2012-05-09,2012-05-10,validation,hybrid_topology_fhs_scenario,0.94,0.1,1000,2463,3463,0.012022325808269518,0.013440975014295019,-0.0006728044458463867,0.0,0.0,0.01388788627617903
2012-05-10,2012-05-11,validation,hybrid_topology_fhs_scenario,0.94,0.1,1000,2464,3464,0.011675370641839955,0.013136001907264206,0.0004888347327317354,0.0,0.0,0.012442853354260241
2012-05-11,2012-05-14,validation,hybrid_topology_fhs_scenario,0.94,0.1,1000,2465,3465,0.011419378593094795,0.01290117970818437,0.004870212370134518,0.0,0.0,0.00789568481682821
2012-05-14,2012-05-15,validation,hybrid_topology_fhs_scenario,0.94,0.1,1000,2466,3466,0.011510989391509177,0.013004197738099773,0.003332974632812613,0.0,0.0,0.009511222675241947
2012-05-15,2012-05-16,validation,hybrid_topology_fhs_scenario,0.94,0.1,1000,2467,3467,0.011409607912781715,0.012938888932093145,0.001995272461328712,0.0,0.0,0.010764169413509852
2012-05-16,2012-05-17,validation,hybrid_topology_fhs_scenario,0.94,0.1,1000,2468,3468,0.011243781848160782,0.012741372688888726,0.007404087976307205,0.0,0.0,0.005242249533485519
2012-05-17,2012-05-18,validation,hybrid_topology_fhs_scenario,0.94,0.1,1000,2469,3469,0.011983755545473762,0.013313803878946135,0.005395793488380862,0.0,0.0,0.007785939751372072
2012-05-18,2012-05-21,validation,hybrid_topology_fhs_scenario,0.94,0.1,1000,2470,3470,0.0121742457544022,0.013486023323487981,-0.009269386801427304,0.0,0.0,0.022400961197350695
2012-05-21,2012-05-22,validation,hybrid_topology_fhs_scenario,0.94,0.1,1000,2471,3471,0.013060413937493002,0.01444997849247262,-0.00018661629205447556,0.0,0.0,0.014403150217209391
2012-05-22,2012-05-23,validation,hybrid_topology_fhs_scenario,0.94,0.1,1000,2472,3472,0.012817340006205798,0.01418377208747167,-0.0013660092925643853,0.0,0.0,0.015302870338522855
2012-05-23,2012-05-24,validation,hybrid_topology_fhs_scenario,0.94,0.1,1000,2473,3473,0.012475043438287904,0.01388423646985633,-0.00032075766293897516,0.0,0.0,0.013977827290487691
2012-05-24,2012-05-25,validation,hybrid_topology_fhs_scenario,0.94,0.1,1000,2474,3474,0.012097033332451605,0.013517016583267573,0.0007866111281640052,0.0,0.0,0.012525249540768855
2012-05-25,2012-05-29,validation,hybrid_topology_fhs_scenario,0.94,0.1,1000,2475,3475,0.012022306301787966,0.01321654267163625,-0.00693094560999099,0.0,0.0,0.019833333593704348
2012-05-29,2012-05-30,validation,hybrid_topology_fhs_scenario,0.94,0.1,1000,2476,3476,0.012337223097637056,0.013648697011725625,0.004896927016332908,0.0,0.0,0.008607378706320942
2012-05-30,2012-05-31,validation,hybrid_topology_fhs_scenario,0.94,0.1,1000,2477,3477,0.012429716725873577,0.013716799157038724,-0.00023336824361226433,0.0,0.0,0.013728044065329572
2012-05-31,2012-06-01,validation,hybrid_topology_fhs_scenario,0.94,0.1,1000,2478,3478,0.011775564515250438,0.012997807946951986,0.01166995358106655,0.0,0.0,0.0012957141160801393
2012-06-01,2012-06-04,validation,hybrid_topology_fhs_scenario,0.94,0.1,1000,2479,3479,0.01368637533353703,0.01478691544909476,0.0025861587909308927,0.0,0.0,0.01200673990713583
2012-06-04,2012-06-05,validation,hybrid_topology_fhs_scenario,0.94,0.1,1000,2480,3480,0.013434999202955477,0.014534668472772568,-0.003218004266584939,0.0,0.0,0.017475385955568974
2012-06-05,2012-06-06,validation,hybrid_topology_fhs_scenario,0.94,0.1,1000,2481,3481,0.013202059939932186,0.014354095009941609,-0.0108592619975159,0.0,0.0,0.024823636301645552
2012-06-06,2012-06-07,validation,hybrid_topology_fhs_scenario,0.94,0.1,1000,2482,3482,0.014654560005464529,0.015626611068132863,-0.0013303483082450552,0.0,0.0,0.016692884475105564
2012-06-07,2012-06-08,validation,hybrid_topology_fhs_scenario,0.94,0.1,1000,2483,3483,0.014235688903717231,0.015249429696463425,-0.0050678432552713195,0.0,0.0,0.020002376449531258
2012-06-08,2012-06-11,validation,hybrid_topology_fhs_scenario,0.94,0.1,1000,2484,3484,0.014208229080735485,0.015196946367626033,0.006544103113950284,0.0,0.0,0.008513163432001708
2012-06-11,2012-06-12,validation,hybrid_topology_fhs_scenario,0.94,0.1,1000,2485,3485,0.014447630155351525,0.01542608521751176,-0.004751249470208663,0.0,0.0,0.019864890116783013
2012-06-12,2012-06-13,validation,hybrid_topology_fhs_scenario,0.94,0.1,1000,2486,3486,0.01436004825382941,0.01531131127608105,0.001719003549960285,0.0,0.0,0.013378910480006438
2012-06-13,2012-06-14,validation,hybrid_topology_fhs_scenario,0.94,0.1,1000,2487,3487,0.013969518730135822,0.015022749753209254,-0.005288179566788953,0.0,0.0,0.0199957330699675
2012-06-14,2012-06-15,validation,hybrid_topology_fhs_scenario,0.94,0.1,1000,2488,3488,0.013993846130096927,0.015013116065078649,-0.007989313790562402,0.0,0.0,0.022647200708456616
2012-06-15,2012-06-18,validation,hybrid_topology_fhs_scenario,0.94,0.1,1000,2489,3489,0.014572438536102484,0.015508121567627183,-0.0010521815135309698,0.0,0.0,0.016302541704625532
2012-06-18,2012-06-19,validation,hybrid_topology_fhs_scenario,0.94,0.1,1000,2490,3490,0.014145850051695465,0.01519238814182288,-0.004438455115933903,0.0,0.0,0.019325915227989158
2012-06-19,2012-06-20,validation,hybrid_topology_fhs_scenario,0.94,0.1,1000,2491,3491,0.014029480007027858,0.015066998895654413,0.0017871130554358405,0.0,0.0,0.013070312363729028
2012-06-20,2012-06-21,validation,hybrid_topology_fhs_scenario,0.94,0.1,1000,2492,3492,0.01365399765127966,0.014687904684334814,0.012610356330247319,0.0,0.0,0.0020360460584456317
2012-06-21,2012-06-22,validation,hybrid_topology_fhs_scenario,0.94,0.1,1000,2493,3493,0.0156359352136494,0.01646230703371392,-0.002881157821900393,0.0,0.0,0.019045049164579456
2012-06-22,2012-06-25,validation,hybrid_topology_fhs_scenario,0.94,0.1,1000,2494,3494,0.015279821269748315,0.016129917801343825,0.007426811059489791,0.0,0.0,0.00856405917541027
2012-06-25,2012-06-26,validation,hybrid_topology_fhs_scenario,0.94,0.1,1000,2495,3495,0.015613831606542184,0.0164702568341796,-0.0021280829791555877,0.0,0.0,0.018310800463858783
2012-06-26,2012-06-27,validation,hybrid_topology_fhs_scenario,0.94,0.1,1000,2496,3496,0.015203971933683006,0.016129156817160515,-0.005965618293134866,0.0,0.0,0.021754101634806174
2012-06-27,2012-06-28,validation,hybrid_topology_fhs_scenario,0.94,0.1,1000,2497,3497,0.01526370307315044,0.01618022407985909,0.00041659015994526265,0.0,0.0,0.015518014201048034
2012-06-28,2012-06-29,validation,hybrid_topology_fhs_scenario,0.94,0.1,1000,2498,3498,0.014825083299809937,0.015759446171200966,-0.013111443626629703,0.0,0.0,0.028428482822149298
2012-06-29,2012-07-02,validation,hybrid_topology_fhs_scenario,0.94,0.1,1000,2499,3499,0.01678415679120526,0.01745809108124094,-0.0036631504720773924,0.0,0.0,0.0207976835871182
2012-07-02,2012-07-03,validation,hybrid_topology_fhs_scenario,0.94,0.1,1000,2500,3500,0.01636672476995123,0.01715915217182882,-0.002958411787085468,0.0,0.0,0.019807876225511795
2012-07-03,2012-07-05,validation,hybrid_topology_fhs_scenario,0.94,0.1,1000,2501,3501,0.016059170105709054,0.016813171802478,0.0016332800921674106,0.0,0.0,0.01494465331768824
2012-07-05,2012-07-06,validation,hybrid_topology_fhs_scenario,0.94,0.1,1000,2502,3502,0.015620875335713082,0.01640426270322619,0.0042983558034982,0.0,0.0,0.011916484422556939
2012-07-06,2012-07-09,validation,hybrid_topology_fhs_scenario,0.94,0.1,1000,2503,3503,0.015411550189023349,0.01614788348998562,-0.00035148357288192775,0.0,0.0,0.016244513223914913
2012-07-09,2012-07-10,validation,hybrid_topology_fhs_scenario,0.94,0.1,1000,2504,3504,0.01494387458950127,0.015781449199211428,0.005049104091273127,0.0,0.0,0.010562984185222125
2012-07-10,2012-07-11,validation,hybrid_topology_fhs_scenario,0.94,0.1,1000,2505,3505,0.01487140454105229,0.01566815309989972,0.0002771728282037867,0.0,0.0,0.01515214808203202
2012-07-11,2012-07-12,validation,hybrid_topology_fhs_scenario,0.94,0.1,1000,2506,3506,0.014419882576151252,0.015261009141685213,0.001988638376258578,0.0,0.0,0.013064873938289895
2012-07-12,2012-07-13,validation,hybrid_topology_fhs_scenario,0.94,0.1,1000,2507,3507,0.014042809035158721,0.01498540880613241,-0.00973699660957541,0.0,0.0,0.024342143336762462
2012-07-13,2012-07-16,validation,hybrid_topology_fhs_scenario,0.94,0.1,1000,2508,3508,0.015071658054588412,0.015894249708454666,0.0005344988661085459,0.0,0.0,0.015121128663172265
2012-07-16,2012-07-17,validation,hybrid_topology_fhs_scenario,0.94,0.1,1000,2509,3509,0.014617174663859703,0.01551001400426956,-0.0030958139336056956,0.0,0.0,0.018317812125403028
2012-07-17,2012-07-18,validation,hybrid_topology_fhs_scenario,0.94,0.1,1000,2510,3510,0.014320170995375163,0.015184027041901743,-0.004847384047139735,0.0,0.0,0.01972230136224059
2012-07-18,2012-07-19,validation,hybrid_topology_fhs_scenario,0.94,0.1,1000,2511,3511,0.014252092998449163,0.015162156868871028,-0.0009859714988033727,0.0,0.0,0.015896805803455066
2012-07-19,2012-07-20,validation,hybrid_topology_fhs_scenario,0.94,0.1,1000,2512,3512,0.013867374325145454,0.014784192627694225,0.003910504739775211,0.0,0.0,0.010701414386574739
2012-07-20,2012-07-23,validation,hybrid_topology_fhs_scenario,0.94,0.1,1000,2513,3513,0.013694545808541791,0.01471015421147162,0.005409684621415045,0.0,0.0,0.009150806462176428
2012-07-23,2012-07-24,validation,hybrid_topology_fhs_scenario,0.94,0.1,1000,2514,3514,0.013756930491814702,0.014738997723221294,0.004385672913776495,0.0,0.0,0.010188204264989063
2012-07-24,2012-07-25,validation,hybrid_topology_fhs_scenario,0.94,0.1,1000,2515,3515,0.013653539703543393,0.014645888017818276,-0.00035344259526719495,0.0,0.0,0.01476441717074644
2012-07-25,2012-07-26,validation,hybrid_topology_fhs_scenario,0.94,0.1,1000,2516,3516,0.013239688103033241,0.014279558920664261,-0.008660281670396185,0.0,0.0,0.02258534427401823
2012-07-26,2012-07-27,validation,hybrid_topology_fhs_scenario,0.94,0.1,1000,2517,3517,0.013962308536797054,0.014674222050663044,-0.008174637378355864,0.0,0.0,0.022499007402444964
2012-07-27,2012-07-30,validation,hybrid_topology_fhs_scenario,0.94,0.1,1000,2518,3518,0.014573874420574147,0.015313664058262929,-0.0012876690119714596,0.0,0.0,0.01634491517780398
2012-07-30,2012-07-31,validation,hybrid_topology_fhs_scenario,0.94,0.1,1000,2519,3519,0.014230601260270535,0.014981235528241993,0.003500159218014387,0.0,0.0,0.011301353822894477
2012-07-31,2012-08-01,validation,hybrid_topology_fhs_scenario,0.94,0.1,1000,2520,3520,0.01399143137916519,0.014760901225302608,0.001981666661502768,0.0,0.0,0.01257985134688147
2012-08-01,2012-08-02,validation,hybrid_topology_fhs_scenario,0.94,0.1,1000,2521,3521,0.013628855774945976,0.014318541083307556,0.0031861804052288663,0.0,0.0,0.010958478414823895
2012-08-02,2012-08-03,validation,hybrid_topology_fhs_scenario,0.94,0.1,1000,2522,3522,0.013381936663434449,0.014167907758755252,-0.009807787732555173,0.0,0.0,0.023608200347987558
2012-08-03,2012-08-06,validation,hybrid_topology_fhs_scenario,0.94,0.1,1000,2523,3523,0.014440133774498893,0.015211774963636671,-0.0014206252736521207,0.0,0.0,0.01637519782183808
2012-08-06,2012-08-07,validation,hybrid_topology_fhs_scenario,0.94,0.1,1000,2524,3524,0.014043504352226897,0.014784749216712138,-0.0009064485041057942,0.0,0.0,0.015448417306360809
2012-08-07,2012-08-08,validation,hybrid_topology_fhs_scenario,0.94,0.1,1000,2525,3525,0.013689618861980874,0.014452538867746082,-0.00017096855769223036,0.0,0.0,0.014396525613999085
2012-08-08,2012-08-09,validation,hybrid_topology_fhs_scenario,0.94,0.1,1000,2526,3526,0.013273063341828541,0.014095883572719648,-0.00021552396200865683,0.0,0.0,0.01408850821939847
2012-08-09,2012-08-10,validation,hybrid_topology_fhs_scenario,0.94,0.1,1000,2527,3527,0.012869817232207153,0.013735601265057731,-0.002132904238135813,0.0,0.0,0.015621820080317135
2012-08-10,2012-08-13,validation,hybrid_topology_fhs_scenario,0.94,0.1,1000,2528,3528,0.012588687078519916,0.013391025942402796,0.0005575173889376339,0.0,0.0,0.012632982536524355
2012-08-13,2012-08-14,validation,hybrid_topology_fhs_scenario,0.94,0.1,1000,2529,3529,0.012180923152222729,0.01293327193079384,0.001879127852173257,0.0,0.0,0.010880808429655562
2012-08-14,2012-08-15,validation,hybrid_topology_fhs_scenario,0.94,0.1,1000,2530,3530,0.011878358377001085,0.012683662366359568,0.0013292610728891762,0.0,0.0,0.011176032234174751
2012-08-15,2012-08-16,validation,hybrid_topology_fhs_scenario,0.94,0.1,1000,2531,3531,0.011575915433000352,0.012414882018446318,-0.003453448104499479,0.0,0.0,0.01562191550524715
2012-08-16,2012-08-17,validation,hybrid_topology_fhs_scenario,0.94,0.1,1000,2532,3532,0.011456236692341694,0.01213853783225801,-0.0012911617730524405,0.0,0.0,0.013221431099831631
2012-08-17,2012-08-20,validation,hybrid_topology_fhs_scenario,0.94,0.1,1000,2533,3533,0.011140431047653736,0.011851327124065147,-0.00026680811331916134,0.0,0.0,0.01192925424805943
2012-08-20,2012-08-21,validation,hybrid_topology_fhs_scenario,0.94,0.1,1000,2534,3534,0.010802508464151003,0.011550052799090403,0.0014775424406207936,0.0,0.0,0.00991394725974317
2012-08-21,2012-08-22,validation,hybrid_topology_fhs_scenario,0.94,0.1,1000,2535,3535,0.010562246427708732,0.011299999705675683,-0.003360870815824813,0.0,0.0,0.014433579930898317
2012-08-22,2012-08-23,validation,hybrid_topology_fhs_scenario,0.94,0.1,1000,2536,3536,0.010483907343394168,0.011253374354147742,0.004202056141672261,0.0,0.0,0.0069378537691808136
2012-08-23,2012-08-24,validation,hybrid_topology_fhs_scenario,0.94,0.1,1000,2537,3537,0.010545326156726986,0.011389785427626756,-0.0034397522128418066,0.0,0.0,0.014598649983152539
2012-08-24,2012-08-27,validation,hybrid_topology_fhs_scenario,0.94,0.1,1000,2538,3538,0.010479321986519954,0.011309496618000662,-0.0011658342317757422,0.0,0.0,0.01227989914071495
2012-08-27,2012-08-28,validation,hybrid_topology_fhs_scenario,0.94,0.1,1000,2539,3539,0.010189910128746524,0.011025534151939494,0.0004452262557755437,0.0,0.0,0.010413247037489562
2012-08-28,2012-08-29,validation,hybrid_topology_fhs_scenario,0.94,0.1,1000,2540,3540,0.009969964971104573,0.010799579361724753,-0.0002077379006723667,0.0,0.0,0.01083391135955496
2012-08-29,2012-08-30,validation,hybrid_topology_fhs_scenario,0.94,0.1,1000,2541,3541,0.009885719358598787,0.01080204624638096,0.0035840852516689334,0.0,0.0,0.007100528310913525
2012-08-30,2012-08-31,validation,hybrid_topology_fhs_scenario,0.94,0.1,1000,2542,3542,0.009790720678839085,0.010605732415398469,-0.005446829017021714,0.0,0.0,0.01580362289356829
2012-08-31,2012-09-04,validation,hybrid_topology_fhs_scenario,0.94,0.1,1000,2543,3543,0.010080545303201132,0.010895770907802072,0.0014677351068397737,0.0,0.0,0.009278463007901853
2012-09-04,2012-09-05,validation,hybrid_topology_fhs_scenario,0.94,0.1,1000,2544,3544,0.010064212036674399,0.011294310486973547,0.0006577503471120404,0.0,0.0,0.010464710753260593
2012-09-05,2012-09-06,validation,hybrid_topology_fhs_scenario,0.94,0.1,1000,2545,3545,0.009768191603739927,0.011113223488321364,-0.00945144625867167,0.0,0.0,0.020242749381942326
2012-09-06,2012-09-07,validation,hybrid_topology_fhs_scenario,0.94,0.1,1000,2546,3546,0.01122833160298875,0.012359778931350854,-0.002856171617851233,0.0,0.0,0.014976396817680435
2012-09-07,2012-09-10,validation,hybrid_topology_fhs_scenario,0.94,0.1,1000,2547,3547,0.011002917756594632,0.012036175537108429,0.0032233708424737714,0.0,0.0,0.00867028004641
2012-09-10,2012-09-11,validation,hybrid_topology_fhs_scenario,0.94,0.1,1000,2548,3548,0.010838655996842677,0.011886934194364058,-0.0009314308885636446,0.0,0.0,0.012615606824708574
2012-09-11,2012-09-12,validation,hybrid_topology_fhs_scenario,0.94,0.1,1000,2549,3549,0.010622153819543574,0.011872237044550203,-3.46479192370186e-05,0.0,0.0,0.011715780857080346
2012-09-12,2012-09-13,validation,hybrid_topology_fhs_scenario,0.94,0.1,1000,2550,3550,0.010413692087930313,0.011662429250081258,-0.010297569496459814,0.0,0.0,0.02161811139372145
2012-09-13,2012-09-14,validation,hybrid_topology_fhs_scenario,0.94,0.1,1000,2551,3551,0.012158004502401886,0.013336341871951884,0.0010946152449356375,0.0,0.0,0.012046317353915502
2012-09-14,2012-09-17,validation,hybrid_topology_fhs_scenario,0.94,0.1,1000,2552,3552,0.011810696450419128,0.013011322773517247,0.0012118230296608301,0.0,0.0,0.01161050098446759
2012-09-17,2012-09-18,validation,hybrid_topology_fhs_scenario,0.94,0.1,1000,2553,3553,0.011612321233863826,0.012782303889500333,-0.0005206748112372096,0.0,0.0,0.013091734193670114
2012-09-18,2012-09-19,validation,hybrid_topology_fhs_scenario,0.94,0.1,1000,2554,3554,0.01126415998832367,0.012511929583101164,-0.0012616581403521287,0.0,0.0,0.013554506211653718
2012-09-19,2012-09-20,validation,hybrid_topology_fhs_scenario,0.94,0.1,1000,2555,3555,0.010954841964521669,0.012296542945992889,-0.00026403680137057075,0.0,0.0,0.012358754041338297
2012-09-20,2012-09-21,validation,hybrid_topology_fhs_scenario,0.94,0.1,1000,2556,3556,0.01076270529445107,0.012088624952904062,-0.0006063939230164239,0.0,0.0,0.01249133439619715
2012-09-21,2012-09-24,validation,hybrid_topology_fhs_scenario,0.94,0.1,1000,2557,3557,0.010443236682055152,0.01185090349320096,1.3059298025708222e-05,0.0,0.0,0.011646199864136167
2012-09-24,2012-09-25,validation,hybrid_topology_fhs_scenario,0.94,0.1,1000,2558,3558,0.010329860967086968,0.011597403046304237,0.004900734723174515,0.0,0.0,0.006583542877490604
2012-09-25,2012-09-26,validation,hybrid_topology_fhs_scenario,0.94,0.1,1000,2559,3559,0.010384142272727008,0.011735720611198909,0.0017099305953504728,0.0,0.0,0.00986188738222599
2012-09-26,2012-09-27,validation,hybrid_topology_fhs_scenario,0.94,0.1,1000,2560,3560,0.010106854836824363,0.01125690776914481,-0.0048064331499469756,0.0,0.0,0.015810890275982203
2012-09-27,2012-09-28,validation,hybrid_topology_fhs_scenario,0.94,0.1,1000,2561,3561,0.01036353829668138,0.011550667258853783,0.0027794448409441674,0.0,0.0,0.008627782792019246
2012-09-28,2012-10-01,validation,hybrid_topology_fhs_scenario,0.94,0.1,1000,2562,3562,0.010239537510763326,0.011523153243370726,-0.002325915989244853,0.0,0.0,0.013628497036800271
2012-10-01,2012-10-02,validation,hybrid_topology_fhs_scenario,0.94,0.1,1000,2563,3563,0.010056812683053553,0.011394473741493534,-0.00036536704465448536,0.0,0.0,0.0115700665637714
2012-10-02,2012-10-03,validation,hybrid_topology_fhs_scenario,0.94,0.1,1000,2564,3564,0.009885719358598787,0.011141772010732144,-0.002855379762038446,0.0,0.0,0.013774633969657698
2012-10-03,2012-10-04,validation,hybrid_topology_fhs_scenario,0.94,0.1,1000,2565,3565,0.009885719358598787,0.011091515500269095,-0.0027168355625755585,0.0,0.0,0.013589167835485281
2012-10-04,2012-10-05,validation,hybrid_topology_fhs_scenario,0.94,0.1,1000,2566,3566,0.00978087777951916,0.011049967688365418,0.0017717931866833238,0.0,0.0,0.009126310985068399
2012-10-05,2012-10-08,validation,hybrid_topology_fhs_scenario,0.94,0.1,1000,2567,3567,0.009594415625756036,0.010877361031407013,0.000752380918620554,0.0,0.0,0.009960275957038153
2012-10-08,2012-10-09,validation,hybrid_topology_fhs_scenario,0.94,0.1,1000,2568,3568,0.009317438590328126,0.010616917002370784,0.006746806640263281,0.0,0.0,0.003799063922555464
2012-10-09,2012-10-10,validation,hybrid_topology_fhs_scenario,0.94,0.1,1000,2569,3569,0.009954387073866124,0.011288348239760687,0.0028633266830667466,0.0,0.0,0.008285306621684585
2012-10-10,2012-10-11,validation,hybrid_topology_fhs_scenario,0.94,0.1,1000,2570,3570,0.009851791645557346,0.011233314581756488,-0.0007054079809042157,0.0,0.0,0.011745826494858802
2012-10-11,2012-10-12,validation,hybrid_topology_fhs_scenario,0.94,0.1,1000,2571,3571,0.009741291423756215,0.010976803875853881,0.001930316208988758,0.0,0.0,0.008898435227341168
2012-10-12,2012-10-15,validation,hybrid_topology_fhs_scenario,0.94,0.1,1000,2572,3572,0.009535062989312015,0.01075054106474191,-0.005107964162023704,0.0,0.0,0.015608472867609833
2012-10-15,2012-10-16,validation,hybrid_topology_fhs_scenario,0.94,0.1,1000,2573,3573,0.009885719358598787,0.011145759031737092,-0.004193961853178596,0.0,0.0,0.015097024674910569
2012-10-16,2012-10-17,validation,hybrid_topology_fhs_scenario,0.94,0.1,1000,2574,3574,0.009885719358598787,0.01124838016402015,-0.000194514194254136,0.0,0.0,0.011257624334845959
2012-10-17,2012-10-18,validation,hybrid_topology_fhs_scenario,0.94,0.1,1000,2575,3575,0.009651470139191187,0.01096050499584133,0.0022699554238496456,0.0,0.0,0.00854710097984531
2012-10-18,2012-10-19,validation,hybrid_topology_fhs_scenario,0.94,0.1,1000,2576,3576,0.009646851122216877,0.010907291427392357,0.00831292809813755,0.0,0.0,0.0025428434762642294
2012-10-19,2012-10-22,validation,hybrid_topology_fhs_scenario,0.94,0.1,1000,2577,3577,0.010649323637615211,0.011831238102371494,0.00125909872266039,0.0,0.0,0.010401738144367874
2012-10-22,2012-10-23,validation,hybrid_topology_fhs_scenario,0.94,0.1,1000,2578,3578,0.010360538049242024,0.011566160061936432,0.006417272773823623,0.0,0.0,0.005059597758664173
2012-10-23,2012-10-24,validation,hybrid_topology_fhs_scenario,0.94,0.1,1000,2579,3579,0.01083556513278345,0.012018746043512172,0.0025538060562197095,0.0,0.0,0.009311134078375787
2012-10-24,2012-10-25,validation,hybrid_topology_fhs_scenario,0.94,0.1,1000,2580,3580,0.010645692762317128,0.011756712874490975,-0.00028849026581139175,0.0,0.0,0.011853414892076093
2012-10-25,2012-10-26,validation,hybrid_topology_fhs_scenario,0.94,0.1,1000,2581,3581,0.010319647249113375,0.011247341283760292,-0.0022083733284199883,0.0,0.0,0.013244601952651109
2012-10-26,2012-10-31,validation,hybrid_topology_fhs_scenario,0.94,0.1,1000,2582,3582,0.010118915163512189,0.011128169821430396,-0.0016379566285161574,0.0,0.0,0.012564542006618173
2012-10-31,2012-11-01,validation,hybrid_topology_fhs_scenario,0.94,0.1,1000,2583,3583,0.00998298140599405,0.010939635748415551,-0.005484263524004218,0.0,0.0,0.01616797423990926
2012-11-01,2012-11-02,validation,hybrid_topology_fhs_scenario,0.94,0.1,1000,2584,3584,0.010329860967086968,0.011487309764495027,0.00500006941456792,0.0,0.0,0.00637835725670412
2012-11-02,2012-11-05,validation,hybrid_topology_fhs_scenario,0.94,0.1,1000,2585,3585,0.010501119072706037,0.011613072141444705,-0.0021950557762159483,0.0,0.0,0.013589886468208358
2012-11-05,2012-11-06,validation,hybrid_topology_fhs_scenario,0.94,0.1,1000,2586,3586,0.010291739987439144,0.01144167483783416,-0.002878525081159155,0.0,0.0,0.014093897571704466
2012-11-06,2012-11-07,validation,hybrid_topology_fhs_scenario,0.94,0.1,1000,2587,3587,0.010275755819520338,0.01134258945153426,0.010245723546310303,0.0,0.0,0.0010697445803254586
2012-11-07,2012-11-08,validation,hybrid_topology_fhs_scenario,0.94,0.1,1000,2588,3588,0.011928268447214785,0.012866481973911936,0.00544158750863346,0.0,0.0,0.007304138913032327
2012-11-08,2012-11-09,validation,hybrid_topology_fhs_scenario,0.94,0.1,1000,2589,3589,0.012123191776205421,0.013025787161862064,-0.0005580001061507023,0.0,0.0,0.013371004505136008
2012-11-09,2012-11-12,validation,hybrid_topology_fhs_scenario,0.94,0.1,1000,2590,3590,0.011862107214354139,0.01278000396072312,-0.000735323158657497,0.0,0.0,0.013303418245126219
2012-11-12,2012-11-13,validation,hybrid_topology_fhs_scenario,0.94,0.1,1000,2591,3591,0.011606533783025418,0.012705138100671667,0.0016050990393418063,0.0,0.0,0.01092255243223345
2012-11-13,2012-11-14,validation,hybrid_topology_fhs_scenario,0.94,0.1,1000,2592,3592,0.0113057131153515,0.012517368894486396,0.00798890654580824,0.0,0.0,0.004448418855656635
2012-11-14,2012-11-15,validation,hybrid_topology_fhs_scenario,0.94,0.1,1000,2593,3593,0.012132284180241345,0.013171336778339279,0.0011988088530928477,0.0,0.0,0.011782549480386754
2012-11-15,2012-11-16,validation,hybrid_topology_fhs_scenario,0.94,0.1,1000,2594,3594,0.011794491182166253,0.012899929405259821,-0.003219263175653042,0.0,0.0,0.015866350309968236
2012-11-16,2012-11-19,validation,hybrid_topology_fhs_scenario,0.94,0.1,1000,2595,3595,0.011639430120883478,0.012705487867210005,-0.011336476335666744,0.0,0.0,0.02367067416237033
2012-11-19,2012-11-20,validation,hybrid_topology_fhs_scenario,0.94,0.1,1000,2596,3596,0.013420637440808887,0.014356537074798592,0.0013956644444595768,0.0,0.0,0.012757100544544034
2012-11-20,2012-11-21,validation,hybrid_topology_fhs_scenario,0.94,0.1,1000,2597,3597,0.013076769676107889,0.014035225875925804,-0.0005298980019845078,0.0,0.0,0.014337062457743476
2012-11-21,2012-11-23,validation,hybrid_topology_fhs_scenario,0.94,0.1,1000,2598,3598,0.012734851918942712,0.013696810005595689,-0.007953294811605404,0.0,0.0,0.021315733664076547
2012-11-23,2012-11-26,validation,hybrid_topology_fhs_scenario,0.94,0.1,1000,2599,3599,0.013355184790694405,0.014191567725895405,0.0006074890730387582,0.0,0.0,0.013371953643711786
2012-11-26,2012-11-27,validation,hybrid_topology_fhs_scenario,0.94,0.1,1000,2600,3600,0.012986413967066505,0.013864746618481917,0.002139828350949724,0.0,0.0,0.011540261167005057
2012-11-27,2012-11-28,validation,hybrid_topology_fhs_scenario,0.94,0.1,1000,2601,3601,0.012640067543528333,0.013526949094108788,-0.005347404228924146,0.0,0.0,0.018582369207681637
2012-11-28,2012-11-29,validation,hybrid_topology_fhs_scenario,0.94,0.1,1000,2602,3602,0.012758967096300358,0.013596046751731497,-0.0032041098424104852,0.0,0.0,0.01653978344867554
2012-11-29,2012-11-30,validation,hybrid_topology_fhs_scenario,0.94,0.1,1000,2603,3603,0.012582694835431814,0.01341459028931814,-5.3261376883417816e-05,0.0,0.0,0.01325751493666967
2012-11-30,2012-12-03,validation,hybrid_topology_fhs_scenario,0.94,0.1,1000,2604,3604,0.01219942677030682,0.013094996213568707,0.0031131307299965267,0.0,0.0,0.009823181806885978
2012-12-03,2012-12-04,validation,hybrid_topology_fhs_scenario,0.94,0.1,1000,2605,3605,0.012056720219626357,0.012960075965133742,0.00014852611502114133,0.0,0.0,0.012610343044905837
2012-12-04,2012-12-05,validation,hybrid_topology_fhs_scenario,0.94,0.1,1000,2606,3606,0.011689845381493607,0.012650542930974703,-0.0013930291103116054,0.0,0.0,0.013823311485172202
2012-12-05,2012-12-06,validation,hybrid_topology_fhs_scenario,0.94,0.1,1000,2607,3607,0.011470844425269766,0.01240933940530835,-0.0022556116890108504,0.0,0.0,0.014435591878104026
2012-12-06,2012-12-07,validation,hybrid_topology_fhs_scenario,0.94,0.1,1000,2608,3608,0.011228743957621284,0.012232764947957334,-0.0006791791137248815,0.0,0.0,0.012708224690853623
2012-12-07,2012-12-10,validation,hybrid_topology_fhs_scenario,0.94,0.1,1000,2609,3609,0.011002917756594632,0.01192985970709609,-0.0006209669489444458,0.0,0.0,0.012353294836694912
2012-12-10,2012-12-11,validation,hybrid_topology_fhs_scenario,0.94,0.1,1000,2610,3610,0.010777269143989797,0.01180374967314782,-0.003312890927487011,0.0,0.0,0.014879626186333728
2012-12-11,2012-12-12,validation,hybrid_topology_fhs_scenario,0.94,0.1,1000,2611,3611,0.010748330907706891,0.01177837588530541,0.0014029700532946167,0.0,0.0,0.010209474294754646
2012-12-12,2012-12-13,validation,hybrid_topology_fhs_scenario,0.94,0.1,1000,2612,3612,0.010465874976975355,0.011589278688337545,0.00445613754659182,0.0,0.0,0.007014909987505917
2012-12-13,2012-12-14,validation,hybrid_topology_fhs_scenario,0.94,0.1,1000,2613,3613,0.010603804314750338,0.011692833683156578,0.0013397935142386297,0.0,0.0,0.010186854272700116
2012-12-14,2012-12-17,validation,hybrid_topology_fhs_scenario,0.94,0.1,1000,2614,3614,0.010322356113868338,0.011521394970415872,-0.0049428081262189675,0.0,0.0,0.01620524966161984
2012-12-17,2012-12-18,validation,hybrid_topology_fhs_scenario,0.94,0.1,1000,2615,3615,0.01057447495113419,0.0116942537477943,-0.005114938705399874,0.0,0.0,0.01654585677842966
2012-12-18,2012-12-19,validation,hybrid_topology_fhs_scenario,0.94,0.1,1000,2616,3616,0.010833443586254063,0.01188623980555488,0.003897463871531448,0.0,0.0,0.007858416332820072
2012-12-19,2012-12-20,validation,hybrid_topology_fhs_scenario,0.94,0.1,1000,2617,3617,0.010842407385963966,0.011880211521754232,-0.003712519582657903,0.0,0.0,0.01534846209648805
2012-12-20,2012-12-21,validation,hybrid_topology_fhs_scenario,0.94,0.1,1000,2618,3618,0.010777269143989797,0.011830543599454542,0.004365664597797414,0.0,0.0,0.0073423730720776235
2012-12-21,2012-12-24,validation,hybrid_topology_fhs_scenario,0.94,0.1,1000,2619,3619,0.01078316131914098,0.011910208080757347,0.0022575951022959727,0.0,0.0,0.009496553316168289
2012-12-24,2012-12-26,validation,hybrid_topology_fhs_scenario,0.94,0.1,1000,2620,3620,0.010696040608569117,0.011805016741683022,0.0017060291566307613,0.0,0.0,0.009936413009945338
2012-12-26,2012-12-27,validation,hybrid_topology_fhs_scenario,0.94,0.1,1000,2621,3621,0.010436831321788997,0.011661475831274075,-1.3867449961768564e-05,0.0,0.0,0.011487966686922453
2012-12-27,2012-12-28,validation,hybrid_topology_fhs_scenario,0.94,0.1,1000,2622,3622,0.01010772572402021,0.011181613081360722,0.005557259610936472,0.0,0.0,0.005529249294794481
2012-12-28,2012-12-31,validation,hybrid_topology_fhs_scenario,0.94,0.1,1000,2623,3623,0.01037348621456222,0.011357951106226723,-0.00808784850095483,0.0,0.0,0.019144267964157184
2012-12-31,2013-01-02,validation,hybrid_topology_fhs_scenario,0.94,0.1,1000,2624,3624,0.011269787696543231,0.012146508233173174,-0.01355460629717382,0.0,0.0,0.025306830607025488
2013-01-02,2013-01-03,validation,hybrid_topology_fhs_scenario,0.94,0.1,1000,2625,3625,0.014100775859520255,0.014759065250435478,0.0034117258966765316,0.0,0.0,0.011170546369543411
2013-01-03,2013-01-04,validation,hybrid_topology_fhs_scenario,0.94,0.1,1000,2626,3626,0.013857606220576938,0.014642478555310895,-0.0028231428463927786,0.0,0.0,0.01719578835733078
2013-01-04,2013-01-07,validation,hybrid_topology_fhs_scenario,0.94,0.1,1000,2627,3627,0.013565573454955527,0.014386032236718926,0.0014143739207120418,0.0,0.0,0.012768878853449147
2013-01-07,2013-01-08,validation,hybrid_topology_fhs_scenario,0.94,0.1,1000,2628,3628,0.013186111109423596,0.014055424255530094,0.0007508759842186351,0.0,0.0,0.01309628691578072
2013-01-08,2013-01-09,validation,hybrid_topology_fhs_scenario,0.94,0.1,1000,2629,3629,0.01279412665167796,0.013390081946970571,-0.001750493002011666,0.0,0.0,0.014907506771794577
2013-01-09,2013-01-10,validation,hybrid_topology_fhs_scenario,0.94,0.1,1000,2630,3630,0.012458399737563625,0.012836305750950443,-0.0036093176453825477,0.0,0.0,0.01619515998525413
2013-01-10,2013-01-11,validation,hybrid_topology_fhs_scenario,0.94,0.1,1000,2631,3631,0.012314591552196748,0.012893106479641524,-0.0012355421645801501,0.0,0.0,0.013910933765283903
2013-01-11,2013-01-14,validation,hybrid_topology_fhs_scenario,0.94,0.1,1000,2632,3632,0.011967590113374806,0.012433203816340985,0.0005578544285579801,0.0,0.0,0.011692563009936596
2013-01-14,2013-01-15,validation,hybrid_topology_fhs_scenario,0.94,0.1,1000,2633,3633,0.011608919673651234,0.012057871530853293,-0.0013815277260543547,0.0,0.0,0.013233318749482012
2013-01-15,2013-01-16,validation,hybrid_topology_fhs_scenario,0.94,0.1,1000,2634,3634,0.011320303722294978,0.011795893497644747,-0.0004412555620423975,0.0,0.0,0.012048835926038337
2013-01-16,2013-01-17,validation,hybrid_topology_fhs_scenario,0.94,0.1,1000,2635,3635,0.010979370638033574,0.011490520825466257,-0.0020488871126339344,0.0,0.0,0.01333120531715436
2013-01-17,2013-01-18,validation,hybrid_topology_fhs_scenario,0.94,0.1,1000,2636,3636,0.010959081431519366,0.012054865601661474,-0.002461716664503655,0.0,0.0,0.01428787569047123
2013-01-18,2013-01-22,validation,hybrid_topology_fhs_scenario,0.94,0.1,1000,2637,3637,0.01075616113090983,0.011877550285759424,-0.003572040309055291,0.0,0.0,0.015206632844343997
2013-01-22,2013-01-23,validation,hybrid_topology_fhs_scenario,0.94,0.1,1000,2638,3638,0.01074203596811214,0.011919932632597163,-0.001151991837101729,0.0,0.0,0.012864066636008559
2013-01-23,2013-01-24,validation,hybrid_topology_fhs_scenario,0.94,0.1,1000,2639,3639,0.010421116649146134,0.0116305274624245,0.0005103845661933448,0.0,0.0,0.010941246644654902
2013-01-24,2013-01-25,validation,hybrid_topology_fhs_scenario,0.94,0.1,1000,2640,3640,0.010255521289179809,0.011438287052394535,-0.000720131812429292,0.0,0.0,0.011964214924219323
2013-01-25,2013-01-28,validation,hybrid_topology_fhs_scenario,0.94,0.1,1000,2641,3641,0.009955511664839822,0.01120734052031904,0.0015465699655986987,0.0,0.0,0.009503340707844744
2013-01-28,2013-01-29,validation,hybrid_topology_fhs_scenario,0.94,0.1,1000,2642,3642,0.009953601990776998,0.01118134254046403,-0.0017558725062155832,0.0,0.0,0.012730879415482548
2013-01-29,2013-01-30,validation,hybrid_topology_fhs_scenario,0.94,0.1,1000,2643,3643,0.009577103655841412,0.010779654766705728,0.002123189916539081,0.0,0.0,0.008514592366305505
2013-01-30,2013-01-31,validation,hybrid_topology_fhs_scenario,0.94,0.1,1000,2644,3644,0.009328961174961091,0.010383306505622632,0.001140044380134597,0.0,0.0,0.0090940697402991
2013-01-31,2013-02-01,validation,hybrid_topology_fhs_scenario,0.94,0.1,1000,2645,3645,0.009078993203507395,0.01015468174072571,-0.004813434780742431,0.0,0.0,0.014732837888273936
2013-02-01,2013-02-04,validation,hybrid_topology_fhs_scenario,0.94,0.1,1000,2646,3646,0.0092871923002465,0.010257965974716782,0.004433724800458649,0.0,0.0,0.005727169819899558
2013-02-04,2013-02-05,validation,hybrid_topology_fhs_scenario,0.94,0.1,1000,2647,3647,0.009498278015205591,0.010439855345979378,-0.004627925399026899,0.0,0.0,0.014832348260523447
2013-02-05,2013-02-06,validation,hybrid_topology_fhs_scenario,0.94,0.1,1000,2648,3648,0.009734627043572247,0.010695188646946414,-0.0016459923319737779,0.0,0.0,0.012146457648202647
2013-02-06,2013-02-07,validation,hybrid_topology_fhs_scenario,0.94,0.1,1000,2649,3649,0.009515688112864008,0.010493989351551535,0.0006054019989311321,0.0,0.0,0.009730475529944221
2013-02-07,2013-02-08,validation,hybrid_topology_fhs_scenario,0.94,0.1,1000,2650,3650,0.00932187780824014,0.010140086522592611,-0.003640378667988875,0.0,0.0,0.013565576125579239
2013-02-08,2013-02-11,validation,hybrid_topology_fhs_scenario,0.94,0.1,1000,2651,3651,0.009394366180077168,0.010394598381389697,0.0005328531925393066,0.0,0.0,0.009703816689004508
2013-02-11,2013-02-12,validation,hybrid_topology_fhs_scenario,0.94,0.1,1000,2652,3652,0.009124709923007996,0.010158953452100383,-0.0005739994569275097,0.0,0.0,0.010561616180101551
2013-02-12,2013-02-13,validation,hybrid_topology_fhs_scenario,0.94,0.1,1000,2653,3653,0.009067720979508741,0.010136441418349138,0.0008825428258208757,0.0,0.0,0.009104402909251935
2013-02-13,2013-02-14,validation,hybrid_topology_fhs_scenario,0.94,0.1,1000,2654,3654,0.008840366682323835,0.009973182274411012,-0.0022554700787391193,0.0,0.0,0.012033894411932006
2013-02-14,2013-02-15,validation,hybrid_topology_fhs_scenario,0.94,0.1,1000,2655,3655,0.008791852113803098,0.009894159969324107,0.0010862445053782198,0.0,0.0,0.008664773653431488
2013-02-15,2013-02-19,validation,hybrid_topology_fhs_scenario,0.94,0.1,1000,2656,3656,0.008662544340555434,0.009956289890502495,-0.0038551366038308108,0.0,0.0,0.013591317641418835
2013-02-19,2013-02-20,validation,hybrid_topology_fhs_scenario,0.94,0.1,1000,2657,3657,0.008745021723065806,0.010087016446801898,0.006608784923110832,0.0,0.0,0.003412638103598339
2013-02-20,2013-02-21,validation,hybrid_topology_fhs_scenario,0.94,0.1,1000,2658,3658,0.00959866957232226,0.010909277049967407,0.0028554895967733748,0.0,0.0,0.00791987456661967
2013-02-21,2013-02-22,validation,hybrid_topology_fhs_scenario,0.94,0.1,1000,2659,3659,0.00952297383318161,0.010851532927207934,-0.006352486296305315,0.0,0.0,0.016932673344220286
2013-02-22,2013-02-25,validation,hybrid_topology_fhs_scenario,0.94,0.1,1000,2660,3660,0.010018258471314122,0.011210445362820311,0.008334368332671583,0.0,0.0,0.002821014005781436
2013-02-25,2013-02-26,validation,hybrid_topology_fhs_scenario,0.94,0.1,1000,2661,3661,0.011093457237406356,0.01223899545797746,-0.003361732141156093,0.0,0.0,0.01535526130294084
2013-02-26,2013-02-27,validation,hybrid_topology_fhs_scenario,0.94,0.1,1000,2662,3662,0.011002917756594632,0.012092551507933366,-0.007371918935811772,0.0,0.0,0.01916160704957557
2013-02-27,2013-02-28,validation,hybrid_topology_fhs_scenario,0.94,0.1,1000,2663,3663,0.011706224379500134,0.01283306687992699,0.0006240978501370176,0.0,0.0,0.012014566069338855
2013-02-28,2013-03-01,validation,hybrid_topology_fhs_scenario,0.94,0.1,1000,2664,3664,0.011447292037488418,0.01255518214607666,-0.0029766559173898255,0.0,0.0,0.015287781591428604
2013-03-01,2013-03-04,validation,hybrid_topology_fhs_scenario,0.94,0.1,1000,2665,3665,0.011281464196946207,0.012416907299247897,-0.0022629849609649977,0.0,0.0,0.014448339445286685
2013-03-04,2013-03-05,validation,hybrid_topology_fhs_scenario,0.94,0.1,1000,2666,3666,0.011045406153694384,0.012253310074495602,-0.004963879520712044,0.0,0.0,0.01694685271207152
2013-03-05,2013-03-06,validation,hybrid_topology_fhs_scenario,0.94,0.1,1000,2667,3667,0.011227830725228394,0.012478683176265696,0.00045496474504176394,0.0,0.0,0.011830854130245198
2013-03-06,2013-03-07,validation,hybrid_topology_fhs_scenario,0.94,0.1,1000,2668,3668,0.010890177157318631,0.012048620679536133,0.00045084047446071213,0.0,0.0,0.011412229066777115
2013-03-07,2013-03-08,validation,hybrid_topology_fhs_scenario,0.94,0.1,1000,2669,3669,0.010562864281888901,0.011798595135696515,-0.0005242175915727287,0.0,0.0,0.012125613227822128
2013-03-08,2013-03-11,validation,hybrid_topology_fhs_scenario,0.94,0.1,1000,2670,3670,0.010247273288709025,0.011488815580899325,-0.002466675337709212,0.0,0.0,0.013733743131907505
2013-03-11,2013-03-12,validation,hybrid_topology_fhs_scenario,0.94,0.1,1000,2671,3671,0.010108184383454679,0.011285914580336193,0.0002483699356779609,0.0,0.0,0.010860204173019543
2013-03-12,2013-03-13,validation,hybrid_topology_fhs_scenario,0.94,0.1,1000,2672,3672,0.00980171165201409,0.010809885864509521,-0.0005081420667523151,0.0,0.0,0.011138175770167954
2013-03-13,2013-03-14,validation,hybrid_topology_fhs_scenario,0.94,0.1,1000,2673,3673,0.009509426846357603,0.010544878491197014,-0.0033077336780750863,0.0,0.0,0.013634468470284624
2013-03-14,2013-03-15,validation,hybrid_topology_fhs_scenario,0.94,0.1,1000,2674,3674,0.009491617246722388,0.010515910353679131,-0.0006049026385172241,0.0,0.0,0.010943757866243842
2013-03-15,2013-03-18,validation,hybrid_topology_fhs_scenario,0.94,0.1,1000,2675,3675,0.009323845653235853,0.010419196093740877,0.001994224547701728,0.0,0.0,0.00828764346844351
2013-03-18,2013-03-19,validation,hybrid_topology_fhs_scenario,0.94,0.1,1000,2676,3676,0.009153129003133665,0.010199475416405647,0.00015610712397260405,0.0,0.0,0.009882254303913828
2013-03-19,2013-03-20,validation,hybrid_topology_fhs_scenario,0.94,0.1,1000,2677,3677,0.008866080553774342,0.009862433261766224,-0.0026582054250194878,0.0,0.0,0.012322865579404008
2013-03-20,2013-03-21,validation,hybrid_topology_fhs_scenario,0.94,0.1,1000,2678,3678,0.008861758584678369,0.009919180205575561,0.004074177357221753,0.0,0.0,0.005746753589419529
2013-03-21,2013-03-22,validation,hybrid_topology_fhs_scenario,0.94,0.1,1000,2679,3679,0.008865847961435015,0.009720097556272504,-0.004969114937886277,0.0,0.0,0.014460331810798022
2013-03-22,2013-03-25,validation,hybrid_topology_fhs_scenario,0.94,0.1,1000,2680,3680,0.009239496863145274,0.010167499537742132,0.0022067652131549263,0.0,0.0,0.007832043282972427
2013-03-25,2013-03-26,validation,hybrid_topology_fhs_scenario,0.94,0.1,1000,2681,3681,0.009083531838120627,0.010008108647274753,-0.00521288247199152,0.0,0.0,0.014983430484385739
2013-03-26,2013-03-27,validation,hybrid_topology_fhs_scenario,0.94,0.1,1000,2682,3682,0.009466475743219965,0.010286590513797381,-0.0017183395400564017,0.0,0.0,0.011816654955340202
2013-03-27,2013-03-28,validation,hybrid_topology_fhs_scenario,0.94,0.1,1000,2683,3683,0.009252102396739447,0.01011821437125822,-0.0011001647570195948,0.0,0.0,0.011041442321608462
2013-03-28,2013-04-01,validation,hybrid_topology_fhs_scenario,0.94,0.1,1000,2684,3684,0.009023013573516446,0.009924654317605959,0.0013111609674474778,0.0,0.0,0.008475274542465208
2013-04-01,2013-04-02,validation,hybrid_topology_fhs_scenario,0.94,0.1,1000,2685,3685,0.008862409153362205,0.009788531033182047,-0.0021790183534694304,0.0,0.0,0.011778774927053507
2013-04-02,2013-04-03,validation,hybrid_topology_fhs_scenario,0.94,0.1,1000,2686,3686,0.008775416995808933,0.00971717375839587,0.0044057332996361165,0.0,0.0,0.005222351284252487
2013-04-03,2013-04-04,validation,hybrid_topology_fhs_scenario,0.94,0.1,1000,2687,3687,0.00902715140645092,0.009925953777924924,-0.004032133234894797,0.0,0.0,0.013739727683912684
2013-04-04,2013-04-05,validation,hybrid_topology_fhs_scenario,0.94,0.1,1000,2688,3688,0.009183948040778715,0.010041212855733906,0.0014369032008894496,0.0,0.0,0.008466672361872239
2013-04-05,2013-04-08,validation,hybrid_topology_fhs_scenario,0.94,0.1,1000,2689,3689,0.00896818316289258,0.009913592338535551,-0.0027695952180656572,0.0,0.0,0.012483485651495761
2013-04-08,2013-04-09,validation,hybrid_topology_fhs_scenario,0.94,0.1,1000,2690,3690,0.008903030989865434,0.009839696536363813,-0.0022222161149542782,0.0,0.0,0.011871617306083337
2013-04-09,2013-04-10,validation,hybrid_topology_fhs_scenario,0.94,0.1,1000,2691,3691,0.008824350531075909,0.009700751567553881,-0.0056852628344541845,0.0,0.0,0.015146460175613165
2013-04-10,2013-04-11,validation,hybrid_topology_fhs_scenario,0.94,0.1,1000,2692,3692,0.00924196991771257,0.010167984584516423,-0.0024122003640720366,0.0,0.0,0.012382222027691594
2013-04-11,2013-04-12,validation,hybrid_topology_fhs_scenario,0.94,0.1,1000,2693,3693,0.009110144281369296,0.010048438824037864,-0.0007556271986443933,0.0,0.0,0.010632622086915337
2013-04-12,2013-04-15,validation,hybrid_topology_fhs_scenario,0.94,0.1,1000,2694,3694,0.008964290134676487,0.009885436944083724,0.013019602562654909,1.0,1.0,0.007148924922269823
2013-04-15,2013-04-16,validation,hybrid_topology_fhs_scenario,0.94,0.1,1000,2695,3695,0.012099164252503678,0.012822521152429238,-0.007716868758563677,0.0,0.0,0.020224065493328766
2013-04-16,2013-04-17,validation,hybrid_topology_fhs_scenario,0.94,0.1,1000,2696,3696,0.012814188898775855,0.013523143652640207,0.00802876899701237,0.0,0.0,0.005404869488254776
2013-04-17,2013-04-18,validation,hybrid_topology_fhs_scenario,0.94,0.1,1000,2697,3697,0.013478207507392705,0.014442122816385582,0.0035308331755210085,0.0,0.0,0.010737981143161676
2013-04-18,2013-04-19,validation,hybrid_topology_fhs_scenario,0.94,0.1,1000,2698,3698,0.013277253059566152,0.01431017859691937,-0.00499480199403628,0.0,0.0,0.01900507662671778
2013-04-19,2013-04-22,validation,hybrid_topology_fhs_scenario,0.94,0.1,1000,2699,3699,0.013295146824566152,0.014254318204951922,-0.0028838273735259713,0.0,0.0,0.016871481680996867
2013-04-22,2013-04-23,validation,hybrid_topology_fhs_scenario,0.94,0.1,1000,2700,3700,0.013085221703851074,0.014127567446402315,-0.005927718847279673,0.0,0.0,0.019744033541851246
2013-04-23,2013-04-24,validation,hybrid_topology_fhs_scenario,0.94,0.1,1000,2701,3701,0.01329072547324398,0.01433247827007807,-0.0005647707466571728,0.0,0.0,0.014663372753515874
2013-04-24,2013-04-25,validation,hybrid_topology_fhs_scenario,0.94,0.1,1000,2702,3702,0.012891363056724872,0.013884597480305147,-0.001990165083254558,0.0,0.0,0.015626708780870507
2013-04-25,2013-04-26,validation,hybrid_topology_fhs_scenario,0.94,0.1,1000,2703,3703,0.01267857422874958,0.013607611999709559,-0.0003778753242362101,0.0,0.0,0.013766414636376983
2013-04-26,2013-04-29,validation,hybrid_topology_fhs_scenario,0.94,0.1,1000,2704,3704,0.012294972920868726,0.013298860946787568,-0.0038719655827973657,0.0,0.0,0.016903225251381968
2013-04-29,2013-04-30,validation,hybrid_topology_fhs_scenario,0.94,0.1,1000,2705,3705,0.012048613025320632,0.012714899074398054,-0.0013580039200422167,0.0,0.0,0.01385514658903289
2013-04-30,2013-05-01,validation,hybrid_topology_fhs_scenario,0.94,0.1,1000,2706,3706,0.0117164818380327,0.012439773375024095,0.0039542314296053815,0.0,0.0,0.00835102590086752
2013-05-01,2013-05-02,validation,hybrid_topology_fhs_scenario,0.94,0.1,1000,2707,3707,0.01166995358106655,0.012393223644151293,-0.005572543363209758,0.0,0.0,0.017689047801619787
2013-05-02,2013-05-03,validation,hybrid_topology_fhs_scenario,0.94,0.1,1000,2708,3708,0.011946503095409528,0.01270752351219165,-0.0026731659686729525,0.0,0.0,0.015142368934483813
2013-05-03,2013-05-06,validation,hybrid_topology_fhs_scenario,0.94,0.1,1000,2709,3709,0.011719529015926938,0.012494509861492292,-0.0010066301903988604,0.0,0.0,0.01329087314265713
2013-05-06,2013-05-07,validation,hybrid_topology_fhs_scenario,0.94,0.1,1000,2710,3710,0.011481441666150404,0.012196931823586495,-0.0024855315272481523,0.0,0.0,0.014455071498997767
2013-05-07,2013-05-08,validation,hybrid_topology_fhs_scenario,0.94,0.1,1000,2711,3711,0.011257067107624441,0.012031490307711218,-0.0032128161590688985,0.0,0.0,0.015007897637777549
2013-05-08,2013-05-09,validation,hybrid_topology_fhs_scenario,0.94,0.1,1000,2712,3712,0.011126952724974696,0.01190319765525374,0.001763646034306765,0.0,0.0,0.00997969589732998
2013-05-09,2013-05-10,validation,hybrid_topology_fhs_scenario,0.94,0.1,1000,2713,3713,0.010853296398764185,0.011610285450875432,0.00030825069026509935,0.0,0.0,0.011124934348680065
2013-05-10,2013-05-13,validation,hybrid_topology_fhs_scenario,0.94,0.1,1000,2714,3714,0.010528351861497571,0.011338078742826406,0.00023078176197461892,0.0,0.0,0.010932590257325722
2013-05-13,2013-05-14,validation,hybrid_topology_fhs_scenario,0.94,0.1,1000,2715,3715,0.010245723546310303,0.011080073128716348,-0.004594847847022132,0.0,0.0,0.01543145366527834
2013-05-14,2013-05-15,validation,hybrid_topology_fhs_scenario,0.94,0.1,1000,2716,3716,0.010371475898912989,0.011234735638597646,-0.004281577264929969,0.0,0.0,0.015274935612577855
2013-05-15,2013-05-16,validation,hybrid_topology_fhs_scenario,0.94,0.1,1000,2717,3717,0.010461833788614176,0.011374173283592902,0.0009104827723289018,0.0,0.0,0.010297611758645254
2013-05-16,2013-05-17,validation,hybrid_topology_fhs_scenario,0.94,0.1,1000,2718,3718,0.010275265588295428,0.011284200978791997,-0.0036477416977966914,0.0,0.0,0.014697874182534891
2013-05-17,2013-05-20,validation,hybrid_topology_fhs_scenario,0.94,0.1,1000,2719,3719,0.010154571226587722,0.010999873778393218,0.00033514808592629566,0.0,0.0,0.010496301781561863
2013-05-20,2013-05-21,validation,hybrid_topology_fhs_scenario,0.94,0.1,1000,2720,3720,0.009925754455559854,0.010887118707811528,-0.0019108267552457648,0.0,0.0,0.012596362638588916
2013-05-21,2013-05-22,validation,hybrid_topology_fhs_scenario,0.94,0.1,1000,2721,3721,0.009710621803268784,0.010662768154726495,0.007624193676366486,0.0,0.0,0.0029834743976700317
2013-05-22,2013-05-23,validation,hybrid_topology_fhs_scenario,0.94,0.1,1000,2722,3722,0.010658675988883481,0.011446233335353561,0.0013219345029834352,0.0,0.0,0.009964558776419873
2013-05-23,2013-05-24,validation,hybrid_topology_fhs_scenario,0.94,0.1,1000,2723,3723,0.010372322280969739,0.01111139665791542,0.00035712828048006795,0.0,0.0,0.010585563608004363
2013-05-24,2013-05-28,validation,hybrid_topology_fhs_scenario,0.94,0.1,1000,2724,3724,0.010062698961137841,0.010718714365638224,0.0011051084407138318,0.0,0.0,0.009462841682005521
2013-05-28,2013-05-29,validation,hybrid_topology_fhs_scenario,0.94,0.1,1000,2725,3725,0.009784570027325667,0.010572573484783153,0.002261286332939893,0.0,0.0,0.008178737809991036
2013-05-29,2013-05-30,validation,hybrid_topology_fhs_scenario,0.94,0.1,1000,2726,3726,0.009684314588914852,0.010347121704360326,-0.0022530840794332983,0.0,0.0,0.012404574625882264
2013-05-30,2013-05-31,validation,hybrid_topology_fhs_scenario,0.94,0.1,1000,2727,3727,0.009513358202480608,0.010241490879352824,0.009709302203737601,1.0,0.0,0.0007128685199692651
2013-05-31,2013-06-03,validation,hybrid_topology_fhs_scenario,0.94,0.1,1000,2728,3728,0.011248348999835404,0.011834564120983845,-0.0038814436704622144,0.0,0.0,0.015474405523362883
2013-06-03,2013-06-04,validation,hybrid_topology_fhs_scenario,0.94,0.1,1000,2729,3729,0.011118437000331816,0.011771367445088,0.0039092292238113386,0.0,0.0,0.00773767684350995
2013-06-04,2013-06-05,validation,hybrid_topology_fhs_scenario,0.94,0.1,1000,2730,3730,0.011188306647661485,0.011867431911351032,0.0064588466095087055,0.0,0.0,0.005320665269677797
2013-06-05,2013-06-06,validation,hybrid_topology_fhs_scenario,0.94,0.1,1000,2731,3731,0.01166995358106655,0.012318172492979012,-0.005924363521645937,0.0,0.0,0.01796241578528645
2013-06-06,2013-06-07,validation,hybrid_topology_fhs_scenario,0.94,0.1,1000,2732,3732,0.012015726245145417,0.012685298610731663,-0.004529137179106701,0.0,0.0,0.016949523529334924
2013-06-07,2013-06-10,validation,hybrid_topology_fhs_scenario,0.94,0.1,1000,2733,3733,0.01204312973173726,0.012739171128404803,0.0009916788364281004,0.0,0.0,0.011564319493630378
2013-06-10,2013-06-11,validation,hybrid_topology_fhs_scenario,0.94,0.1,1000,2734,3734,0.011695369315637914,0.0124592022705573,0.0051950958592011705,0.0,0.0,0.007147506485636593
2013-06-11,2013-06-12,validation,hybrid_topology_fhs_scenario,0.94,0.1,1000,2735,3735,0.011871691258163099,0.01261440827829767,0.006758950053613488,0.0,0.0,0.005760199181112573
2013-06-12,2013-06-13,validation,hybrid_topology_fhs_scenario,0.94,0.1,1000,2736,3736,0.01237536312345731,0.013102738484831893,-0.012151945122636308,0.0,0.0,0.024868589599742433
2013-06-13,2013-06-14,validation,hybrid_topology_fhs_scenario,0.94,0.1,1000,2737,3737,0.01434454661712603,0.015014520220813279,0.003231421225593145,0.0,0.0,0.011599652774254959
2013-06-14,2013-06-17,validation,hybrid_topology_fhs_scenario,0.94,0.1,1000,2738,3738,0.014072887405608256,0.014808246286311763,-0.003683651424604406,0.0,0.0,0.018207165656445392
2013-06-17,2013-06-18,validation,hybrid_topology_fhs_scenario,0.94,0.1,1000,2739,3739,0.013862717026806066,0.014610229916932102,-0.004515221236249633,0.0,0.0,0.01883109425698275
2013-06-18,2013-06-19,validation,hybrid_topology_fhs_scenario,0.94,0.1,1000,2740,3740,0.013772308313788709,0.014511865953771892,0.013774164541736411,1.0,0.0,0.0007210965424028187
2013-06-19,2013-06-20,validation,hybrid_topology_fhs_scenario,0.94,0.1,1000,2741,3741,0.01615716868931136,0.016859135783526692,0.0166816236012447,1.0,0.0,0.000692284740538948
2013-06-20,2013-06-21,validation,hybrid_topology_fhs_scenario,0.94,0.1,1000,2742,3742,0.019232587340755943,0.01972870294719036,0.002302103416529544,0.0,0.0,0.017160239381636563
2013-06-21,2013-06-24,validation,hybrid_topology_fhs_scenario,0.94,0.1,1000,2743,3743,0.018709536642828352,0.019255929788939405,0.008562098782757354,0.0,0.0,0.010527959609628209
2013-06-24,2013-06-25,validation,hybrid_topology_fhs_scenario,0.94,0.1,1000,2744,3744,0.01896716893989662,0.019531171987229427,-0.005297192138575512,0.0,0.0,0.024450298633444535
2013-06-25,2013-06-26,validation,hybrid_topology_fhs_scenario,0.94,0.1,1000,2745,3745,0.018768643604172568,0.019322661094557565,-0.00755379253895847,0.0,0.0,0.026467766654109444
2013-06-26,2013-06-27,validation,hybrid_topology_fhs_scenario,0.94,0.1,1000,2746,3746,0.018878696210470926,0.019396961748289723,-0.005677246210682264,0.0,0.0,0.024692912184209218
2013-06-27,2013-06-28,validation,hybrid_topology_fhs_scenario,0.94,0.1,1000,2747,3747,0.018689570691786887,0.019237558920629047,0.00292604880946683,0.0,0.0,0.016061357577206364
2013-06-28,2013-07-01,validation,hybrid_topology_fhs_scenario,0.94,0.1,1000,2748,3748,0.01822457471350627,0.018869979917598034,-0.0036683414465707555,0.0,0.0,0.02219379249166534
2013-07-01,2013-07-02,validation,hybrid_topology_fhs_scenario,0.94,0.1,1000,2749,3749,0.017837283502,0.018492313154928466,0.00040177366066922464,0.0,0.0,0.017812631105316064
2013-07-02,2013-07-03,validation,hybrid_topology_fhs_scenario,0.94,0.1,1000,2750,3750,0.017253601390347668,0.01779659130830932,0.0005206040904846443,0.0,0.0,0.01701141751037769
2013-07-03,2013-07-05,validation,hybrid_topology_fhs_scenario,0.94,0.1,1000,2751,3751,0.016731558217254527,0.017404857018014603,0.0002559547244860303,0.0,0.0,0.016884935771118045
2013-07-05,2013-07-08,validation,hybrid_topology_fhs_scenario,0.94,0.1,1000,2752,3752,0.016222737740489504,0.016849155123806536,-0.005770689036961407,0.0,0.0,0.02227428232452325
2013-07-08,2013-07-09,validation,hybrid_topology_fhs_scenario,0.94,0.1,1000,2753,3753,0.016188499896297903,0.016798959520342105,-0.004991270105788237,0.0,0.0,0.021457271585497945
2013-07-09,2013-07-10,validation,hybrid_topology_fhs_scenario,0.94,0.1,1000,2754,3754,0.016041013158645093,0.016520171553109118,0.0012040103792229308,0.0,0.0,0.015081627172333254
2013-07-10,2013-07-11,validation,hybrid_topology_fhs_scenario,0.94,0.1,1000,2755,3755,0.015572871022218904,0.016075759974432,-0.012175652139975755,0.0,0.0,0.027822612043169506
2013-07-11,2013-07-12,validation,hybrid_topology_fhs_scenario,0.94,0.1,1000,2756,3756,0.01712646924448342,0.017448901529693445,6.314934665958561e-05,0.0,0.0,0.017121741577436254
2013-07-12,2013-07-15,validation,hybrid_topology_fhs_scenario,0.94,0.1,1000,2757,3757,0.016604780933255372,0.016972322333369032,-0.0035492003168648536,0.0,0.0,0.02021002439647924
2013-07-15,2013-07-16,validation,hybrid_topology_fhs_scenario,0.94,0.1,1000,2758,3758,0.0161845811807343,0.016542236423550728,0.0020521436543648576,0.0,0.0,0.01426916482521992
2013-07-16,2013-07-17,validation,hybrid_topology_fhs_scenario,0.94,0.1,1000,2759,3759,0.015749957718950453,0.016125767833087983,-0.003301071798431687,0.0,0.0,0.019131678935905498
2013-07-17,2013-07-18,validation,hybrid_topology_fhs_scenario,0.94,0.1,1000,2760,3760,0.01550687819166993,0.015888787185178405,-0.0014164280885579303,0.0,0.0,0.017041817954695206
2013-07-18,2013-07-19,validation,hybrid_topology_fhs_scenario,0.94,0.1,1000,2761,3761,0.014984325566463466,0.015436285237126422,-0.0032579595709195442,0.0,0.0,0.018409311539218647
2013-07-19,2013-07-22,validation,hybrid_topology_fhs_scenario,0.94,0.1,1000,2762,3762,0.014764277494250053,0.015149119432557225,-0.0011314943963742774,0.0,0.0,0.01603255620211446
2013-07-22,2013-07-23,validation,hybrid_topology_fhs_scenario,0.94,0.1,1000,2763,3763,0.014334198642180182,0.014718042844522251,0.0017415940817161692,0.0,0.0,0.01277796358934057
2013-07-23,2013-07-24,validation,hybrid_topology_fhs_scenario,0.94,0.1,1000,2764,3764,0.013945544786500112,0.014371112265421449,0.004888898984763146,0.0,0.0,0.009335724406659213
2013-07-24,2013-07-25,validation,hybrid_topology_fhs_scenario,0.94,0.1,1000,2765,3765,0.013904895195656,0.014327539039151356,-0.0020483092195623166,0.0,0.0,0.016125984096398014
2013-07-25,2013-07-26,validation,hybrid_topology_fhs_scenario,0.94,0.1,1000,2766,3766,0.013549719745298715,0.014008118751809765,-0.0009919916640106052,0.0,0.0,0.014770524769517953
2013-07-26,2013-07-29,validation,hybrid_topology_fhs_scenario,0.94,0.1,1000,2767,3767,0.01315375728958316,0.013663835540808649,0.0026670023292480584,0.0,0.0,0.010826779930874926
2013-07-29,2013-07-30,validation,hybrid_topology_fhs_scenario,0.94,0.1,1000,2768,3768,0.012875396284123436,0.013381801464927857,0.00011759351105169459,0.0,0.0,0.013060180782759974
2013-07-30,2013-07-31,validation,hybrid_topology_fhs_scenario,0.94,0.1,1000,2769,3769,0.012514048241782375,0.01316759272850741,-0.0007015306014620305,0.0,0.0,0.013654551035152647
2013-07-31,2013-08-01,validation,hybrid_topology_fhs_scenario,0.94,0.1,1000,2770,3770,0.012143438303248428,0.012856246324426647,-0.0034044460334682106,0.0,0.0,0.016009653892314648
2013-08-01,2013-08-02,validation,hybrid_topology_fhs_scenario,0.94,0.1,1000,2771,3771,0.01198963984265739,0.012803304419753378,-0.004427076275415898,0.0,0.0,0.016963788338970776
2013-08-02,2013-08-05,validation,hybrid_topology_fhs_scenario,0.94,0.1,1000,2772,3772,0.011992145943381282,0.012765686775728492,0.002134751502860843,0.0,0.0,0.010463735835451163
2013-08-05,2013-08-06,validation,hybrid_topology_fhs_scenario,0.94,0.1,1000,2773,3773,0.011759362037828567,0.012679705972489358,0.0032908025385116166,0.0,0.0,0.009238866443121468
2013-08-06,2013-08-07,validation,hybrid_topology_fhs_scenario,0.94,0.1,1000,2774,3774,0.011611304980641751,0.012540029610658518,0.00048711337153834995,0.0,0.0,0.011862835249233199
2013-08-07,2013-08-08,validation,hybrid_topology_fhs_scenario,0.94,0.1,1000,2775,3775,0.01126228378602071,0.012131498824231642,-0.002788179864521334,0.0,0.0,0.014687191358039572
2013-08-08,2013-08-09,validation,hybrid_topology_fhs_scenario,0.94,0.1,1000,2776,3776,0.011177284410577916,0.01214802930137013,0.0014570956167662796,0.0,0.0,0.010520862230426871
2013-08-09,2013-08-12,validation,hybrid_topology_fhs_scenario,0.94,0.1,1000,2777,3777,0.010973591051709853,0.011930115790343646,0.0014919823246096087,0.0,0.0,0.010271996216361687
2013-08-12,2013-08-13,validation,hybrid_topology_fhs_scenario,0.94,0.1,1000,2778,3778,0.010857362967768912,0.012022317339830484,0.0018371582938939035,0.0,0.0,0.010020732116526914
2013-08-13,2013-08-14,validation,hybrid_topology_fhs_scenario,0.94,0.1,1000,2779,3779,0.01064594577005839,0.011831425487256712,0.0027208563652961534,0.0,0.0,0.008962055787959167
2013-08-14,2013-08-15,validation,hybrid_topology_fhs_scenario,0.94,0.1,1000,2780,3780,0.010492778277657917,0.011723128084103484,0.010607366460582223,1.0,0.0,0.0012013098840282924
2013-08-15,2013-08-16,validation,hybrid_topology_fhs_scenario,0.94,0.1,1000,2781,3781,0.012341761639195752,0.013344831267999943,0.0035356578852463235,0.0,0.0,0.009652005085724273
2013-08-16,2013-08-19,validation,hybrid_topology_fhs_scenario,0.94,0.1,1000,2782,3782,0.012206250218257263,0.013249050962908812,0.005552600311471844,0.0,0.0,0.007570575884218897
2013-08-19,2013-08-20,validation,hybrid_topology_fhs_scenario,0.94,0.1,1000,2783,3783,0.012576594609661852,0.013892118696665106,-0.0051157588524832764,0.0,0.0,0.018709604145041123
2013-08-20,2013-08-21,validation,hybrid_topology_fhs_scenario,0.94,0.1,1000,2784,3784,0.012672328202256033,0.013986045647348266,0.006210059180374849,0.0,0.0,0.007646209495517893
2013-08-21,2013-08-22,validation,hybrid_topology_fhs_scenario,0.94,0.1,1000,2785,3785,0.01287588670061243,0.014023358030861882,-0.005309044902759607,0.0,0.0,0.019030942176314673
2013-08-22,2013-08-23,validation,hybrid_topology_fhs_scenario,0.94,0.1,1000,2786,3786,0.012956022097620633,0.014077500005861032,-0.004272237799937306,0.0,0.0,0.01806327695962896
2013-08-23,2013-08-26,validation,hybrid_topology_fhs_scenario,0.94,0.1,1000,2787,3787,0.012892597618852105,0.014019629184622217,0.0014334878276317299,0.0,0.0,0.01238607892097793
2013-08-26,2013-08-27,validation,hybrid_topology_fhs_scenario,0.94,0.1,1000,2788,3788,0.012645028152449306,0.013716144131914893,0.007378776085294557,0.0,0.0,0.006231596366126376
2013-08-27,2013-08-28,validation,hybrid_topology_fhs_scenario,0.94,0.1,1000,2789,3789,0.013046524496095174,0.014130119491134898,-0.0005057726610831811,0.0,0.0,0.014405517819984412
2013-08-28,2013-08-29,validation,hybrid_topology_fhs_scenario,0.94,0.1,1000,2790,3790,0.012753817239855214,0.013826399958883564,-0.0013497355323563998,0.0,0.0,0.01493776763168108
2013-08-29,2013-08-30,validation,hybrid_topology_fhs_scenario,0.94,0.1,1000,2791,3791,0.012464973664727918,0.01360619010175575,0.0026557093551284215,0.0,0.0,0.01077481137105764
2013-08-30,2013-09-03,validation,hybrid_topology_fhs_scenario,0.94,0.1,1000,2792,3792,0.012260311581140212,0.013404590632178992,-0.00044284826392693155,0.0,0.0,0.013628284522153948
2013-09-03,2013-09-04,validation,hybrid_topology_fhs_scenario,0.94,0.1,1000,2793,3793,0.011971967387555283,0.013136159880058352,-0.0036398287346784295,0.0,0.0,0.016512706860590698
2013-09-04,2013-09-05,validation,hybrid_topology_fhs_scenario,0.94,0.1,1000,2794,3794,0.011795373648232469,0.012911664738921705,0.002299325077476766,0.0,0.0,0.010441991655616373
2013-09-05,2013-09-06,validation,hybrid_topology_fhs_scenario,0.94,0.1,1000,2795,3795,0.011623060000708563,0.012688580312909141,-0.0027229807833695665,0.0,0.0,0.015169732476712522
2013-09-06,2013-09-09,validation,hybrid_topology_fhs_scenario,0.94,0.1,1000,2796,3796,0.011424616754889004,0.012520677834148229,-0.0065523445910308006,0.0,0.0,0.018775966478008752
2013-09-09,2013-09-10,validation,hybrid_topology_fhs_scenario,0.94,0.1,1000,2797,3797,0.011878358377001085,0.012722021608719792,-0.002586870441027722,0.0,0.0,0.015070822036684113
2013-09-10,2013-09-11,validation,hybrid_topology_fhs_scenario,0.94,0.1,1000,2798,3798,0.011656663539086854,0.012576829591443905,-0.003904607181204778,0.0,0.0,0.016225013560535382
2013-09-11,2013-09-12,validation,hybrid_topology_fhs_scenario,0.94,0.1,1000,2799,3799,0.011614194555015426,0.012592626860286192,0.0015536998182124951,0.0,0.0,0.010863558813389886
2013-09-12,2013-09-13,validation,hybrid_topology_fhs_scenario,0.94,0.1,1000,2800,3800,0.011310637601089281,0.012208713534789766,-0.0018727907248351273,0.0,0.0,0.013861300936393515
2013-09-13,2013-09-16,validation,hybrid_topology_fhs_scenario,0.94,0.1,1000,2801,3801,0.011127545196836362,0.012171920152331199,-0.00435608393754423,0.0,0.0,0.016269640278972347
2013-09-16,2013-09-17,validation,hybrid_topology_fhs_scenario,0.94,0.1,1000,2802,3802,0.011189273842003187,0.012156260157193661,-0.003479014571078043,0.0,0.0,0.015391075744195723
2013-09-17,2013-09-18,validation,hybrid_topology_fhs_scenario,0.94,0.1,1000,2803,3803,0.011167279949281746,0.012337463792639166,-0.011904488287134817,0.0,0.0,0.0238666209601438
2013-09-18,2013-09-19,validation,hybrid_topology_fhs_scenario,0.94,0.1,1000,2804,3804,0.013232786572581175,0.014133757928886284,0.0023881952230901727,0.0,0.0,0.011560369551646119
2013-09-19,2013-09-20,validation,hybrid_topology_fhs_scenario,0.94,0.1,1000,2805,3805,0.01293475025482358,0.013844322120835431,0.0037983543439881417,0.0,0.0,0.00988618254153446
2013-09-20,2013-09-23,validation,hybrid_topology_fhs_scenario,0.94,0.1,1000,2806,3806,0.012900919484944874,0.013821720088659888,0.0012716492093708617,0.0,0.0,0.012352611810062539
2013-09-23,2013-09-24,validation,hybrid_topology_fhs_scenario,0.94,0.1,1000,2807,3807,0.012578316951236996,0.013609857561608218,-4.783478392493827e-05,0.0,0.0,0.013442511554246446
2013-09-24,2013-09-25,validation,hybrid_topology_fhs_scenario,0.94,0.1,1000,2808,3808,0.012259834716574174,0.013303880427281742,0.0006332735044357605,0.0,0.0,0.012470107361896215
2013-09-25,2013-09-26,validation,hybrid_topology_fhs_scenario,0.94,0.1,1000,2809,3809,0.01197557841730338,0.012986318067752162,-0.001444456963713758,0.0,0.0,0.014204206009489443
2013-09-26,2013-09-27,validation,hybrid_topology_fhs_scenario,0.94,0.1,1000,2810,3810,0.011682542781503623,0.012902214191206051,0.0022078968330074165,0.0,0.0,0.010521705883728631
2013-09-27,2013-09-30,validation,hybrid_topology_fhs_scenario,0.94,0.1,1000,2811,3811,0.011521766808611257,0.012657342667053966,0.002529962662978735,0.0,0.0,0.009964113545429676
2013-09-30,2013-10-01,validation,hybrid_topology_fhs_scenario,0.94,0.1,1000,2812,3812,0.01137007323886637,0.012582862147399985,-0.003859371680118384,0.0,0.0,0.016183472431020255
2013-10-01,2013-10-02,validation,hybrid_topology_fhs_scenario,0.94,0.1,1000,2813,3813,0.011228444397303375,0.012446724674959758,-0.00010121073927737978,0.0,0.0,0.012347533580247016
2013-10-02,2013-10-03,validation,hybrid_topology_fhs_scenario,0.94,0.1,1000,2814,3814,0.01107854813821647,0.012299812611494041,0.0049827527245942076,0.0,0.0,0.007195091343863561
2013-10-03,2013-10-04,validation,hybrid_topology_fhs_scenario,0.94,0.1,1000,2815,3815,0.011227795173764637,0.01243232662766477,-0.0034483762234333686,0.0,0.0,0.015630446993792665
2013-10-04,2013-10-07,validation,hybrid_topology_fhs_scenario,0.94,0.1,1000,2816,3816,0.011249129361769694,0.012525706580760796,0.004833053940523024,0.0,0.0,0.007564497078444294
2013-10-07,2013-10-08,validation,hybrid_topology_fhs_scenario,0.94,0.1,1000,2817,3817,0.011330209583886953,0.012495880218922355,0.007184672106478796,0.0,0.0,0.005219883284406552
2013-10-08,2013-10-09,validation,hybrid_topology_fhs_scenario,0.94,0.1,1000,2818,3818,0.011954824800906856,0.01328666244985677,0.00027208575790278473,0.0,0.0,0.012806039665085176
2013-10-09,2013-10-10,validation,hybrid_topology_fhs_scenario,0.94,0.1,1000,2819,3819,0.01166995358106655,0.012937876765022106,-0.012068918655670212,0.0,0.0,0.02461901425754238
2013-10-10,2013-10-11,validation,hybrid_topology_fhs_scenario,0.94,0.1,1000,2820,3820,0.013774164541736411,0.014920154566973615,-0.004457442219803154,0.0,0.0,0.019075472934722743
2013-10-11,2013-10-14,validation,hybrid_topology_fhs_scenario,0.94,0.1,1000,2821,3821,0.01365377834530109,0.01468215127533165,-0.0010572840406601002,0.0,0.0,0.015493060056951568
2013-10-14,2013-10-15,validation,hybrid_topology_fhs_scenario,0.94,0.1,1000,2822,3822,0.013300233075255723,0.014381624517015761,0.0042734483497564694,0.0,0.0,0.009945739610332802
2013-10-15,2013-10-16,validation,hybrid_topology_fhs_scenario,0.94,0.1,1000,2823,3823,0.013021778873129119,0.013708713144685457,-0.010315767114636599,0.0,0.0,0.023657243712716665
2013-10-16,2013-10-17,validation,hybrid_topology_fhs_scenario,0.94,0.1,1000,2824,3824,0.014329519995326175,0.014985790595895353,-0.006290833332094792,0.0,0.0,0.0209509118630646
2013-10-17,2013-10-18,validation,hybrid_topology_fhs_scenario,0.94,0.1,1000,2825,3825,0.014641474348064624,0.015320104316627867,-0.004091589211052948,0.0,0.0,0.01911373182507997
2013-10-18,2013-10-21,validation,hybrid_topology_fhs_scenario,0.94,0.1,1000,2826,3826,0.01428007493370273,0.014877273932412559,0.0002390637281606267,0.0,0.0,0.014412665061201054
2013-10-21,2013-10-22,validation,hybrid_topology_fhs_scenario,0.94,0.1,1000,2827,3827,0.013900361176695714,0.014517200631783751,-0.00625270284668118,0.0,0.0,0.02045218653173708
2013-10-22,2013-10-23,validation,hybrid_topology_fhs_scenario,0.94,0.1,1000,2828,3828,0.014232644859593215,0.014916145619504283,0.0021739537377544194,0.0,0.0,0.012544223995924505
2013-10-23,2013-10-24,validation,hybrid_topology_fhs_scenario,0.94,0.1,1000,2829,3829,0.013876664023001035,0.014436873308086112,-0.0011788758232899707,0.0,0.0,0.01537591080155459
2013-10-24,2013-10-25,validation,hybrid_topology_fhs_scenario,0.94,0.1,1000,2830,3830,0.013477375587982949,0.014122527879118623,-0.0034398762630303724,0.0,0.0,0.0172925165571054
2013-10-25,2013-10-28,validation,hybrid_topology_fhs_scenario,0.94,0.1,1000,2831,3831,0.013270966165754787,0.013935676849307247,-0.0005669534836322486,0.0,0.0,0.014278443771109879
2013-10-28,2013-10-29,validation,hybrid_topology_fhs_scenario,0.94,0.1,1000,2832,3832,0.012876804986708415,0.013515716618763225,-0.003744063529422004,0.0,0.0,0.016994494329641903
2013-10-29,2013-10-30,validation,hybrid_topology_fhs_scenario,0.94,0.1,1000,2833,3833,0.012737273085411333,0.013278100341254956,0.004027133671583116,0.0,0.0,0.009106793897068326
2013-10-30,2013-10-31,validation,hybrid_topology_fhs_scenario,0.94,0.1,1000,2834,3834,0.01264432474812861,0.013223261463224117,0.0021685679855528274,0.0,0.0,0.010883083708355263
2013-10-31,2013-11-01,validation,hybrid_topology_fhs_scenario,0.94,0.1,1000,2835,3835,0.012346042957236875,0.01295689485665673,0.0007848162891497701,0.0,0.0,0.011983388870000156
2013-11-01,2013-11-04,validation,hybrid_topology_fhs_scenario,0.94,0.1,1000,2836,3836,0.012076453366670382,0.012665101229578382,-0.0028951592977635165,0.0,0.0,0.015320970140802689
2013-11-04,2013-11-05,validation,hybrid_topology_fhs_scenario,0.94,0.1,1000,2837,3837,0.011682542781503623,0.012190027720895901,0.003700123616984774,0.0,0.0,0.008357480692958538
2013-11-05,2013-11-06,validation,hybrid_topology_fhs_scenario,0.94,0.1,1000,2838,3838,0.011682542781503623,0.012112805493188827,-0.004282086296678189,0.0,0.0,0.01614466578590216
2013-11-06,2013-11-07,validation,hybrid_topology_fhs_scenario,0.94,0.1,1000,2839,3839,0.011696029013457006,0.012292870041424039,0.006527853968953433,0.0,0.0,0.005672572421103876
2013-11-07,2013-11-08,validation,hybrid_topology_fhs_scenario,0.94,0.1,1000,2840,3840,0.012159990598870735,0.012714701045694403,-0.003599660793970826,0.0,0.0,0.016064099307602015
2013-11-08,2013-11-11,validation,hybrid_topology_fhs_scenario,0.94,0.1,1000,2841,3841,0.01203668875860914,0.012610226179617243,9.6038000220533e-05,0.0,0.0,0.012320739982495678
2013-11-11,2013-11-12,validation,hybrid_topology_fhs_scenario,0.94,0.1,1000,2842,3842,0.011674217390161513,0.012320226497484177,0.0015741959382687964,0.0,0.0,0.010578380009753923
2013-11-12,2013-11-13,validation,hybrid_topology_fhs_scenario,0.94,0.1,1000,2843,3843,0.011368246696038906,0.011856792895589975,-0.0064773871769784105,0.0,0.0,0.01805428190948435
2013-11-13,2013-11-14,validation,hybrid_topology_fhs_scenario,0.94,0.1,1000,2844,3844,0.011749583114988244,0.012251092479909317,-0.004925211046657685,0.0,0.0,0.016913643880019286
2013-11-14,2013-11-15,validation,hybrid_topology_fhs_scenario,0.94,0.1,1000,2845,3845,0.01185764910219419,0.012377440111429898,-0.0022967611368209795,0.0,0.0,0.014448890319434757
2013-11-15,2013-11-18,validation,hybrid_topology_fhs_scenario,0.94,0.1,1000,2846,3846,0.011699351727781094,0.012171781528375917,0.0006861128555667672,0.0,0.0,0.011308659344711064
2013-11-18,2013-11-19,validation,hybrid_topology_fhs_scenario,0.94,0.1,1000,2847,3847,0.01135629361716995,0.01187901532579457,0.0027910370213912517,0.0,0.0,0.008946431412751024
2013-11-19,2013-11-20,validation,hybrid_topology_fhs_scenario,0.94,0.1,1000,2848,3848,0.011294893059035006,0.012181950768839963,0.0040757541534655935,0.0,0.0,0.007975733089045705
2013-11-20,2013-11-21,validation,hybrid_topology_fhs_scenario,0.94,0.1,1000,2849,3849,0.011297973691783833,0.012089472533401011,-0.0051966012214411435,0.0,0.0,0.017018867660103347
2013-11-21,2013-11-22,validation,hybrid_topology_fhs_scenario,0.94,0.1,1000,2850,3850,0.011512692142357318,0.012284725387354893,-0.004145531139862956,0.0,0.0,0.016176082346859605
2013-11-22,2013-11-25,validation,hybrid_topology_fhs_scenario,0.94,0.1,1000,2851,3851,0.011477204424108284,0.012048011533822237,0.0002826216832834793,0.0,0.0,0.011583200931683538
2013-11-25,2013-11-26,validation,hybrid_topology_fhs_scenario,0.94,0.1,1000,2852,3852,0.011165244592980645,0.012035361370231213,-0.0010312093995747064,0.0,0.0,0.012861871040486327
2013-11-26,2013-11-27,validation,hybrid_topology_fhs_scenario,0.94,0.1,1000,2853,3853,0.010847920439326328,0.011536089345228857,-0.0005585329560669815,0.0,0.0,0.011906321277717376
2013-11-27,2013-11-29,validation,hybrid_topology_fhs_scenario,0.94,0.1,1000,2854,3854,0.0105243426727823,0.011310320818760738,0.0006329223119418747,0.0,0.0,0.010509377747756798
2013-11-29,2013-12-02,validation,hybrid_topology_fhs_scenario,0.94,0.1,1000,2855,3855,0.01026700185077039,0.011034927852030616,0.003276216169207924,0.0,0.0,0.007634651747567749
2013-12-02,2013-12-03,validation,hybrid_topology_fhs_scenario,0.94,0.1,1000,2856,3856,0.010204439032423476,0.01097672040983349,0.001879973611718544,0.0,0.0,0.008952572782369122
2013-12-03,2013-12-04,validation,hybrid_topology_fhs_scenario,0.94,0.1,1000,2857,3857,0.010045351400248651,0.010906506085350372,0.0018838376579327853,0.0,0.0,0.008878716854155306
2013-12-04,2013-12-05,validation,hybrid_topology_fhs_scenario,0.94,0.1,1000,2858,3858,0.009835557941630815,0.010740787853891787,0.0036291568557897504,0.0,0.0,0.006995904234007896
2013-12-05,2013-12-06,validation,hybrid_topology_fhs_scenario,0.94,0.1,1000,2859,3859,0.00990012645066869,0.010809259892892697,-0.00706429602311922,0.0,0.0,0.0175963612428495
2013-12-06,2013-12-09,validation,hybrid_topology_fhs_scenario,0.94,0.1,1000,2860,3860,0.010730389839029209,0.011834659856951557,-0.0020021876894163793,0.0,0.0,0.013618252132993194
2013-12-09,2013-12-10,validation,hybrid_topology_fhs_scenario,0.94,0.1,1000,2861,3861,0.010498028018106068,0.01173897386384194,0.0004824506035123518,0.0,0.0,0.011075265952967286
2013-12-10,2013-12-11,validation,hybrid_topology_fhs_scenario,0.94,0.1,1000,2862,3862,0.010173502539413454,0.011003883155845624,0.008280757676312821,0.0,0.0,0.0026739747911754884
2013-12-11,2013-12-12,validation,hybrid_topology_fhs_scenario,0.94,0.1,1000,2863,3863,0.011399781543492561,0.012442648703511397,0.0031314385697676084,0.0,0.0,0.009161113310137444
2013-12-12,2013-12-13,validation,hybrid_topology_fhs_scenario,0.94,0.1,1000,2864,3864,0.011185377364003046,0.012222293081547103,-0.0005296334304353723,0.0,0.0,0.012550278457127298
2013-12-13,2013-12-16,validation,hybrid_topology_fhs_scenario,0.94,0.1,1000,2865,3865,0.01085070157804628,0.01193852168257231,-0.0035404213614308234,0.0,0.0,0.015235880697297826
2013-12-16,2013-12-17,validation,hybrid_topology_fhs_scenario,0.94,0.1,1000,2866,3866,0.010704874688408812,0.011580141224464437,0.0006358600042182913,0.0,0.0,0.010771364336581898
2013-12-17,2013-12-18,validation,hybrid_topology_fhs_scenario,0.94,0.1,1000,2867,3867,0.01030262719091999,0.0108735943651461,-0.008737671935280033,0.0,0.0,0.019311387634177477
2013-12-18,2013-12-19,validation,hybrid_topology_fhs_scenario,0.94,0.1,1000,2868,3868,0.011451123959268082,0.011855406990735206,0.002364502305884497,0.0,0.0,0.009344498284263278
2013-12-19,2013-12-20,validation,hybrid_topology_fhs_scenario,0.94,0.1,1000,2869,3869,0.011213300524505577,0.011718124285020535,-0.004728835542033493,0.0,0.0,0.016195207192043065
2013-12-20,2013-12-23,validation,hybrid_topology_fhs_scenario,0.94,0.1,1000,2870,3870,0.011362744821856827,0.011830841430108938,-0.001930865928735059,0.0,0.0,0.013550600782378817
2013-12-23,2013-12-24,validation,hybrid_topology_fhs_scenario,0.94,0.1,1000,2871,3871,0.011091907396514479,0.01164324814788323,0.00024329389197612632,0.0,0.0,0.011223441534554809
2013-12-24,2013-12-26,validation,hybrid_topology_fhs_scenario,0.94,0.1,1000,2872,3872,0.010852565192256448,0.011451130672626248,-0.0027050834023311762,0.0,0.0,0.013937885209029364
2013-12-26,2013-12-27,validation,hybrid_topology_fhs_scenario,0.94,0.1,1000,2873,3873,0.010678910607640242,0.01131740842374559,0.00027420510429108095,0.0,0.0,0.010871170291501638
2013-12-27,2013-12-30,validation,hybrid_topology_fhs_scenario,0.94,0.1,1000,2874,3874,0.010355239065100988,0.010983295696980802,-0.000988583458171899,0.0,0.0,0.011786020401506612
2013-12-30,2013-12-31,validation,hybrid_topology_fhs_scenario,0.94,0.1,1000,2875,3875,0.010061885869936213,0.010514956175604417,-0.0010340772141884448,0.0,0.0,0.011371267185889286
2013-12-31,2014-01-02,validation,hybrid_topology_fhs_scenario,0.94,0.1,1000,2876,3876,0.00978918815977281,0.010246452509713426,0.004178508230679534,0.0,0.0,0.005972352471348977
2014-01-02,2014-01-03,validation,hybrid_topology_fhs_scenario,0.94,0.1,1000,2877,3877,0.009970412448383367,0.010492300473597992,0.00033872461056023707,0.0,0.0,0.009996053344840043
2014-01-03,2014-01-06,validation,hybrid_topology_fhs_scenario,0.94,0.1,1000,2878,3878,0.009700713631933377,0.010163177394694743,0.000614106146751725,0.0,0.0,0.009401210541596258
2014-01-06,2014-01-07,validation,hybrid_topology_fhs_scenario,0.94,0.1,1000,2879,3879,0.009464425341023337,0.009937354132660342,-0.004326101415368155,0.0,0.0,0.014044774426891699
2014-01-07,2014-01-08,validation,hybrid_topology_fhs_scenario,0.94,0.1,1000,2880,3880,0.009592553877306419,0.010122811867430576,0.0018295377656060376,0.0,0.0,0.008163572410395928
2014-01-08,2014-01-09,validation,hybrid_topology_fhs_scenario,0.94,0.1,1000,2881,3881,0.009497860708755645,0.01008492356923734,-0.0014376477877321215,0.0,0.0,0.011343862158010101
2014-01-09,2014-01-10,validation,hybrid_topology_fhs_scenario,0.94,0.1,1000,2882,3882,0.009271081182723651,0.00992693354699082,-0.005001197278856484,0.0,0.0,0.01469765033981692
2014-01-10,2014-01-13,validation,hybrid_topology_fhs_scenario,0.94,0.1,1000,2883,3883,0.009620256724022442,0.01029760137416292,0.006830220652358231,0.0,0.0,0.003408596564476213
2014-01-13,2014-01-14,validation,hybrid_topology_fhs_scenario,0.94,0.1,1000,2884,3884,0.010211003338960079,0.010810849513627227,-0.005032194330388906,0.0,0.0,0.015599399724609218
2014-01-14,2014-01-15,validation,hybrid_topology_fhs_scenario,0.94,0.1,1000,2885,3885,0.010461775107394608,0.011049520718201469,-0.0028762968875194693,0.0,0.0,0.013711052885527056
2014-01-15,2014-01-16,validation,hybrid_topology_fhs_scenario,0.94,0.1,1000,2886,3886,0.010330304364192295,0.010986541083477285,-0.0003349924426317318,0.0,0.0,0.011145148156024532
2014-01-16,2014-01-17,validation,hybrid_topology_fhs_scenario,0.94,0.1,1000,2887,3887,0.010097435641021387,0.01068010287193285,0.001584739337699692,0.0,0.0,0.008953106408910545
2014-01-17,2014-01-21,validation,hybrid_topology_fhs_scenario,0.94,0.1,1000,2888,3888,0.009880784939631512,0.010502173958888132,-0.001328463841025096,0.0,0.0,0.011646964342721961
2014-01-21,2014-01-22,validation,hybrid_topology_fhs_scenario,0.94,0.1,1000,2889,3889,0.009673530543243953,0.010321287926099178,0.0007197480020123327,0.0,0.0,0.00945103925139699
2014-01-22,2014-01-23,validation,hybrid_topology_fhs_scenario,0.94,0.1,1000,2890,3890,0.009391804808441059,0.010116715272088926,0.0022113951655165164,0.0,0.0,0.007779491200337344
2014-01-23,2014-01-24,validation,hybrid_topology_fhs_scenario,0.94,0.1,1000,2891,3891,0.009294115183432488,0.009976431387015632,0.0111818500863629,1.0,1.0,0.0030742762532483744
2014-01-24,2014-01-27,validation,hybrid_topology_fhs_scenario,0.94,0.1,1000,2892,3892,0.011487993538903712,0.011979713019048564,0.004170955046950131,0.0,0.0,0.007686709407715508
2014-01-27,2014-01-28,validation,hybrid_topology_fhs_scenario,0.94,0.1,1000,2893,3893,0.011581433375113723,0.012135321691268443,-0.004164842066662366,0.0,0.0,0.016050122418400297
2014-01-28,2014-01-29,validation,hybrid_topology_fhs_scenario,0.94,0.1,1000,2894,3894,0.011474463191540038,0.01200877213461201,0.0038711590923595327,0.0,0.0,0.008010205757187971
2014-01-29,2014-01-30,validation,hybrid_topology_fhs_scenario,0.94,0.1,1000,2895,3895,0.011421764254127938,0.0119679728628585,-0.005967862793816093,0.0,0.0,0.01766133603573717
2014-01-30,2014-01-31,validation,hybrid_topology_fhs_scenario,0.94,0.1,1000,2896,3896,0.011722501790018304,0.012205495491190948,0.0019445794955929238,0.0,0.0,0.010102172318652326
2014-01-31,2014-02-03,validation,hybrid_topology_fhs_scenario,0.94,0.1,1000,2897,3897,0.011485339962662178,0.012017794672670471,0.011329098111887138,0.0,0.0,0.0006730415652715007
2014-02-03,2014-02-04,validation,hybrid_topology_fhs_scenario,0.94,0.1,1000,2898,3898,0.013377952734866886,0.013732881279024368,-0.002995061655835141,0.0,0.0,0.01647347450539504
2014-02-04,2014-02-05,validation,hybrid_topology_fhs_scenario,0.94,0.1,1000,2899,3899,0.013121963304912656,0.013503021771572156,0.0021986782266666836,0.0,0.0,0.011130967807065295
2014-02-05,2014-02-06,validation,hybrid_topology_fhs_scenario,0.94,0.1,1000,2900,3900,0.01283743996357818,0.013219046190863315,-0.007166756501528448,0.0,0.0,0.020076199589733033
2014-02-06,2014-02-07,validation,hybrid_topology_fhs_scenario,0.94,0.1,1000,2901,3901,0.013296526881477398,0.013696254117810485,-0.008498793219237032,0.0,0.0,0.021858124354628475
2014-02-07,2014-02-10,validation,hybrid_topology_fhs_scenario,0.94,0.1,1000,2902,3902,0.014072409391649499,0.01452930390527329,-0.0012978830936269947,0.0,0.0,0.015585210248780543
2014-02-10,2014-02-11,validation,hybrid_topology_fhs_scenario,0.94,0.1,1000,2903,3903,0.013670894960282183,0.014196018355827527,-0.00480366644429635,0.0,0.0,0.018709438294166564
2014-02-11,2014-02-12,validation,hybrid_topology_fhs_scenario,0.94,0.1,1000,2904,3904,0.013651060214275335,0.01413559613192051,0.000647611441139251,0.0,0.0,0.013280819561243088
2014-02-12,2014-02-13,validation,hybrid_topology_fhs_scenario,0.94,0.1,1000,2905,3905,0.013256925239384116,0.013785358606501956,-0.004990440395689388,0.0,0.0,0.018488877683487295
2014-02-13,2014-02-14,validation,hybrid_topology_fhs_scenario,0.94,0.1,1000,2906,3906,0.013242830166738205,0.013774562907971888,-0.0030368796456443636,0.0,0.0,0.01655395358789967
2014-02-14,2014-02-18,validation,hybrid_topology_fhs_scenario,0.94,0.1,1000,2907,3907,0.013028675962234169,0.013560605606034582,-0.0016994322361780334,0.0,0.0,0.01502581797814142
2014-02-18,2014-02-19,validation,hybrid_topology_fhs_scenario,0.94,0.1,1000,2908,3908,0.01268402379683074,0.013263528582122729,0.004756777261663325,0.0,0.0,0.008373355002799593
2014-02-19,2014-02-20,validation,hybrid_topology_fhs_scenario,0.94,0.1,1000,2909,3909,0.012698755406481164,0.013276592108704624,-0.003108263962141855,0.0,0.0,0.016133304862761544
2014-02-20,2014-02-21,validation,hybrid_topology_fhs_scenario,0.94,0.1,1000,2910,3910,0.012533611358603064,0.013090121850547427,0.00017351436086414645,0.0,0.0,0.012717293272418587
2014-02-21,2014-02-24,validation,hybrid_topology_fhs_scenario,0.94,0.1,1000,2911,3911,0.012152340341004542,0.012749171033453462,-0.0029358540267099276,0.0,0.0,0.01544378137733645
2014-02-24,2014-02-25,validation,hybrid_topology_fhs_scenario,0.94,0.1,1000,2912,3912,0.011960192499340994,0.012579290603788732,-0.0011478299879844835,0.0,0.0,0.01351502280185214
2014-02-25,2014-02-26,validation,hybrid_topology_fhs_scenario,0.94,0.1,1000,2913,3913,0.011706869971399605,0.012181184058774743,-0.0012076589544510077,0.0,0.0,0.013183267227153614
2014-02-26,2014-02-27,validation,hybrid_topology_fhs_scenario,0.94,0.1,1000,2914,3914,0.011379390545657371,0.01192656171402171,-0.0036167505871527615,0.0,0.0,0.01530469090497321
2014-02-27,2014-02-28,validation,hybrid_topology_fhs_scenario,0.94,0.1,1000,2915,3915,0.011298918943359626,0.011807605871872639,-0.0011278142865962957,0.0,0.0,0.01273630198680677
2014-02-28,2014-03-03,validation,hybrid_topology_fhs_scenario,0.94,0.1,1000,2916,3916,0.010984856249190622,0.011555922176849672,0.0022411447296686537,0.0,0.0,0.009169345126196712
2014-03-03,2014-03-04,validation,hybrid_topology_fhs_scenario,0.94,0.1,1000,2917,3917,0.010756911670479846,0.011467120348745367,-0.005359905872765757,0.0,0.0,0.0165675187414058
2014-03-04,2014-03-05,validation,hybrid_topology_fhs_scenario,0.94,0.1,1000,2918,3918,0.011033979885890768,0.011705614573459242,-0.0009752369066196032,0.0,0.0,0.012483922361001976
2014-03-05,2014-03-06,validation,hybrid_topology_fhs_scenario,0.94,0.1,1000,2919,3919,0.010744662325612308,0.011451693427690661,0.0003492558062880404,0.0,0.0,0.010928830746060797
2014-03-06,2014-03-07,validation,hybrid_topology_fhs_scenario,0.94,0.1,1000,2920,3920,0.010397768858304015,0.011174709483694395,0.001475734810957885,0.0,0.0,0.009545720646391557
2014-03-07,2014-03-10,validation,hybrid_topology_fhs_scenario,0.94,0.1,1000,2921,3921,0.010210183868694258,0.010983278361201252,-0.00011599920425469095,0.0,0.0,0.010925057457049034
2014-03-10,2014-03-11,validation,hybrid_topology_fhs_scenario,0.94,0.1,1000,2922,3922,0.009899454514205857,0.01052260139478633,0.0025710894743246945,0.0,0.0,0.007826007772848906
2014-03-11,2014-03-12,validation,hybrid_topology_fhs_scenario,0.94,0.1,1000,2923,3923,0.009906400231982974,0.010723152937653765,-0.0017372628198939477,0.0,0.0,0.01226534199412779
2014-03-12,2014-03-13,validation,hybrid_topology_fhs_scenario,0.94,0.1,1000,2924,3924,0.009679166886077829,0.010532794324183395,0.004371738448201156,0.0,0.0,0.006060103763461449
2014-03-13,2014-03-14,validation,hybrid_topology_fhs_scenario,0.94,0.1,1000,2925,3925,0.009857456586140033,0.010646545597896405,0.001645560224144571,0.0,0.0,0.008858079703027993
2014-03-14,2014-03-17,validation,hybrid_topology_fhs_scenario,0.94,0.1,1000,2926,3926,0.009634028165720886,0.010512682513840969,-0.0038257135205105094,0.0,0.0,0.014114533550355005
2014-03-17,2014-03-18,validation,hybrid_topology_fhs_scenario,0.94,0.1,1000,2927,3927,0.009697608003516999,0.010570862210592455,-0.005262216705795897,0.0,0.0,0.015586850190571771
2014-03-18,2014-03-19,validation,hybrid_topology_fhs_scenario,0.94,0.1,1000,2928,3928,0.010073887731541362,0.010820764087810136,0.006911488161742652,0.0,0.0,0.003843168023613784
2014-03-19,2014-03-20,validation,hybrid_topology_fhs_scenario,0.94,0.1,1000,2929,3929,0.010730389839029209,0.011313999521195732,-0.003582470773764701,0.0,0.0,0.014667187143714362
2014-03-20,2014-03-21,validation,hybrid_topology_fhs_scenario,0.94,0.1,1000,2930,3930,0.010664383093147807,0.011344759490122267,0.0015773833637430456,0.0,0.0,0.009614061720513788
2014-03-21,2014-03-24,validation,hybrid_topology_fhs_scenario,0.94,0.1,1000,2931,3931,0.010394940793567028,0.011119574836410373,0.002323709004936503,0.0,0.0,0.00865668150357333
2014-03-24,2014-03-25,validation,hybrid_topology_fhs_scenario,0.94,0.1,1000,2932,3932,0.010234296204363575,0.010989169812907163,-0.0026111647227030853,0.0,0.0,0.01338878078149066
2014-03-25,2014-03-26,validation,hybrid_topology_fhs_scenario,0.94,0.1,1000,2933,3933,0.010106854836824363,0.010909056268536943,0.0026211840691774844,0.0,0.0,0.00815553210205194
2014-03-26,2014-03-27,validation,hybrid_topology_fhs_scenario,0.94,0.1,1000,2934,3934,0.009988663348526598,0.010814039468885138,0.0008730029589769871,0.0,0.0,0.009783667201055944
2014-03-27,2014-03-28,validation,hybrid_topology_fhs_scenario,0.94,0.1,1000,2935,3935,0.009741291423756215,0.010556603411059512,-0.0015474233400018188,0.0,0.0,0.011914313229922377
2014-03-28,2014-03-31,validation,hybrid_topology_fhs_scenario,0.94,0.1,1000,2936,3936,0.009531582103157406,0.010392465580118576,-0.004956084839123686,0.0,0.0,0.015109713328184015
2014-03-31,2014-04-01,validation,hybrid_topology_fhs_scenario,0.94,0.1,1000,2937,3937,0.00985397727141079,0.010650013868633117,-0.003151166091334234,0.0,0.0,0.013586201894595617
2014-04-01,2014-04-02,validation,hybrid_topology_fhs_scenario,0.94,0.1,1000,2938,3938,0.009798217121854655,0.010603955931494187,-0.00027090988143765307,0.0,0.0,0.010703685437641467
2014-04-02,2014-04-03,validation,hybrid_topology_fhs_scenario,0.94,0.1,1000,2939,3939,0.009511061765785091,0.010397147601384167,0.0005170214583664955,0.0,0.0,0.009723063392516416
2014-04-03,2014-04-04,validation,hybrid_topology_fhs_scenario,0.94,0.1,1000,2940,3940,0.00922823227104991,0.010169063989211663,0.00463633455722685,0.0,0.0,0.005440330173323423
2014-04-04,2014-04-07,validation,hybrid_topology_fhs_scenario,0.94,0.1,1000,2941,3941,0.009493715267709512,0.010327628363292993,0.005685892543131366,0.0,0.0,0.004563770651903368
2014-04-07,2014-04-08,validation,hybrid_topology_fhs_scenario,0.94,0.1,1000,2942,3942,0.009938236067329274,0.010699679472078767,-0.0030236676069398615,0.0,0.0,0.013509882438785854
2014-04-08,2014-04-09,validation,hybrid_topology_fhs_scenario,0.94,0.1,1000,2943,3943,0.009885719358598787,0.010670911200416494,-0.006333006112134498,0.0,0.0,0.016741006634444548
2014-04-09,2014-04-10,validation,hybrid_topology_fhs_scenario,0.94,0.1,1000,2944,3944,0.010440235867615113,0.011211038236409352,0.010916303082873325,1.0,0.0,0.0007586733178032564
2014-04-10,2014-04-11,validation,hybrid_topology_fhs_scenario,0.94,0.1,1000,2945,3945,0.012421371339184311,0.012947086948361722,0.004584377193303756,0.0,0.0,0.008232011952640323
2014-04-11,2014-04-14,validation,hybrid_topology_fhs_scenario,0.94,0.1,1000,2946,3946,0.012325923869398627,0.012909386235780848,-0.0041029559384374355,0.0,0.0,0.01675132241794119
2014-04-14,2014-04-15,validation,hybrid_topology_fhs_scenario,0.94,0.1,1000,2947,3947,0.012272597760334247,0.012874776489451798,-0.0046014133092452175,0.0,0.0,0.01720802516442538
2014-04-15,2014-04-16,validation,hybrid_topology_fhs_scenario,0.94,0.1,1000,2948,3948,0.012278766954947581,0.012881666226595008,-0.005662427080527754,0.0,0.0,0.018259902914799446
2014-04-16,2014-04-17,validation,hybrid_topology_fhs_scenario,0.94,0.1,1000,2949,3949,0.012600387042989058,0.013073165275182824,0.0014284947158908603,0.0,0.0,0.011465272718580647
2014-04-17,2014-04-21,validation,hybrid_topology_fhs_scenario,0.94,0.1,1000,2950,3950,0.01225442354973611,0.012759819446802646,-0.0020137759552470323,0.0,0.0,0.014546937512048268
2014-04-21,2014-04-22,validation,hybrid_topology_fhs_scenario,0.94,0.1,1000,2951,3951,0.011958408283681759,0.012530129952053963,-0.0025697794322558916,0.0,0.0,0.014867693526861485
2014-04-22,2014-04-23,validation,hybrid_topology_fhs_scenario,0.94,0.1,1000,2952,3952,0.011726865645021897,0.012321403331806181,0.0003827746333331828,0.0,0.0,0.01175360389112806
2014-04-23,2014-04-24,validation,hybrid_topology_fhs_scenario,0.94,0.1,1000,2953,3953,0.011462553586520383,0.01204849067622125,-0.0010985567705305234,0.0,0.0,0.012943982364153488
2014-04-24,2014-04-25,validation,hybrid_topology_fhs_scenario,0.94,0.1,1000,2954,3954,0.011138413583802307,0.011793518251430948,0.004370175954589661,0.0,0.0,0.007305441115712381
2014-04-25,2014-04-28,validation,hybrid_topology_fhs_scenario,0.94,0.1,1000,2955,3955,0.011200156583557748,0.011833393798248243,-0.0013128124882623381,0.0,0.0,0.012942680820066018
2014-04-28,2014-04-29,validation,hybrid_topology_fhs_scenario,0.94,0.1,1000,2956,3956,0.010895554581154843,0.011586191822792713,-0.0031461585602968077,0.0,0.0,0.014504458754926798
2014-04-29,2014-04-30,validation,hybrid_topology_fhs_scenario,0.94,0.1,1000,2957,3957,0.010777901043290848,0.011492387953637996,-0.0028480487953239653,0.0,0.0,0.01411818532862406
2014-04-30,2014-05-01,validation,hybrid_topology_fhs_scenario,0.94,0.1,1000,2958,3958,0.010661754037158048,0.01138102223091229,-0.0012155413786343328,0.0,0.0,0.01240042247346588
2014-05-01,2014-05-02,validation,hybrid_topology_fhs_scenario,0.94,0.1,1000,2959,3959,0.010370132129097442,0.011134723571204937,0.0002743735470231767,0.0,0.0,0.01068979885939796
2014-05-02,2014-05-05,validation,hybrid_topology_fhs_scenario,0.94,0.1,1000,2960,3960,0.010109274678290252,0.010895419364332803,-0.0009147537426176911,0.0,0.0,0.01162515906348581
2014-05-05,2014-05-06,validation,hybrid_topology_fhs_scenario,0.94,0.1,1000,2961,3961,0.009888477870973768,0.010643660115055388,0.004754424011333835,0.0,0.0,0.005793345739724913
2014-05-06,2014-05-07,validation,hybrid_topology_fhs_scenario,0.94,0.1,1000,2962,3962,0.010073887731541362,0.01086821028832696,-0.0038457322035967854,0.0,0.0,0.014485290128977034
2014-05-07,2014-05-08,validation,hybrid_topology_fhs_scenario,0.94,0.1,1000,2963,3963,0.010107716908977693,0.010882232528902113,0.00021048572336621605,0.0,0.0,0.010503925447253615
2014-05-08,2014-05-09,validation,hybrid_topology_fhs_scenario,0.94,0.1,1000,2964,3964,0.009800857313974974,0.010604324277100131,-0.0005842477317773652,0.0,0.0,0.011012708759113083
2014-05-09,2014-05-12,validation,hybrid_topology_fhs_scenario,0.94,0.1,1000,2965,3965,0.009575730543361574,0.010411415135767767,-0.0047899979850764655,0.0,0.0,0.014965035078107508
2014-05-12,2014-05-13,validation,hybrid_topology_fhs_scenario,0.94,0.1,1000,2966,3966,0.009855086028456193,0.010596432495544296,-0.002098872233952021,0.0,0.0,0.01249746169388299
2014-05-13,2014-05-14,validation,hybrid_topology_fhs_scenario,0.94,0.1,1000,2967,3967,0.00967371098601532,0.010506369822861768,0.0010150041009955534,0.0,0.0,0.009340668647669756
2014-05-14,2014-05-15,validation,hybrid_topology_fhs_scenario,0.94,0.1,1000,2968,3968,0.009405189687379948,0.010266443839557191,0.0038355142536952826,0.0,0.0,0.006325853100552207
2014-05-15,2014-05-16,validation,hybrid_topology_fhs_scenario,0.94,0.1,1000,2969,3969,0.009495896861844213,0.010347689053380614,-0.0012323429983885693,0.0,0.0,0.011397813649077281
2014-05-16,2014-05-19,validation,hybrid_topology_fhs_scenario,0.94,0.1,1000,2970,3970,0.009245897650750314,0.010113638604104426,-0.0016991174306126842,0.0,0.0,0.011626887284662811
2014-05-19,2014-05-20,validation,hybrid_topology_fhs_scenario,0.94,0.1,1000,2971,3971,0.00904076577174675,0.009915814461429974,0.002621880379879049,0.0,0.0,0.007175774583430829
2014-05-20,2014-05-21,validation,hybrid_topology_fhs_scenario,0.94,0.1,1000,2972,3972,0.00898694094759928,0.009904926646463377,-0.00443720565764325,0.0,0.0,0.014117820462556387
2014-05-21,2014-05-22,validation,hybrid_topology_fhs_scenario,0.94,0.1,1000,2973,3973,0.009240865087256016,0.010157739710560922,-0.0010339390933304937,0.0,0.0,0.011014634875599996
2014-05-22,2014-05-23,validation,hybrid_topology_fhs_scenario,0.94,0.1,1000,2974,3974,0.00895162920986891,0.009707824599356322,-0.003217851731485233,0.0,0.0,0.012724229231984057
2014-05-23,2014-05-27,validation,hybrid_topology_fhs_scenario,0.94,0.1,1000,2975,3975,0.008959140458159725,0.009710620549579396,-0.003803435178112746,0.0,0.0,0.013303830090862563
2014-05-27,2014-05-28,validation,hybrid_topology_fhs_scenario,0.94,0.1,1000,2976,3976,0.009074975394481004,0.009804840681515242,-0.0017619291792425162,0.0,0.0,0.011385969659976049
2014-05-28,2014-05-29,validation,hybrid_topology_fhs_scenario,0.94,0.1,1000,2977,3977,0.008918425718584122,0.00970816656874716,-0.0026047505103321987,0.0,0.0,0.012120325914391536
2014-05-29,2014-05-30,validation,hybrid_topology_fhs_scenario,0.94,0.1,1000,2978,3978,0.008833508693650505,0.009639562960736588,-0.000659396352176289,0.0,0.0,0.010136414380548324
2014-05-30,2014-06-02,validation,hybrid_topology_fhs_scenario,0.94,0.1,1000,2979,3979,0.0086702732070412,0.009451976179404221,0.001145510580272813,0.0,0.0,0.008174051585420807
2014-06-02,2014-06-03,validation,hybrid_topology_fhs_scenario,0.94,0.1,1000,2980,3980,0.00851865915834444,0.009313835073795265,0.0023237591294677173,0.0,0.0,0.006877273046008126
2014-06-03,2014-06-04,validation,hybrid_topology_fhs_scenario,0.94,0.1,1000,2981,3981,0.008446710803399501,0.009453253553472629,-0.0009024045636194521,0.0,0.0,0.010190257817834968
2014-06-04,2014-06-05,validation,hybrid_topology_fhs_scenario,0.94,0.1,1000,2982,3982,0.008253843862429739,0.00928130124380663,-0.0044974494444738776,0.0,0.0,0.013561794854142531
2014-06-05,2014-06-06,validation,hybrid_topology_fhs_scenario,0.94,0.1,1000,2983,3983,0.008603859864926865,0.009556164458063223,-0.0025584236044202675,0.0,0.0,0.011923346195614875
2014-06-06,2014-06-09,validation,hybrid_topology_fhs_scenario,0.94,0.1,1000,2984,3984,0.00851415410808523,0.009453930772508987,-3.057664480161644e-05,0.0,0.0,0.009332842039406706
2014-06-09,2014-06-10,validation,hybrid_topology_fhs_scenario,0.94,0.1,1000,2985,3985,0.008294460001639081,0.009340242251540157,0.0006397444925887897,0.0,0.0,0.008559532470068085
2014-06-10,2014-06-11,validation,hybrid_topology_fhs_scenario,0.94,0.1,1000,2986,3986,0.008054702717201531,0.009156238682850698,0.0015398063215575904,0.0,0.0,0.007491170516217219
2014-06-11,2014-06-12,validation,hybrid_topology_fhs_scenario,0.94,0.1,1000,2987,3987,0.007913818486080854,0.009035887062190242,0.0026889043073603505,0.0,0.0,0.006240557327746349
2014-06-12,2014-06-13,validation,hybrid_topology_fhs_scenario,0.94,0.1,1000,2988,3988,0.007940387577940376,0.00911964931037568,-0.001052809528336196,0.0,0.0,0.010008079338806845
2014-06-13,2014-06-16,validation,hybrid_topology_fhs_scenario,0.94,0.1,1000,2989,3989,0.007830130873252683,0.008993601272788917,-0.0004945227248751571,0.0,0.0,0.00933416743370375
2014-06-16,2014-06-17,validation,hybrid_topology_fhs_scenario,0.94,0.1,1000,2990,3990,0.007640757788328654,0.008844022319193082,5.374004104874474e-06,0.0,0.0,0.00869403594505324
2014-06-17,2014-06-18,validation,hybrid_topology_fhs_scenario,0.94,0.1,1000,2991,3991,0.007407990566452322,0.008617964514302646,-0.00651359191987968,0.0,0.0,0.014892483348191089
2014-06-18,2014-06-19,validation,hybrid_topology_fhs_scenario,0.94,0.1,1000,2992,3992,0.008405783708876327,0.009474440414960613,0.00033751124112915145,0.0,0.0,0.008989188669163145
2014-06-19,2014-06-20,validation,hybrid_topology_fhs_scenario,0.94,0.1,1000,2993,3993,0.008181901840841737,0.009293294546705026,-0.001685493080617695,0.0,0.0,0.010802991885854247
2014-06-20,2014-06-23,validation,hybrid_topology_fhs_scenario,0.94,0.1,1000,2994,3994,0.00802876899701237,0.00922071035205644,0.000456445675346151,0.0,0.0,0.008620881293009195
2014-06-23,2014-06-24,validation,hybrid_topology_fhs_scenario,0.94,0.1,1000,2995,3995,0.00788005665388236,0.009027299077480613,0.0019785367809290744,0.0,0.0,0.006931558437867282
2014-06-24,2014-06-25,validation,hybrid_topology_fhs_scenario,0.94,0.1,1000,2996,3996,0.00784587769612654,0.009008834344507754,-0.0030996838497305387,0.0,0.0,0.011915260854840905
2014-06-25,2014-06-26,validation,hybrid_topology_fhs_scenario,0.94,0.1,1000,2997,3997,0.007863505809248597,0.008999760446850939,-0.0006168698083802049,0.0,0.0,0.009461018255026654
2014-06-26,2014-06-27,validation,hybrid_topology_fhs_scenario,0.94,0.1,1000,2998,3998,0.007708460761446577,0.00887322377160782,-0.0011664765841335357,0.0,0.0,0.009877457220303625
2014-06-27,2014-06-30,validation,hybrid_topology_fhs_scenario,0.94,0.1,1000,2999,3999,0.007582115677016481,0.008844546537766096,-2.6338684327109835e-06,0.0,0.0,0.008701848391498328
2014-06-30,2014-07-01,validation,hybrid_topology_fhs_scenario,0.94,0.1,1000,3000,4000,0.0074750201119115015,0.00870575615830412,-0.0027083156887802934,0.0,0.0,0.011230553408914223
2014-07-01,2014-07-02,validation,hybrid_topology_fhs_scenario,0.94,0.1,1000,3001,4001,0.007691027073931167,0.008802893883743147,0.0010211704927040265,0.0,0.0,0.007653878872075414
2014-07-02,2014-07-03,validation,hybrid_topology_fhs_scenario,0.94,0.1,1000,3002,4002,0.00753787400291388,0.008636532885484096,-0.0021326914626885072,0.0,0.0,0.010596699394124312
2014-07-03,2014-07-07,validation,hybrid_topology_fhs_scenario,0.94,0.1,1000,3003,4003,0.0076080306957508025,0.008691815484545973,0.0011129029704046054,0.0,0.0,0.007454390978541296
2014-07-07,2014-07-08,validation,hybrid_topology_fhs_scenario,0.94,0.1,1000,3004,4004,0.007427393415074508,0.008535162754111503,0.002026776722059864,0.0,0.0,0.006399682548180494
2014-07-08,2014-07-09,validation,hybrid_topology_fhs_scenario,0.94,0.1,1000,3005,4005,0.007373384039537505,0.008530418439631324,-0.0027680512540432466,0.0,0.0,0.011117422304268515
2014-07-09,2014-07-10,validation,hybrid_topology_fhs_scenario,0.94,0.1,1000,3006,4006,0.0074750201119115015,0.008574172184669243,0.001520897883847083,0.0,0.0,0.006936483665582251
2014-07-10,2014-07-11,validation,hybrid_topology_fhs_scenario,0.94,0.1,1000,3007,4007,0.007339156849669637,0.008555895607595442,-0.0014823807164310754,0.0,0.0,0.009875534791586862
2014-07-11,2014-07-14,validation,hybrid_topology_fhs_scenario,0.94,0.1,1000,3008,4008,0.007208737334191092,0.008443590487206212,-0.0021330280412007684,0.0,0.0,0.010405620718950724
2014-07-14,2014-07-15,validation,hybrid_topology_fhs_scenario,0.94,0.1,1000,3009,4009,0.007426811059489791,0.008403862858840096,0.0014718547115167846,0.0,0.0,0.006818257507119958
2014-07-15,2014-07-16,validation,hybrid_topology_fhs_scenario,0.94,0.1,1000,3010,4010,0.007157642005349839,0.008258489935991733,-0.002801796377757615,0.0,0.0,0.01088337353973669
2014-07-16,2014-07-17,validation,hybrid_topology_fhs_scenario,0.94,0.1,1000,3011,4011,0.007286163287626959,0.00842391559787414,0.0044977924506061084,0.0,0.0,0.003855853776956539
2014-07-17,2014-07-18,validation,hybrid_topology_fhs_scenario,0.94,0.1,1000,3012,4012,0.007701654341378705,0.008775296544504707,-0.00532358247726865,0.0,0.0,0.013876659414415496
2014-07-18,2014-07-21,validation,hybrid_topology_fhs_scenario,0.94,0.1,1000,3013,4013,0.007933665561695634,0.009180690473569512,0.0010070978644891372,0.0,0.0,0.008038518470825432
2014-07-21,2014-07-22,validation,hybrid_topology_fhs_scenario,0.94,0.1,1000,3014,4014,0.007862985450998318,0.00905251078879781,-0.0031155542736568172,0.0,0.0,0.011973648833139812
2014-07-22,2014-07-23,validation,hybrid_topology_fhs_scenario,0.94,0.1,1000,3015,4015,0.007882537802497666,0.008932965087664925,-0.0012935035916498804,0.0,0.0,0.010062567376273411
2014-07-23,2014-07-24,validation,hybrid_topology_fhs_scenario,0.94,0.1,1000,3016,4016,0.007771606895603103,0.008903030425032465,0.0015861976834264714,0.0,0.0,0.00719576601518761
2014-07-24,2014-07-25,validation,hybrid_topology_fhs_scenario,0.94,0.1,1000,3017,4017,0.007623519569162449,0.008797943852379211,0.0012631430251386355,0.0,0.0,0.007410034571999799
2014-07-25,2014-07-28,validation,hybrid_topology_fhs_scenario,0.94,0.1,1000,3018,4018,0.0074750201119115015,0.00867692669978395,0.00021955158644813014,0.0,0.0,0.008318495420757056
2014-07-28,2014-07-29,validation,hybrid_topology_fhs_scenario,0.94,0.1,1000,3019,4019,0.007339156849669637,0.008566047237619218,0.002038765896298522,0.0,0.0,0.00641710321732139
2014-07-29,2014-07-30,validation,hybrid_topology_fhs_scenario,0.94,0.1,1000,3020,4020,0.007467545188566847,0.008535957315356611,0.002717929282060272,0.0,0.0,0.005720073491528996
2014-07-30,2014-07-31,validation,hybrid_topology_fhs_scenario,0.94,0.1,1000,3021,4021,0.007467545188566847,0.008568868241463412,0.011965379494301674,1.0,1.0,0.00784936721551574
2014-07-31,2014-08-01,validation,hybrid_topology_fhs_scenario,0.94,0.1,1000,3022,4022,0.010451377367509986,0.01123713264709846,-0.0005207354420057044,0.0,0.0,0.011573642514971717
2014-08-01,2014-08-04,validation,hybrid_topology_fhs_scenario,0.94,0.1,1000,3023,4023,0.010262638976816594,0.01108767126723981,-0.004564189409345154,0.0,0.0,0.015408832443531958
2014-08-04,2014-08-05,validation,hybrid_topology_fhs_scenario,0.94,0.1,1000,3024,4024,0.010365907470802311,0.011211243880544688,0.005624947487679966,0.0,0.0,0.005494048582874328
2014-08-05,2014-08-06,validation,hybrid_topology_fhs_scenario,0.94,0.1,1000,3025,4025,0.010764441319747523,0.011584176386409295,-0.0005350113562623271,0.0,0.0,0.01192920257586493
2014-08-06,2014-08-07,validation,hybrid_topology_fhs_scenario,0.94,0.1,1000,3026,4026,0.010514337710431592,0.011362461657099136,0.0014371531052442816,0.0,0.0,0.009767947684110356
2014-08-07,2014-08-08,validation,hybrid_topology_fhs_scenario,0.94,0.1,1000,3027,4027,0.010180051069136019,0.01102317011014837,-0.0065958824884405414,0.0,0.0,0.017346335619199953
2014-08-08,2014-08-11,validation,hybrid_topology_fhs_scenario,0.94,0.1,1000,3028,4028,0.010792559673161072,0.011557311053650656,-0.001546989079276262,0.0,0.0,0.012900088117128117
2014-08-11,2014-08-12,validation,hybrid_topology_fhs_scenario,0.94,0.1,1000,3029,4029,0.010644842836519583,0.011422374240487879,0.0014125582620150069,0.0,0.0,0.009851893424756095
2014-08-12,2014-08-13,validation,hybrid_topology_fhs_scenario,0.94,0.1,1000,3030,4030,0.01037686724225415,0.011232161662195829,-0.005369775705357371,0.0,0.0,0.016344355362840485
2014-08-13,2014-08-14,validation,hybrid_topology_fhs_scenario,0.94,0.1,1000,3031,4031,0.010712251402475288,0.01148696124523238,-0.0036385114369391403,0.0,0.0,0.014890843493511377
2014-08-14,2014-08-15,validation,hybrid_topology_fhs_scenario,0.94,0.1,1000,3032,4032,0.0106852089034589,0.011467633202372965,-0.00148506366944019,0.0,0.0,0.012750582175746818
2014-08-15,2014-08-18,validation,hybrid_topology_fhs_scenario,0.94,0.1,1000,3033,4033,0.010410276290991543,0.01123631087103625,-0.003769604616528843,0.0,0.0,0.01477256640945117
2014-08-18,2014-08-19,validation,hybrid_topology_fhs_scenario,0.94,0.1,1000,3034,4034,0.010423077516225001,0.011213847091160566,-0.002710742523983711,0.0,0.0,0.013707813075167757
2014-08-19,2014-08-20,validation,hybrid_topology_fhs_scenario,0.94,0.1,1000,3035,4035,0.010287554515312453,0.01113457333883747,-0.00041595842947406126,0.0,0.0,0.011368803603551608
2014-08-20,2014-08-21,validation,hybrid_topology_fhs_scenario,0.94,0.1,1000,3036,4036,0.010018851180233922,0.010899794747843644,-0.0025943181744350063,0.0,0.0,0.013282891792768372
2014-08-21,2014-08-22,validation,hybrid_topology_fhs_scenario,0.94,0.1,1000,3037,4037,0.009885719358598787,0.010803813730992958,0.0008940203247190581,0.0,0.0,0.00975196556145585
2014-08-22,2014-08-25,validation,hybrid_topology_fhs_scenario,0.94,0.1,1000,3038,4038,0.009702863776139112,0.010545715441659494,-0.0033489447041404664,0.0,0.0,0.013677811726957758
2014-08-25,2014-08-26,validation,hybrid_topology_fhs_scenario,0.94,0.1,1000,3039,4039,0.009781216014605111,0.010669459486300775,-0.00031279534473918066,0.0,0.0,0.0108086385738574
2014-08-26,2014-08-27,validation,hybrid_topology_fhs_scenario,0.94,0.1,1000,3040,4040,0.009485822091086435,0.010405014279333743,-0.0008706268049382127,0.0,0.0,0.011097314546125402
2014-08-27,2014-08-28,validation,hybrid_topology_fhs_scenario,0.94,0.1,1000,3041,4041,0.009217446163212389,0.01016292828628224,-0.00020500605861224487,0.0,0.0,0.010202960508490368
2014-08-28,2014-08-29,validation,hybrid_topology_fhs_scenario,0.94,0.1,1000,3042,4042,0.008862409153362205,0.009819502479188114,-0.0017473184869566615,0.0,0.0,0.011383747718394344
2014-08-29,2014-09-02,validation,hybrid_topology_fhs_scenario,0.94,0.1,1000,3043,4043,0.008779819833837563,0.00959164965855774,0.0028545270872059937,0.0,0.0,0.006627947434534269
2014-09-02,2014-09-03,validation,hybrid_topology_fhs_scenario,0.94,0.1,1000,3044,4044,0.008750016996508797,0.009526630197905835,-0.00024742747941848277,0.0,0.0,0.009619680680150481
2014-09-03,2014-09-04,validation,hybrid_topology_fhs_scenario,0.94,0.1,1000,3045,4045,0.008459603135611301,0.009306080181222604,0.0022879948395552407,0.0,0.0,0.00690434929108624
2014-09-04,2014-09-05,validation,hybrid_topology_fhs_scenario,0.94,0.1,1000,3046,4046,0.008385442214692123,0.009253045943227923,-0.002812772335138902,0.0,0.0,0.011876154966905963
2014-09-05,2014-09-08,validation,hybrid_topology_fhs_scenario,0.94,0.1,1000,3047,4047,0.008371393646463486,0.009249929617682758,0.001974988796254529,0.0,0.0,0.007157031349394613
2014-09-08,2014-09-09,validation,hybrid_topology_fhs_scenario,0.94,0.1,1000,3048,4048,0.00827602979047111,0.009152088080822837,0.00472396212634052,0.0,0.0,0.0043529434822615655
2014-09-09,2014-09-10,validation,hybrid_topology_fhs_scenario,0.94,0.1,1000,3049,4049,0.008660542299100415,0.009603177214742891,-0.0012527478914652335,0.0,0.0,0.010683659880458577
2014-09-10,2014-09-11,validation,hybrid_topology_fhs_scenario,0.94,0.1,1000,3050,4050,0.008443629171775777,0.009300790223238885,-0.0001862345817402744,0.0,0.0,0.009336147822389841
2014-09-11,2014-09-12,validation,hybrid_topology_fhs_scenario,0.94,0.1,1000,3051,4051,0.008226798076630898,0.009155283810267353,0.005017451875590462,0.0,0.0,0.004066479598320373
2014-09-12,2014-09-15,validation,hybrid_topology_fhs_scenario,0.94,0.1,1000,3052,4052,0.008699889061953363,0.00973094022267333,-0.00028768815947244347,0.0,0.0,0.009858038444806386
2014-09-15,2014-09-16,validation,hybrid_topology_fhs_scenario,0.94,0.1,1000,3053,4053,0.008437325249112771,0.009417088732987113,-0.004406366668619243,0.0,0.0,0.013606305935743516
2014-09-16,2014-09-17,validation,hybrid_topology_fhs_scenario,0.94,0.1,1000,3054,4054,0.00865489647428165,0.009471840555406154,0.00020281210215875587,0.0,0.0,0.009121823585637442
2014-09-17,2014-09-18,validation,hybrid_topology_fhs_scenario,0.94,0.1,1000,3055,4055,0.0085326847331482,0.009583985591614781,-0.0029252808065371116,0.0,0.0,0.012311114393594948
2014-09-18,2014-09-19,validation,hybrid_topology_fhs_scenario,0.94,0.1,1000,3056,4056,0.008531610444767631,0.009582555084677789,-0.0009807656946495104,0.0,0.0,0.010394361521238286
2014-09-19,2014-09-22,validation,hybrid_topology_fhs_scenario,0.94,0.1,1000,3057,4057,0.008301208036549372,0.00935366656422128,0.003779325867158101,0.0,0.0,0.005480201001330512
2014-09-22,2014-09-23,validation,hybrid_topology_fhs_scenario,0.94,0.1,1000,3058,4058,0.008412627529143091,0.009210402541108878,0.002581413214394512,0.0,0.0,0.006521576736693992
2014-09-23,2014-09-24,validation,hybrid_topology_fhs_scenario,0.94,0.1,1000,3059,4059,0.008391867473729681,0.009325748253303496,-0.0035748049972111227,0.0,0.0,0.01269770614396116
2014-09-24,2014-09-25,validation,hybrid_topology_fhs_scenario,0.94,0.1,1000,3060,4060,0.00852246244686841,0.009492978304848722,0.0077415175439335075,0.0,0.0,0.001715483690921683
2014-09-25,2014-09-26,validation,hybrid_topology_fhs_scenario,0.94,0.1,1000,3061,4061,0.009805975946542396,0.010979609775360775,-0.003917713855404913,0.0,0.0,0.01466212743801602
2014-09-26,2014-09-29,validation,hybrid_topology_fhs_scenario,0.94,0.1,1000,3062,4062,0.00973997707838496,0.01065283594445633,-0.00018532667073256647,0.0,0.0,0.01066646158730035
2014-09-29,2014-09-30,validation,hybrid_topology_fhs_scenario,0.94,0.1,1000,3063,4063,0.009491989870466755,0.010421127727050533,0.0019264003916064974,0.0,0.0,0.008358015046846539
2014-09-30,2014-10-01,validation,hybrid_topology_fhs_scenario,0.94,0.1,1000,3064,4064,0.009299342322635797,0.010280132192335284,0.0047705107071857045,0.0,0.0,0.005417169264175341
2014-10-01,2014-10-02,validation,hybrid_topology_fhs_scenario,0.94,0.1,1000,3065,4065,0.009604181485509868,0.010663908761541887,0.0010961845762018196,0.0,0.0,0.009413611049799646
2014-10-02,2014-10-03,validation,hybrid_topology_fhs_scenario,0.94,0.1,1000,3066,4066,0.00934259665176086,0.01031209913892519,-0.006489828824546517,0.0,0.0,0.016540204019147988
2014-10-03,2014-10-06,validation,hybrid_topology_fhs_scenario,0.94,0.1,1000,3067,4067,0.010064054833382201,0.010880517317904471,4.7751751323010815e-05,0.0,0.0,0.010662109458237515
2014-10-06,2014-10-07,validation,hybrid_topology_fhs_scenario,0.94,0.1,1000,3068,4068,0.009767272549446487,0.01097351472742624,0.006918555824347861,0.0,0.0,0.003982072097752406
2014-10-07,2014-10-08,validation,hybrid_topology_fhs_scenario,0.94,0.1,1000,3069,4069,0.010607694478604655,0.011808851597923333,-0.01190658889287075,0.0,0.0,0.023347697312238985
2014-10-08,2014-10-09,validation,hybrid_topology_fhs_scenario,0.94,0.1,1000,3070,4070,0.012854590935858017,0.01383873982120377,0.012584815820125739,0.0,0.0,0.0012252736522084039
2014-10-09,2014-10-10,validation,hybrid_topology_fhs_scenario,0.94,0.1,1000,3071,4071,0.01488438313905955,0.015831832360517918,0.005285786572835382,0.0,0.0,0.010378380608652713
2014-10-10,2014-10-13,validation,hybrid_topology_fhs_scenario,0.94,0.1,1000,3072,4072,0.014853734199630564,0.015784634681568613,0.007767564341938104,0.0,0.0,0.00788750527971667
2014-10-13,2014-10-14,validation,hybrid_topology_fhs_scenario,0.94,0.1,1000,3073,4073,0.015361509205793182,0.01629332929320151,-0.0017214615686936162,0.0,0.0,0.017735250798092617
2014-10-14,2014-10-15,validation,hybrid_topology_fhs_scenario,0.94,0.1,1000,3074,4074,0.014937903935928112,0.01583001638443636,0.0017975817681841416,0.0,0.0,0.013813026972523353
2014-10-15,2014-10-16,validation,hybrid_topology_fhs_scenario,0.94,0.1,1000,3075,4075,0.014532574520741125,0.0153976375512553,0.0016021374965341064,0.0,0.0,0.013579916923595234
2014-10-16,2014-10-17,validation,hybrid_topology_fhs_scenario,0.94,0.1,1000,3076,4076,0.014253428281748191,0.015134961504856343,-0.005921276260212771,0.0,0.0,0.020731578866361997
2014-10-17,2014-10-20,validation,hybrid_topology_fhs_scenario,0.94,0.1,1000,3077,4077,0.014384156001957174,0.01531341583948591,-0.00639149502769083,0.0,0.0,0.021370044605793802
2014-10-20,2014-10-21,validation,hybrid_topology_fhs_scenario,0.94,0.1,1000,3078,4078,0.014596373300659351,0.015409439467238197,-0.010794650985119602,0.0,0.0,0.02580289843390664
2014-10-21,2014-10-22,validation,hybrid_topology_fhs_scenario,0.94,0.1,1000,3079,4079,0.015775754466545704,0.01679105622996127,0.004379815363212081,0.0,0.0,0.012214919236113796
2014-10-22,2014-10-23,validation,hybrid_topology_fhs_scenario,0.94,0.1,1000,3080,4080,0.015572720857792958,0.016629158080992367,-0.0053135379943785475,0.0,0.0,0.021602991262008358
2014-10-23,2014-10-24,validation,hybrid_topology_fhs_scenario,0.94,0.1,1000,3081,4081,0.015510292207429048,0.01636787545580961,-0.004958204905201891,0.0,0.0,0.020997613323112518
2014-10-24,2014-10-27,validation,hybrid_topology_fhs_scenario,0.94,0.1,1000,3082,4082,0.015398537565327972,0.016256064592656553,0.00040780622655596223,0.0,0.0,0.015601959220335795
2014-10-27,2014-10-28,validation,hybrid_topology_fhs_scenario,0.94,0.1,1000,3083,4083,0.014931923499056225,0.015853017323794138,-0.00589809023949388,0.0,0.0,0.02141563001159132
2014-10-28,2014-10-29,validation,hybrid_topology_fhs_scenario,0.94,0.1,1000,3084,4084,0.015048279745307914,0.016116251019824744,0.0022349562705349605,0.0,0.0,0.013662395615305268
2014-10-29,2014-10-30,validation,hybrid_topology_fhs_scenario,0.94,0.1,1000,3085,4085,0.014755796133084037,0.015805233158304875,-0.004265146866769376,0.0,0.0,0.019758829954445927
2014-10-30,2014-10-31,validation,hybrid_topology_fhs_scenario,0.94,0.1,1000,3086,4086,0.014592537602534483,0.015705446735125347,-0.006214507246475831,0.0,0.0,0.021580025580551252
2014-10-31,2014-11-03,validation,hybrid_topology_fhs_scenario,0.94,0.1,1000,3087,4087,0.014750517958353625,0.015603906024870377,-0.00017822371472284713,0.0,0.0,0.015536863912834159
2014-11-03,2014-11-04,validation,hybrid_topology_fhs_scenario,0.94,0.1,1000,3088,4088,0.014306607359336178,0.0152275500961316,0.002119539145839022,0.0,0.0,0.012902181358670236
2014-11-04,2014-11-05,validation,hybrid_topology_fhs_scenario,0.94,0.1,1000,3089,4089,0.0139442185394783,0.015123709221610143,-0.003903986379573787,0.0,0.0,0.01873048526034485
2014-11-05,2014-11-06,validation,hybrid_topology_fhs_scenario,0.94,0.1,1000,3090,4090,0.013776060991830019,0.014991420377958644,-0.0011808837642515609,0.0,0.0,0.015917565986215767
2014-11-06,2014-11-07,validation,hybrid_topology_fhs_scenario,0.94,0.1,1000,3091,4091,0.013483373929779392,0.014605365858145498,-0.003126037034150064,0.0,0.0,0.017454211929627466
2014-11-07,2014-11-10,validation,hybrid_topology_fhs_scenario,0.94,0.1,1000,3092,4092,0.013261265909136632,0.014233426513477402,-0.0002529330982094179,0.0,0.0,0.01425934261146811
2014-11-10,2014-11-11,validation,hybrid_topology_fhs_scenario,0.94,0.1,1000,3093,4093,0.01295171888750793,0.013934881527846527,-0.0006265466103610784,0.0,0.0,0.014333175089731105
2014-11-11,2014-11-12,validation,hybrid_topology_fhs_scenario,0.94,0.1,1000,3094,4094,0.012610356330247319,0.013693867356553199,0.0007992818158429448,0.0,0.0,0.012690331647336541
2014-11-12,2014-11-13,validation,hybrid_topology_fhs_scenario,0.94,0.1,1000,3095,4095,0.012277403125329189,0.013345517080441386,-0.001325979193231097,0.0,0.0,0.014440742690016274
2014-11-13,2014-11-14,validation,hybrid_topology_fhs_scenario,0.94,0.1,1000,3096,4096,0.01195044743728625,0.013005495219343473,-0.0009861352683199875,0.0,0.0,0.013771205552527935
2014-11-14,2014-11-17,validation,hybrid_topology_fhs_scenario,0.94,0.1,1000,3097,4097,0.011653577907148107,0.012724966195567504,7.495708956768433e-05,0.0,0.0,0.012449545086525628
2014-11-17,2014-11-18,validation,hybrid_topology_fhs_scenario,0.94,0.1,1000,3098,4098,0.011252943811198518,0.012340816326694556,-0.003921663582514556,0.0,0.0,0.016007663985416018
2014-11-18,2014-11-19,validation,hybrid_topology_fhs_scenario,0.94,0.1,1000,3099,4099,0.011287218998680612,0.012433007153665913,0.002029221004242321,0.0,0.0,0.010236271475632384
2014-11-19,2014-11-20,validation,hybrid_topology_fhs_scenario,0.94,0.1,1000,3100,4100,0.011033527017397448,0.012279982126527691,-0.0017777871703534842,0.0,0.0,0.013834438206336655
2014-11-20,2014-11-21,validation,hybrid_topology_fhs_scenario,0.94,0.1,1000,3101,4101,0.010777269143989797,0.012048068723888953,-0.004010251423474909,0.0,0.0,0.01580473734935441
2014-11-21,2014-11-24,validation,hybrid_topology_fhs_scenario,0.94,0.1,1000,3102,4102,0.010804479407625502,0.012069374438468105,-0.0021398791354879433,0.0,0.0,0.01398346582003828
2014-11-24,2014-11-25,validation,hybrid_topology_fhs_scenario,0.94,0.1,1000,3103,4103,0.010695524249869586,0.011941408958988167,-0.000553170807846959,0.0,0.0,0.012294702223241413
2014-11-25,2014-11-26,validation,hybrid_topology_fhs_scenario,0.94,0.1,1000,3104,4104,0.010468156222262508,0.011693274910275197,-0.002217269964498536,0.0,0.0,0.013689635514772
2014-11-26,2014-11-28,validation,hybrid_topology_fhs_scenario,0.94,0.1,1000,3105,4105,0.010300911525798163,0.01159880416900105,-0.00027885784224406266,0.0,0.0,0.011686518154644407
2014-11-28,2014-12-01,validation,hybrid_topology_fhs_scenario,0.94,0.1,1000,3106,4106,0.009989064246498886,0.011384531915856262,0.005150877795828923,0.0,0.0,0.006126194631533356
2014-12-01,2014-12-02,validation,hybrid_topology_fhs_scenario,0.94,0.1,1000,3107,4107,0.01023024640290312,0.011505109786107219,-0.002100749877186469,0.0,0.0,0.013389023134512243
2014-12-02,2014-12-03,validation,hybrid_topology_fhs_scenario,0.94,0.1,1000,3108,4108,0.010115534548327336,0.011539771070707788,-0.0024697405849654964,0.0,0.0,0.01378512661561438
2014-12-03,2014-12-04,validation,hybrid_topology_fhs_scenario,0.94,0.1,1000,3109,4109,0.0099920146411882,0.011395124490829554,-0.0007412537826727573,0.0,0.0,0.011940301500903363
2014-12-04,2014-12-05,validation,hybrid_topology_fhs_scenario,0.94,0.1,1000,3110,4110,0.009748489720983378,0.011296468141248914,0.0012503491098296404,0.0,0.0,0.00987994746174533
2014-12-05,2014-12-08,validation,hybrid_topology_fhs_scenario,0.94,0.1,1000,3111,4111,0.00952680917916694,0.011024463512843644,0.0026777049654104655,0.0,0.0,0.008206580625884913
2014-12-08,2014-12-09,validation,hybrid_topology_fhs_scenario,0.94,0.1,1000,3112,4112,0.009433188650516086,0.010944750946422348,-0.001072727510371574,0.0,0.0,0.011822100656982951
2014-12-09,2014-12-10,validation,hybrid_topology_fhs_scenario,0.94,0.1,1000,3113,4113,0.00917796496155887,0.010764092177171213,0.007804409164294523,0.0,0.0,0.0028994264955274156
2014-12-10,2014-12-11,validation,hybrid_topology_fhs_scenario,0.94,0.1,1000,3114,4114,0.010386981182470613,0.011934188148996798,-0.0023645268543873495,0.0,0.0,0.014068762208668123
2014-12-11,2014-12-12,validation,hybrid_topology_fhs_scenario,0.94,0.1,1000,3115,4115,0.010208529116109394,0.011612876039840634,0.006418003535340187,0.0,0.0,0.005102905947695627
2014-12-12,2014-12-15,validation,hybrid_topology_fhs_scenario,0.94,0.1,1000,3116,4116,0.010794359340397418,0.012285250496143981,0.005579678590919923,0.0,0.0,0.0065900794150882324
2014-12-15,2014-12-16,validation,hybrid_topology_fhs_scenario,0.94,0.1,1000,3117,4117,0.011052367895477715,0.012393983633755061,0.0027859318726473287,0.0,0.0,0.009450514827308342
2014-12-16,2014-12-17,validation,hybrid_topology_fhs_scenario,0.94,0.1,1000,3118,4118,0.010888544172129875,0.012155208188780792,-0.009000789512768968,0.0,0.0,0.020825991095860003
2014-12-17,2014-12-18,validation,hybrid_topology_fhs_scenario,0.94,0.1,1000,3119,4119,0.012203197850693223,0.013277241604875098,-0.012581929357985676,0.0,0.0,0.02546054296087604
2014-12-18,2014-12-19,validation,hybrid_topology_fhs_scenario,0.94,0.1,1000,3120,4120,0.014339521410443796,0.015517973118948253,-0.004027074637446804,0.0,0.0,0.019240087522964088
2014-12-19,2014-12-22,validation,hybrid_topology_fhs_scenario,0.94,0.1,1000,3121,4121,0.014165431720331481,0.015371982000499709,-0.002760109342319694,0.0,0.0,0.01784804446987543
2014-12-22,2014-12-23,validation,hybrid_topology_fhs_scenario,0.94,0.1,1000,3122,4122,0.01385944790401014,0.014914789749882836,0.0025044191519985937,0.0,0.0,0.012213661620457252
2014-12-23,2014-12-24,validation,hybrid_topology_fhs_scenario,0.94,0.1,1000,3123,4123,0.013650133440916057,0.014571679194597531,-0.0003467333202354261,0.0,0.0,0.014685420869573649
2014-12-24,2014-12-26,validation,hybrid_topology_fhs_scenario,0.94,0.1,1000,3124,4124,0.013236393599401779,0.014237096578773398,-0.002467027020412571,0.0,0.0,0.01644355471540446
2014-12-26,2014-12-29,validation,hybrid_topology_fhs_scenario,0.94,0.1,1000,3125,4125,0.012984137624513968,0.014028098824175743,-0.0021720871370767727,0.0,0.0,0.01594674355983711
2014-12-29,2014-12-30,validation,hybrid_topology_fhs_scenario,0.94,0.1,1000,3126,4126,0.012610356330247319,0.013564331970311474,0.0027655437516868274,0.0,0.0,0.010627266638944635
2014-12-30,2014-12-31,validation,hybrid_topology_fhs_scenario,0.94,0.1,1000,3127,4127,0.012433123785064573,0.013422977940323088,0.00550036666087359,0.0,0.0,0.0077938735687051695
2014-12-31,2015-01-02,validation,hybrid_topology_fhs_scenario,0.94,0.1,1000,3128,4128,0.01258364985208996,0.013560061050480061,-0.0017167328742589971,0.0,0.0,0.015037877903884072
2015-01-02,2015-01-05,test,hybrid_topology_fhs_scenario,0.94,0.1,1000,3129,4129,0.012255973435434808,0.01314487631091065,0.008395412069316021,0.0,0.0,0.004669333249215949
2015-01-05,2015-01-06,test,hybrid_topology_fhs_scenario,0.94,0.1,1000,3130,4130,0.013224401322058932,0.014275573621698815,0.0029640540497400942,0.0,0.0,0.01113133505538294
2015-01-06,2015-01-07,test,hybrid_topology_fhs_scenario,0.94,0.1,1000,3131,4131,0.012997667509805754,0.014069154756038009,-0.007402534070512345,0.0,0.0,0.021138898621689772
2015-01-07,2015-01-08,test,hybrid_topology_fhs_scenario,0.94,0.1,1000,3132,4132,0.013559046018175725,0.014719491161651464,-0.009015626326720172,0.0,0.0,0.023367486274611302
2015-01-08,2015-01-09,test,hybrid_topology_fhs_scenario,0.94,0.1,1000,3133,4133,0.014223308791340239,0.015234422202311266,0.002834955173421694,0.0,0.0,0.012203363889346517
2015-01-09,2015-01-12,test,hybrid_topology_fhs_scenario,0.94,0.1,1000,3134,4134,0.013919552503854349,0.014974487733976716,0.003292374186869806,0.0,0.0,0.01149633249159908
2015-01-12,2015-01-13,test,hybrid_topology_fhs_scenario,0.94,0.1,1000,3135,4135,0.013750227737317598,0.014719102414306141,0.0013183415372842067,0.0,0.0,0.013190060717096719
2015-01-13,2015-01-14,test,hybrid_topology_fhs_scenario,0.94,0.1,1000,3136,4136,0.01340199495012212,0.014406742838008366,0.0017781606479741138,0.0,0.0,0.012429105978304876
2015-01-14,2015-01-15,test,hybrid_topology_fhs_scenario,0.94,0.1,1000,3137,4137,0.013053401878554792,0.014084867110404164,0.0020820661095245045,0.0,0.0,0.011812444333547972
2015-01-15,2015-01-16,test,hybrid_topology_fhs_scenario,0.94,0.1,1000,3138,4138,0.012834164268249139,0.013871886045681002,-0.004919983271565353,0.0,0.0,0.018499614059713343
2015-01-16,2015-01-20,test,hybrid_topology_fhs_scenario,0.94,0.1,1000,3139,4139,0.012783532739484876,0.01381854990874065,-0.002196485554214833,0.0,0.0,0.015764459759318592
2015-01-20,2015-01-21,test,hybrid_topology_fhs_scenario,0.94,0.1,1000,3140,4140,0.012477975834177826,0.013459918058800516,-0.0011261308529310287,0.0,0.0,0.014357438755809344
2015-01-21,2015-01-22,test,hybrid_topology_fhs_scenario,0.94,0.1,1000,3141,4141,0.012196086567574538,0.013177704044867311,-0.007929899981055089,0.0,0.0,0.020781173790760634
2015-01-22,2015-01-23,test,hybrid_topology_fhs_scenario,0.94,0.1,1000,3142,4142,0.012865648570826616,0.01381761219456287,0.0006729461782432051,0.0,0.0,0.012937976389837506
2015-01-23,2015-01-26,test,hybrid_topology_fhs_scenario,0.94,0.1,1000,3143,4143,0.01241788123103612,0.013253600700283998,-0.0004898560057968292,0.0,0.0,0.013528947660797135
2015-01-26,2015-01-27,test,hybrid_topology_fhs_scenario,0.94,0.1,1000,3144,4144,0.012288860999830072,0.013241211171548362,0.007363980998880981,0.0,0.0,0.0057795482183601865
2015-01-27,2015-01-28,test,hybrid_topology_fhs_scenario,0.94,0.1,1000,3145,4145,0.012782090422302071,0.013739580493983968,0.004615959179978767,0.0,0.0,0.008977192093578303
2015-01-28,2015-01-29,test,hybrid_topology_fhs_scenario,0.94,0.1,1000,3146,4146,0.012781808316259888,0.01377739464811697,-0.0041277521008084685,0.0,0.0,0.017626613684372985
2015-01-29,2015-01-30,test,hybrid_topology_fhs_scenario,0.94,0.1,1000,3147,4147,0.012701196662315924,0.01368814892825569,0.004041199374730353,0.0,0.0,0.009492375787563059
2015-01-30,2015-02-02,test,hybrid_topology_fhs_scenario,0.94,0.1,1000,3148,4148,0.012612212003937188,0.013590471000136028,-0.006930659583813048,0.0,0.0,0.020203531035227852
2015-02-02,2015-02-03,test,hybrid_topology_fhs_scenario,0.94,0.1,1000,3149,4149,0.012920820459012607,0.01349258177433868,-0.0053016389259138656,0.0,0.0,0.018506589776595497
2015-02-03,2015-02-04,test,hybrid_topology_fhs_scenario,0.94,0.1,1000,3150,4150,0.01301472296038541,0.013578249871676067,0.0016258850257378165,0.0,0.0,0.01176744410413627
2015-02-04,2015-02-05,test,hybrid_topology_fhs_scenario,0.94,0.1,1000,3151,4151,0.012664563565294521,0.013226553088397637,-0.004595458095163529,0.0,0.0,0.017549061120576716
2015-02-05,2015-02-06,test,hybrid_topology_fhs_scenario,0.94,0.1,1000,3152,4152,0.012653995617622722,0.01319338188795618,0.0061328446300986435,0.0,0.0,0.006949235336286339
2015-02-06,2015-02-09,test,hybrid_topology_fhs_scenario,0.94,0.1,1000,3153,4153,0.012898115284050476,0.013431432077159628,0.0028709759712455926,0.0,0.0,0.010396716096394233
2015-02-09,2015-02-10,test,hybrid_topology_fhs_scenario,0.94,0.1,1000,3154,4154,0.01268069527890814,0.013216675719122689,-0.005389897187109316,0.0,0.0,0.018322114508236377
2015-02-10,2015-02-11,test,hybrid_topology_fhs_scenario,0.94,0.1,1000,3155,4155,0.012807120865887476,0.01331716694390693,-0.00019970225684033945,0.0,0.0,0.013309015701955865
2015-02-11,2015-02-12,test,hybrid_topology_fhs_scenario,0.94,0.1,1000,3156,4156,0.012417675807299028,0.012878629656803905,-0.005918772039223929,0.0,0.0,0.01851083113209237
2015-02-12,2015-02-13,test,hybrid_topology_fhs_scenario,0.94,0.1,1000,3157,4157,0.01263652666501245,0.013033676353986357,-0.001130983494206461,0.0,0.0,0.013948218453580187
2015-02-13,2015-02-17,test,hybrid_topology_fhs_scenario,0.94,0.1,1000,3158,4158,0.012274559442425679,0.012697461209341957,0.0018924163483290627,0.0,0.0,0.010638740170428538
2015-02-17,2015-02-18,test,hybrid_topology_fhs_scenario,0.94,0.1,1000,3159,4159,0.011996152452201224,0.012407195154544524,-0.0019739447620211515,0.0,0.0,0.014161312390793757
2015-02-18,2015-02-19,test,hybrid_topology_fhs_scenario,0.94,0.1,1000,3160,4160,0.011704676044474269,0.012164298657402553,0.0014383732026489904,0.0,0.0,0.010560440346802976
2015-02-19,2015-02-20,test,hybrid_topology_fhs_scenario,0.94,0.1,1000,3161,4161,0.011403812097843446,0.011892605711061708,-0.003375263980092846,0.0,0.0,0.015033963709655053
2015-02-20,2015-02-23,test,hybrid_topology_fhs_scenario,0.94,0.1,1000,3162,4162,0.011313510607798383,0.011788543052398622,-0.0017536019818289229,0.0,0.0,0.01333426253426813
2015-02-23,2015-02-24,test,hybrid_topology_fhs_scenario,0.94,0.1,1000,3163,4163,0.011031284704722878,0.011565086091025276,-0.004356253374706621,0.0,0.0,0.015677181359882896
2015-02-24,2015-02-25,test,hybrid_topology_fhs_scenario,0.94,0.1,1000,3164,4164,0.01108438652904228,0.011513456883566779,0.00013880420302565534,0.0,0.0,0.011199742186787763
2015-02-25,2015-02-26,test,hybrid_topology_fhs_scenario,0.94,0.1,1000,3165,4165,0.010844371200314711,0.011292839272239978,0.0030810366904571395,0.0,0.0,0.008084140862336843
2015-02-26,2015-02-27,test,hybrid_topology_fhs_scenario,0.94,0.1,1000,3166,4166,0.010717333875648053,0.01117363276049742,0.0006268795027177586,0.0,0.0,0.010383988970064473
2015-02-27,2015-03-02,test,hybrid_topology_fhs_scenario,0.94,0.1,1000,3167,4167,0.010399436470911043,0.01090735316984609,-0.0008106656808677388,0.0,0.0,0.01153716940096377
2015-03-02,2015-03-03,test,hybrid_topology_fhs_scenario,0.94,0.1,1000,3168,4168,0.010177351290733215,0.010719779736460787,0.0033250168910452073,0.0,0.0,0.00727841711827707
2015-03-03,2015-03-04,test,hybrid_topology_fhs_scenario,0.94,0.1,1000,3169,4169,0.010122811147488088,0.0106491265914317,0.002228558293187599,0.0,0.0,0.008288996619331003
2015-03-04,2015-03-05,test,hybrid_topology_fhs_scenario,0.94,0.1,1000,3170,4170,0.009962775814612487,0.010475668522603917,-0.0008816227004996069,0.0,0.0,0.011181802927677058
2015-03-05,2015-03-06,test,hybrid_topology_fhs_scenario,0.94,0.1,1000,3171,4171,0.009729272968878303,0.010242465311579975,0.012529510351531204,1.0,1.0,0.005059280048777602
2015-03-06,2015-03-09,test,hybrid_topology_fhs_scenario,0.94,0.1,1000,3172,4172,0.012386950998483984,0.012713705440666969,-0.004344780701021822,0.0,0.0,0.01679934130514163
2015-03-09,2015-03-10,test,hybrid_topology_fhs_scenario,0.94,0.1,1000,3173,4173,0.012354534888667893,0.012849221726439536,0.008034859890332634,0.0,0.0,0.004737199540187582
2015-03-10,2015-03-11,test,hybrid_topology_fhs_scenario,0.94,0.1,1000,3174,4174,0.013019602562654909,0.01342833868088945,0.0006907431817782416,0.0,0.0,0.012542444205442194
2015-03-11,2015-03-12,test,hybrid_topology_fhs_scenario,0.94,0.1,1000,3175,4175,0.012725095900841659,0.01313692926241681,-0.008003706288583467,0.0,0.0,0.02081940768411952
2015-03-12,2015-03-13,test,hybrid_topology_fhs_scenario,0.94,0.1,1000,3176,4176,0.013334453593102329,0.013757510108061172,0.004279030548581475,0.0,0.0,0.009332071800937914
2015-03-13,2015-03-16,test,hybrid_topology_fhs_scenario,0.94,0.1,1000,3177,4177,0.013228552029904831,0.013541149876916268,-0.009404902954416405,0.0,0.0,0.022598736060392567
2015-03-16,2015-03-17,test,hybrid_topology_fhs_scenario,0.94,0.1,1000,3178,4178,0.014254848052184467,0.014567234118459364,0.0009603364987979867,0.0,0.0,0.013399670294703707
2015-03-17,2015-03-18,test,hybrid_topology_fhs_scenario,0.94,0.1,1000,3179,4179,0.013908569616559244,0.014311285004576466,-0.011804274887116772,0.0,0.0,0.025719799339437664
2015-03-18,2015-03-19,test,hybrid_topology_fhs_scenario,0.94,0.1,1000,3180,4180,0.01559742554400263,0.016347407489697943,0.004618967008172348,0.0,0.0,0.01154501405484576
2015-03-19,2015-03-20,test,hybrid_topology_fhs_scenario,0.94,0.1,1000,3181,4181,0.015429747197720299,0.015799345871396607,-0.006927720677564731,0.0,0.0,0.022382464563990154
2015-03-20,2015-03-23,test,hybrid_topology_fhs_scenario,0.94,0.1,1000,3182,4182,0.015650868515928076,0.01604560833006439,0.0006520327879550259,0.0,0.0,0.015158724510836358
2015-03-23,2015-03-24,test,hybrid_topology_fhs_scenario,0.94,0.1,1000,3183,4183,0.015180619237192949,0.015807221810125165,0.0021542120722146453,0.0,0.0,0.01344194856611254
2015-03-24,2015-03-25,test,hybrid_topology_fhs_scenario,0.94,0.1,1000,3184,4184,0.01478749425865958,0.01535727564792811,0.010520708317981863,0.0,0.0,0.004758321006104368
2015-03-25,2015-03-26,test,hybrid_topology_fhs_scenario,0.94,0.1,1000,3185,4185,0.015948237305173453,0.01651631322312969,0.0036816551600479695,0.0,0.0,0.012636457432955932
2015-03-26,2015-03-27,test,hybrid_topology_fhs_scenario,0.94,0.1,1000,3186,4186,0.01565442882847175,0.01627371625314876,-0.0029340966476010697,0.0,0.0,0.018913502832991813
2015-03-27,2015-03-30,test,hybrid_topology_fhs_scenario,0.94,0.1,1000,3187,4187,0.015302051654851583,0.015951451194810812,-0.00728238790488187,0.0,0.0,0.022878837517797703
2015-03-30,2015-03-31,test,hybrid_topology_fhs_scenario,0.94,0.1,1000,3188,4188,0.015603964531522607,0.016211194217626068,0.004207435330772236,0.0,0.0,0.01181763020668999
2015-03-31,2015-04-01,test,hybrid_topology_fhs_scenario,0.94,0.1,1000,3189,4189,0.015384374479121122,0.015972632146377876,0.00021833054152320375,0.0,0.0,0.015512104504109284
2015-04-01,2015-04-02,test,hybrid_topology_fhs_scenario,0.94,0.1,1000,3190,4190,0.014916408895533707,0.015483423662005013,-0.001018224702839454,0.0,0.0,0.016248453491707088
2015-04-02,2015-04-06,test,hybrid_topology_fhs_scenario,0.94,0.1,1000,3191,4191,0.014515285063638191,0.015434950940635727,-0.0045563411785140675,0.0,0.0,0.01968222607859257
2015-04-06,2015-04-07,test,hybrid_topology_fhs_scenario,0.94,0.1,1000,3192,4192,0.014396238268073151,0.015275870204227255,0.001256012262048567,0.0,0.0,0.013800763753684464
2015-04-07,2015-04-08,test,hybrid_topology_fhs_scenario,0.94,0.1,1000,3193,4193,0.014037629099022727,0.01493610132127184,-0.0016576483118394322,0.0,0.0,0.01633585866639211
2015-04-08,2015-04-09,test,hybrid_topology_fhs_scenario,0.94,0.1,1000,3194,4194,0.013654998617483925,0.014573999856754017,-0.0010330804737874288,0.0,0.0,0.015363784113190624
2015-04-09,2015-04-10,test,hybrid_topology_fhs_scenario,0.94,0.1,1000,3195,4195,0.013205120263864426,0.01399163865486459,-0.0031630522011571126,0.0,0.0,0.016889505309271375
2015-04-10,2015-04-13,test,hybrid_topology_fhs_scenario,0.94,0.1,1000,3196,4196,0.012997667509805754,0.013760326805969388,0.001899309434264351,0.0,0.0,0.011675475518167824
2015-04-13,2015-04-14,test,hybrid_topology_fhs_scenario,0.94,0.1,1000,3197,4197,0.012642947213904689,0.013325483086104,-0.0023296902397498707,0.0,0.0,0.015413520367244068
2015-04-14,2015-04-15,test,hybrid_topology_fhs_scenario,0.94,0.1,1000,3198,4198,0.012404053791711417,0.013084156533785666,-0.002913307505545504,0.0,0.0,0.01575070105132046
2015-04-15,2015-04-16,test,hybrid_topology_fhs_scenario,0.94,0.1,1000,3199,4199,0.012182760618152537,0.0128547265349892,-0.0001228732218819806,0.0,0.0,0.012776216101349748
2015-04-16,2015-04-17,test,hybrid_topology_fhs_scenario,0.94,0.1,1000,3200,4200,0.011914686089039962,0.012456596482426637,0.006092607860375443,0.0,0.0,0.00626310968878656
2015-04-17,2015-04-20,test,hybrid_topology_fhs_scenario,0.94,0.1,1000,3201,4201,0.012264373582801172,0.013030431817991696,-0.0047478397863826675,0.0,0.0,0.01750393694795684
2015-04-20,2015-04-21,test,hybrid_topology_fhs_scenario,0.94,0.1,1000,3202,4202,0.012314260926141915,0.013052267664401096,0.001560528409319173,0.0,0.0,0.011311983098873102
2015-04-21,2015-04-22,test,hybrid_topology_fhs_scenario,0.94,0.1,1000,3203,4203,0.011960192499340994,0.012530269733090628,-0.0006269237549050284,0.0,0.0,0.012954134813338226
2015-04-22,2015-04-23,test,hybrid_topology_fhs_scenario,0.94,0.1,1000,3204,4204,0.011627972017148342,0.012279036014402443,-0.0027330253373683442,0.0,0.0,0.014780369791521683
2015-04-23,2015-04-24,test,hybrid_topology_fhs_scenario,0.94,0.1,1000,3205,4205,0.011423392686200025,0.01210016969473532,-0.0027964724145411956,0.0,0.0,0.014666424707552016
2015-04-24,2015-04-27,test,hybrid_topology_fhs_scenario,0.94,0.1,1000,3206,4206,0.011230909153510795,0.011898925589075281,0.0031207021616031835,0.0,0.0,0.008639869911704371
2015-04-27,2015-04-28,test,hybrid_topology_fhs_scenario,0.94,0.1,1000,3207,4207,0.011093965686028707,0.011851104889092677,-6.369011923035273e-05,0.0,0.0,0.011728501691167546
2015-04-28,2015-04-29,test,hybrid_topology_fhs_scenario,0.94,0.1,1000,3208,4208,0.010876303277122752,0.011591962128381546,0.003951191934439424,0.0,0.0,0.0075190020525204015
2015-04-29,2015-04-30,test,hybrid_topology_fhs_scenario,0.94,0.1,1000,3209,4209,0.010883726529265506,0.011594601748876616,0.006123669972488011,0.0,0.0,0.005381759047546665
2015-04-30,2015-05-01,test,hybrid_topology_fhs_scenario,0.94,0.1,1000,3210,4210,0.011222888305451964,0.011942491090682388,-0.004317621088947687,0.0,0.0,0.01600901446908332
2015-05-01,2015-05-04,test,hybrid_topology_fhs_scenario,0.94,0.1,1000,3211,4211,0.011259919771089186,0.011950033206529364,-0.0008844884834565468,0.0,0.0,0.01263510273028172
2015-05-04,2015-05-05,test,hybrid_topology_fhs_scenario,0.94,0.1,1000,3212,4212,0.010936948262976585,0.011678411376048043,0.007546853202861081,0.0,0.0,0.0040621701694584424
2015-05-05,2015-05-06,test,hybrid_topology_fhs_scenario,0.94,0.1,1000,3213,4213,0.01165632905885161,0.012357208484667953,0.004425253283534825,0.0,0.0,0.007805967078857968
2015-05-06,2015-05-07,test,hybrid_topology_fhs_scenario,0.94,0.1,1000,3214,4214,0.01163607025841484,0.01211789023527894,-0.004093888194466322,0.0,0.0,0.015963783553530442
2015-05-07,2015-05-08,test,hybrid_topology_fhs_scenario,0.94,0.1,1000,3215,4215,0.011606089253317076,0.012082383813412907,-0.009442622577422365,0.0,0.0,0.021197368349371786
2015-05-08,2015-05-11,test,hybrid_topology_fhs_scenario,0.94,0.1,1000,3216,4216,0.012887458705565787,0.01350016158453983,0.006799224861786302,0.0,0.0,0.006594295643122485
2015-05-11,2015-05-12,test,hybrid_topology_fhs_scenario,0.94,0.1,1000,3217,4217,0.013256633702825005,0.013831560767164455,0.001492074134729848,0.0,0.0,0.012148645062304694
2015-05-12,2015-05-13,test,hybrid_topology_fhs_scenario,0.94,0.1,1000,3218,4218,0.012924294380208616,0.013546935134079409,0.0004151176705320392,0.0,0.0,0.01292861379405545
2015-05-13,2015-05-14,test,hybrid_topology_fhs_scenario,0.94,0.1,1000,3219,4219,0.012533615038753445,0.013184672008742102,-0.007620108261190195,0.0,0.0,0.020486197996183425
2015-05-14,2015-05-15,test,hybrid_topology_fhs_scenario,0.94,0.1,1000,3220,4220,0.013134038550753567,0.01374926406872816,-0.0035188913797165266,0.0,0.0,0.01700298086153827
2015-05-15,2015-05-18,test,hybrid_topology_fhs_scenario,0.94,0.1,1000,3221,4221,0.012978276893954395,0.013582892831649478,0.000834214571150405,0.0,0.0,0.012551401927214637
2015-05-18,2015-05-19,test,hybrid_topology_fhs_scenario,0.94,0.1,1000,3222,4222,0.012596848944098533,0.013241413647288904,0.0019707009978411575,0.0,0.0,0.011095206312674126
2015-05-19,2015-05-20,test,hybrid_topology_fhs_scenario,0.94,0.1,1000,3223,4223,0.012283354195354278,0.012965101243913972,-0.0004494067065795582,0.0,0.0,0.01320647286075053
2015-05-20,2015-05-21,test,hybrid_topology_fhs_scenario,0.94,0.1,1000,3224,4224,0.011912910775309798,0.012613857356931863,-0.004130020327042905,0.0,0.0,0.016485710052898925
2015-05-21,2015-05-22,test,hybrid_topology_fhs_scenario,0.94,0.1,1000,3225,4225,0.011960192499340994,0.01263686488603276,0.002335661369964903,0.0,0.0,0.010139918739459922
2015-05-22,2015-05-26,test,hybrid_topology_fhs_scenario,0.94,0.1,1000,3226,4226,0.01176264992957984,0.012415422394652507,0.0039642265423754704,0.0,0.0,0.008317900189842154
2015-05-26,2015-05-27,test,hybrid_topology_fhs_scenario,0.94,0.1,1000,3227,4227,0.01166995358106655,0.012362618562777527,-0.005471088236510368,0.0,0.0,0.017559274547481466
2015-05-27,2015-05-28,test,hybrid_topology_fhs_scenario,0.94,0.1,1000,3228,4228,0.011940291267742166,0.012576269225171697,0.0003027271912132701,0.0,0.0,0.012083079123874754
2015-05-28,2015-05-29,test,hybrid_topology_fhs_scenario,0.94,0.1,1000,3229,4229,0.011578340501715577,0.012240577454578145,0.0035031159155135324,0.0,0.0,0.008599777246450018
2015-05-29,2015-06-01,test,hybrid_topology_fhs_scenario,0.94,0.1,1000,3230,4230,0.011475291091966953,0.012173664359992712,0.000543007612041402,0.0,0.0,0.011449213164051782
2015-06-01,2015-06-02,test,hybrid_topology_fhs_scenario,0.94,0.1,1000,3231,4231,0.011127884310459366,0.011831752320180456,0.0033806089059827296,0.0,0.0,0.008317337582887548
2015-06-02,2015-06-03,test,hybrid_topology_fhs_scenario,0.94,0.1,1000,3232,4232,0.0110269483988067,0.011784325981396152,0.0018212446323284228,0.0,0.0,0.009806061353005817
2015-06-03,2015-06-04,test,hybrid_topology_fhs_scenario,0.94,0.1,1000,3233,4233,0.01076500888297585,0.011573208618847324,0.003118360217962612,0.0,0.0,0.008319943677512726
2015-06-04,2015-06-05,test,hybrid_topology_fhs_scenario,0.94,0.1,1000,3234,4234,0.010731064121143278,0.011420932766563599,0.0039189565792489,0.0,0.0,0.007382547858050775
2015-06-05,2015-06-08,test,hybrid_topology_fhs_scenario,0.94,0.1,1000,3235,4235,0.010739720262310194,0.011439648150989913,0.0031151369443334076,0.0,0.0,0.008192644259669861
2015-06-08,2015-06-09,test,hybrid_topology_fhs_scenario,0.94,0.1,1000,3236,4236,0.010625638365080682,0.011357244891122458,0.0013872918404026493,0.0,0.0,0.009813087689698593
2015-06-09,2015-06-10,test,hybrid_topology_fhs_scenario,0.94,0.1,1000,3237,4237,0.010378487213420854,0.011147156212851134,-0.005660352652069722,0.0,0.0,0.01654770954195274
2015-06-10,2015-06-11,test,hybrid_topology_fhs_scenario,0.94,0.1,1000,3238,4238,0.01074241966245931,0.011597836641095795,-0.0050940873799901094,0.0,0.0,0.01643299099098325
2015-06-11,2015-06-12,test,hybrid_topology_fhs_scenario,0.94,0.1,1000,3239,4239,0.010885657550173353,0.011617428035721107,0.004822421157500222,0.0,0.0,0.006685764070192094
2015-06-12,2015-06-15,test,hybrid_topology_fhs_scenario,0.94,0.1,1000,3240,4240,0.011043369926550627,0.01176018106910303,0.0016148387859362457,0.0,0.0,0.009985994037493758
2015-06-15,2015-06-16,test,hybrid_topology_fhs_scenario,0.94,0.1,1000,3241,4241,0.01076586320107473,0.011592895866214545,-0.004797410542310221,0.0,0.0,0.016136181485745495
2015-06-16,2015-06-17,test,hybrid_topology_fhs_scenario,0.94,0.1,1000,3242,4242,0.01092775411179414,0.011656356753760106,-0.001198452306949882,0.0,0.0,0.012654700898379678
2015-06-17,2015-06-18,test,hybrid_topology_fhs_scenario,0.94,0.1,1000,3243,4243,0.010709724709459509,0.011406288270247462,-0.005935648299149498,0.0,0.0,0.017074841885248125
2015-06-18,2015-06-19,test,hybrid_topology_fhs_scenario,0.94,0.1,1000,3244,4244,0.010953099354694337,0.01172648634442219,0.0005339250318104893,0.0,0.0,0.011016939023025247
2015-06-19,2015-06-22,test,hybrid_topology_fhs_scenario,0.94,0.1,1000,3245,4245,0.010721575087335917,0.011476755124423716,0.0002924825572351965,0.0,0.0,0.011008956678309815
2015-06-22,2015-06-23,test,hybrid_topology_fhs_scenario,0.94,0.1,1000,3246,4246,0.010396823765443333,0.011249679879022095,0.0007959168688338458,0.0,0.0,0.010288428003899636
2015-06-23,2015-06-24,test,hybrid_topology_fhs_scenario,0.94,0.1,1000,3247,4247,0.010174263929818355,0.011013622669054424,0.0031714348719473983,0.0,0.0,0.007716161392758059
2015-06-24,2015-06-25,test,hybrid_topology_fhs_scenario,0.94,0.1,1000,3248,4248,0.01010772572402021,0.010938128619228256,0.0028163582145665387,0.0,0.0,0.007991639819639712
2015-06-25,2015-06-26,test,hybrid_topology_fhs_scenario,0.94,0.1,1000,3249,4249,0.010007186156719028,0.010831026760192762,0.002026573550074251,0.0,0.0,0.008664148005931994
2015-06-26,2015-06-29,test,hybrid_topology_fhs_scenario,0.94,0.1,1000,3250,4250,0.009800245164550404,0.010649300854333552,0.00793233604309187,0.0,0.0,0.0026677197821752255
2015-06-29,2015-06-30,test,hybrid_topology_fhs_scenario,0.94,0.1,1000,3251,4251,0.010808816825148114,0.011601787638954126,-0.00015398443547978138,0.0,0.0,0.01157150578517934
2015-06-30,2015-07-01,test,hybrid_topology_fhs_scenario,0.94,0.1,1000,3252,4252,0.01048367440187451,0.011306015024320685,-0.002719098933462405,0.0,0.0,0.013806513842191883
2015-07-01,2015-07-02,test,hybrid_topology_fhs_scenario,0.94,0.1,1000,3253,4253,0.010386050930706346,0.011207087996503934,-0.0008696828401710822,0.0,0.0,0.011887408903466916
2015-07-02,2015-07-06,test,hybrid_topology_fhs_scenario,0.94,0.1,1000,3254,4254,0.010142997893558806,0.010921948879297205,-0.0011202897687496273,0.0,0.0,0.011853815558468745
2015-07-06,2015-07-07,test,hybrid_topology_fhs_scenario,0.94,0.1,1000,3255,4255,0.009863627616442933,0.010703991944284256,-0.004835505906694282,0.0,0.0,0.015298001739935447
2015-07-07,2015-07-08,test,hybrid_topology_fhs_scenario,0.94,0.1,1000,3256,4256,0.010082984357507123,0.010838294820307794,0.00847671755790531,0.0,0.0,0.0023186004988384394
2015-07-08,2015-07-09,test,hybrid_topology_fhs_scenario,0.94,0.1,1000,3257,4257,0.011254345105676598,0.011988739116750583,0.0017038902432002791,0.0,0.0,0.01012323220033631
2015-07-09,2015-07-10,test,hybrid_topology_fhs_scenario,0.94,0.1,1000,3258,4258,0.010971782662847275,0.011691257073243122,-0.0047834651598811714,0.0,0.0,0.016220406655523472
2015-07-10,2015-07-13,test,hybrid_topology_fhs_scenario,0.94,0.1,1000,3259,4259,0.011019669093654247,0.01181484932449267,-0.005551900358703765,0.0,0.0,0.017098296635640105
2015-07-13,2015-07-14,test,hybrid_topology_fhs_scenario,0.94,0.1,1000,3260,4260,0.011408313825951583,0.012099514355794472,-0.003867734128905198,0.0,0.0,0.015720827752130746
2015-07-14,2015-07-15,test,hybrid_topology_fhs_scenario,0.94,0.1,1000,3261,4261,0.011363924301810538,0.012032764460318706,-0.0013292831353074466,0.0,0.0,0.01315492848010668
2015-07-15,2015-07-16,test,hybrid_topology_fhs_scenario,0.94,0.1,1000,3262,4262,0.011054114205388346,0.011821470891086198,-0.0046622444503165985,0.0,0.0,0.01622878604442478
2015-07-16,2015-07-17,test,hybrid_topology_fhs_scenario,0.94,0.1,1000,3263,4263,0.011072354941454872,0.011916728213214198,-0.0005465925795171689,0.0,0.0,0.012267927248122801
2015-07-17,2015-07-20,test,hybrid_topology_fhs_scenario,0.94,0.1,1000,3264,4264,0.010838466083424257,0.011747576030812218,0.0004887121374966608,0.0,0.0,0.011080889835441945
2015-07-20,2015-07-21,test,hybrid_topology_fhs_scenario,0.94,0.1,1000,3265,4265,0.010596656050790536,0.011454091925447055,0.0012647194302673802,0.0,0.0,0.010027957549005416
2015-07-21,2015-07-22,test,hybrid_topology_fhs_scenario,0.94,0.1,1000,3266,4266,0.010245723546310303,0.011097068709563921,0.0005821603695219667,0.0,0.0,0.01034867126330879
2015-07-22,2015-07-23,test,hybrid_topology_fhs_scenario,0.94,0.1,1000,3267,4267,0.010003491602106621,0.010811713043602447,0.0017439066339486329,0.0,0.0,0.008923707099094048
2015-07-23,2015-07-24,test,hybrid_topology_fhs_scenario,0.94,0.1,1000,3268,4268,0.009770907503301377,0.010621046549871595,0.005844822333361432,0.0,0.0,0.004696079462796808
2015-07-24,2015-07-27,test,hybrid_topology_fhs_scenario,0.94,0.1,1000,3269,4269,0.01019185286950417,0.010966583797609505,0.002167205371782943,0.0,0.0,0.008659640440158111
2015-07-27,2015-07-28,test,hybrid_topology_fhs_scenario,0.94,0.1,1000,3270,4270,0.010038671870629588,0.010816273930852691,-0.006239279045258072,0.0,0.0,0.016791943660866872
2015-07-28,2015-07-29,test,hybrid_topology_fhs_scenario,0.94,0.1,1000,3271,4271,0.010555403667026534,0.01126804292453225,-0.0035608750546689996,0.0,0.0,0.014599357816938174
2015-07-29,2015-07-30,test,hybrid_topology_fhs_scenario,0.94,0.1,1000,3272,4272,0.010511601732036094,0.011267853101312657,-0.0005962861897987004,0.0,0.0,0.011678614688051921
2015-07-30,2015-07-31,test,hybrid_topology_fhs_scenario,0.94,0.1,1000,3273,4273,0.010202826680599745,0.010983383384107205,-0.0014330502013944369,0.0,0.0,0.012222381514684045
2015-07-31,2015-08-03,test,hybrid_topology_fhs_scenario,0.94,0.1,1000,3274,4274,0.01001776105620408,0.010781712040364709,0.0008045113775851708,0.0,0.0,0.009819903142996238
2015-08-03,2015-08-04,test,hybrid_topology_fhs_scenario,0.94,0.1,1000,3275,4275,0.009759448894659326,0.010635252039087766,0.0032363249680355203,0.0,0.0,0.007279185133542177
2015-08-04,2015-08-05,test,hybrid_topology_fhs_scenario,0.94,0.1,1000,3276,4276,0.009741291423756215,0.010566688836429517,-0.0004308580992272047,0.0,0.0,0.010824329757495138
2015-08-05,2015-08-06,test,hybrid_topology_fhs_scenario,0.94,0.1,1000,3277,4277,0.009535062989312015,0.010419149331222583,0.003511348902248623,0.0,0.0,0.006795342559120245
2015-08-06,2015-08-07,test,hybrid_topology_fhs_scenario,0.94,0.1,1000,3278,4278,0.009561040816823073,0.01040388268891516,-0.00043256287566202384,0.0,0.0,0.010665470462387604
2015-08-07,2015-08-10,test,hybrid_topology_fhs_scenario,0.94,0.1,1000,3279,4279,0.009274579482456299,0.009960421881427808,-0.005905796963478904,0.0,0.0,0.015621367138243396
2015-08-10,2015-08-11,test,hybrid_topology_fhs_scenario,0.94,0.1,1000,3280,4280,0.009805746811419637,0.010422732167449725,0.002772115979311773,0.0,0.0,0.007529687091755582
2015-08-11,2015-08-12,test,hybrid_topology_fhs_scenario,0.94,0.1,1000,3281,4281,0.009695084805944224,0.010553936610689516,-0.0005686579414219127,0.0,0.0,0.010947167115782305
2015-08-12,2015-08-13,test,hybrid_topology_fhs_scenario,0.94,0.1,1000,3282,4282,0.009472119954242433,0.010356041749601053,0.0017966920337494363,0.0,0.0,0.008422120252160256
2015-08-13,2015-08-14,test,hybrid_topology_fhs_scenario,0.94,0.1,1000,3283,4283,0.009266906253459196,0.010202764586186982,-0.0017717079620571672,0.0,0.0,0.011785496876693209
2015-08-14,2015-08-17,test,hybrid_topology_fhs_scenario,0.94,0.1,1000,3284,4284,0.00907649502287096,0.010014333680040151,-0.004067446041343237,0.0,0.0,0.013861174638990946
2015-08-17,2015-08-18,test,hybrid_topology_fhs_scenario,0.94,0.1,1000,3285,4285,0.009228557062213564,0.010144284539689545,0.002377008534867109,0.0,0.0,0.007641609589975339
2015-08-18,2015-08-19,test,hybrid_topology_fhs_scenario,0.94,0.1,1000,3286,4286,0.009142687950132424,0.010093543543910797,0.0022967357302142496,0.0,0.0,0.007670347140553316
2015-08-19,2015-08-20,test,hybrid_topology_fhs_scenario,0.94,0.1,1000,3287,4287,0.009003134055783011,0.009955022912233658,0.011444023884740261,1.0,1.0,0.003905481903174281
2015-08-20,2015-08-21,test,hybrid_topology_fhs_scenario,0.94,0.1,1000,3288,4288,0.011468211866353882,0.012143045684472277,0.016457175900207364,1.0,1.0,0.009253204609250035
2015-08-21,2015-08-24,test,hybrid_topology_fhs_scenario,0.94,0.1,1000,3289,4289,0.015470089498607205,0.015989466317579023,0.024595431925057195,1.0,1.0,0.017640054609663662
2015-08-24,2015-08-25,test,hybrid_topology_fhs_scenario,0.94,0.1,1000,3290,4290,0.022173532197286797,0.02298238361566357,0.009249102365145577,0.0,0.0,0.013519193517576454
2015-08-25,2015-08-26,test,hybrid_topology_fhs_scenario,0.94,0.1,1000,3291,4291,0.022357440662081084,0.023147827504152594,-0.02057429036447389,0.0,0.0,0.04305838223217637
2015-08-26,2015-08-27,test,hybrid_topology_fhs_scenario,0.94,0.1,1000,3292,4292,0.025486403186152234,0.026280655808588665,-0.014615842687567415,0.0,0.0,0.04027510849248937
2015-08-27,2015-08-28,test,hybrid_topology_fhs_scenario,0.94,0.1,1000,3293,4293,0.02652855655228975,0.027328623721729832,-0.00010509234289561853,0.0,0.0,0.02701420965196167
2015-08-28,2015-08-31,test,hybrid_topology_fhs_scenario,0.94,0.1,1000,3294,4294,0.025720483500167948,0.026570542473327758,0.005523191651500902,0.0,0.0,0.020723139969767854
2015-08-31,2015-09-01,test,hybrid_topology_fhs_scenario,0.94,0.1,1000,3295,4295,0.0252023223029145,0.026034426951765298,0.0161118123949467,0.0,0.0,0.00976545429197781
2015-09-01,2015-09-02,test,hybrid_topology_fhs_scenario,0.94,0.1,1000,3296,4296,0.026792529119419893,0.02758734989406865,-0.010301173622100056,0.0,0.0,0.03731224745567968
2015-09-02,2015-09-03,test,hybrid_topology_fhs_scenario,0.94,0.1,1000,3297,4297,0.026861650367865753,0.02765559092798052,-0.0014075884861411312,0.0,0.0,0.02861929231730868
2015-09-03,2015-09-04,test,hybrid_topology_fhs_scenario,0.94,0.1,1000,3298,4298,0.02592250521646129,0.026770577284247043,0.007844308160308877,0.0,0.0,0.018633894366401237
2015-09-04,2015-09-08,test,hybrid_topology_fhs_scenario,0.94,0.1,1000,3299,4299,0.02566121760155583,0.026511950663501895,-0.013321084638383773,0.0,0.0,0.039227032441737926
2015-09-08,2015-09-09,test,hybrid_topology_fhs_scenario,0.94,0.1,1000,3300,4300,0.026529299965244894,0.02739097339204785,0.007873170173960586,0.0,0.0,0.019216419435547923
2015-09-09,2015-09-10,test,hybrid_topology_fhs_scenario,0.94,0.1,1000,3301,4301,0.02624693485971052,0.02709019855187851,-0.0023643960800304063,0.0,0.0,0.0290043430755086
2015-09-10,2015-09-11,test,hybrid_topology_fhs_scenario,0.94,0.1,1000,3302,4302,0.025495723832326928,0.026356478425721093,-0.003780368109264875,0.0,0.0,0.029676186291027234
2015-09-11,2015-09-14,test,hybrid_topology_fhs_scenario,0.94,0.1,1000,3303,4303,0.024846128375519624,0.025714850151597288,0.0018511341050065466,0.0,0.0,0.023497073088131103
2015-09-14,2015-09-15,test,hybrid_topology_fhs_scenario,0.94,0.1,1000,3304,4304,0.02412054940173479,0.02498574885469765,-0.004350008167449459,0.0,0.0,0.028887068672285274
2015-09-15,2015-09-16,test,hybrid_topology_fhs_scenario,0.94,0.1,1000,3305,4305,0.023563416824557214,0.02429921006951264,-0.005086774876478728,0.0,0.0,0.028937837239351942
2015-09-16,2015-09-17,test,hybrid_topology_fhs_scenario,0.94,0.1,1000,3306,4306,0.023093880301370162,0.023860926494278862,-0.001977838241628671,0.0,0.0,0.025443512802939834
2015-09-17,2015-09-18,test,hybrid_topology_fhs_scenario,0.94,0.1,1000,3307,4307,0.02242882416139228,0.023219208449712037,0.007930389260796165,0.0,0.0,0.015051583058198936
2015-09-18,2015-09-21,test,hybrid_topology_fhs_scenario,0.94,0.1,1000,3308,4308,0.02237395172129039,0.023110483353524232,-0.0008244028991828407,0.0,0.0,0.023568497642594128
2015-09-21,2015-09-22,test,hybrid_topology_fhs_scenario,0.94,0.1,1000,3309,4309,0.021699777290661186,0.02246067355016635,0.005799028846129128,0.0,0.0,0.01640411107088161
2015-09-22,2015-09-23,test,hybrid_topology_fhs_scenario,0.94,0.1,1000,3310,4310,0.021388151082792798,0.02216058284333404,0.001407224774231608,0.0,0.0,0.02043433338046048
2015-09-23,2015-09-24,test,hybrid_topology_fhs_scenario,0.94,0.1,1000,3311,4311,0.020757621468417635,0.02158720308538831,0.0015712285297391213,0.0,0.0,0.019707439121144744
2015-09-24,2015-09-25,test,hybrid_topology_fhs_scenario,0.94,0.1,1000,3312,4312,0.020201752256237628,0.020988367016860243,0.001201087184680616,0.0,0.0,0.01948260448709071
2015-09-25,2015-09-28,test,hybrid_topology_fhs_scenario,0.94,0.1,1000,3313,4313,0.019602633980608228,0.020431782653075492,0.012775282580810465,0.0,0.0,0.007533361084456379
2015-09-28,2015-09-29,test,hybrid_topology_fhs_scenario,0.94,0.1,1000,3314,4314,0.02076997956983625,0.021599237757775464,-0.0017284118710269249,0.0,0.0,0.022969442302490962
2015-09-29,2015-09-30,test,hybrid_topology_fhs_scenario,0.94,0.1,1000,3315,4315,0.02021943001076888,0.021143201243930328,-0.011269427842562641,0.0,0.0,0.031917201937863966
2015-09-30,2015-10-01,test,hybrid_topology_fhs_scenario,0.94,0.1,1000,3316,4316,0.020938122339394225,0.02172748749119589,-0.0018775535369200736,0.0,0.0,0.02324307176117621
2015-10-01,2015-10-02,test,hybrid_topology_fhs_scenario,0.94,0.1,1000,3317,4317,0.0203385049698261,0.021166890104422974,-0.010891720713350494,0.0,0.0,0.0315694478041609
2015-10-02,2015-10-05,test,hybrid_topology_fhs_scenario,0.94,0.1,1000,3318,4318,0.021003196899178327,0.02179026395931774,-0.008461298190718614,0.0,0.0,0.029789918047184415
2015-10-05,2015-10-06,test,hybrid_topology_fhs_scenario,0.94,0.1,1000,3319,4319,0.02112412861757648,0.021906769917504988,0.0012385019540564588,0.0,0.0,0.020350417530997516
2015-10-06,2015-10-07,test,hybrid_topology_fhs_scenario,0.94,0.1,1000,3320,4320,0.020497104855043354,0.021326010012067804,-0.003913620095551273,0.0,0.0,0.02485274660443455
2015-10-07,2015-10-08,test,hybrid_topology_fhs_scenario,0.94,0.1,1000,3321,4321,0.020091049735106368,0.020888662352895312,-0.004375619876921632,0.0,0.0,0.0248773418701918
2015-10-08,2015-10-09,test,hybrid_topology_fhs_scenario,0.94,0.1,1000,3322,4322,0.01969551827675925,0.020474137007995784,-0.0005812771664771343,0.0,0.0,0.02073179677454346
2015-10-09,2015-10-12,test,hybrid_topology_fhs_scenario,0.94,0.1,1000,3323,4323,0.01909943256856533,0.019905962573902723,-0.0019065109013757463,0.0,0.0,0.021477221073095916
2015-10-12,2015-10-13,test,hybrid_topology_fhs_scenario,0.94,0.1,1000,3324,4324,0.018563517916301602,0.019412848110436347,0.003410299285480844,0.0,0.0,0.015754017290639823
2015-10-13,2015-10-14,test,hybrid_topology_fhs_scenario,0.94,0.1,1000,3325,4325,0.018140611270689774,0.019017751094779725,0.0006890181057527473,0.0,0.0,0.018045030595950674
2015-10-14,2015-10-15,test,hybrid_topology_fhs_scenario,0.94,0.1,1000,3326,4326,0.017593954974262884,0.018507783360489475,-0.007848179243338426,0.0,0.0,0.025951484880908218
2015-10-15,2015-10-16,test,hybrid_topology_fhs_scenario,0.94,0.1,1000,3327,4327,0.01784010691520606,0.018636903921122338,-0.002395428115158227,0.0,0.0,0.020708879085677194
2015-10-16,2015-10-19,test,hybrid_topology_fhs_scenario,0.94,0.1,1000,3328,4328,0.01736997541491447,0.01820210208097053,-0.00010978001470896004,0.0,0.0,0.01802888259758374
2015-10-19,2015-10-20,test,hybrid_topology_fhs_scenario,0.94,0.1,1000,3329,4329,0.016840974549636668,0.01767084152946261,0.0021375375207715263,0.0,0.0,0.015292005778762456
2015-10-20,2015-10-21,test,hybrid_topology_fhs_scenario,0.94,0.1,1000,3330,4330,0.016389816184228016,0.01727938646907915,0.0023469870164231077,0.0,0.0,0.014699517758017693
2015-10-21,2015-10-22,test,hybrid_topology_fhs_scenario,0.94,0.1,1000,3331,4331,0.016029872510570316,0.01688503050553307,-0.010543761880806413,0.0,0.0,0.027008808920594762
2015-10-22,2015-10-23,test,hybrid_topology_fhs_scenario,0.94,0.1,1000,3332,4332,0.017064350234519392,0.0181662736112908,-0.004319549038219205,0.0,0.0,0.02213751607599964
2015-10-23,2015-10-26,test,hybrid_topology_fhs_scenario,0.94,0.1,1000,3333,4333,0.01680066220058256,0.017999636254449,0.00043270271435980035,0.0,0.0,0.017291439796449197
2015-10-26,2015-10-27,test,hybrid_topology_fhs_scenario,0.94,0.1,1000,3334,4334,0.01628540508956977,0.017460891302107415,0.00015667129166097027,0.0,0.0,0.01703290184816437
2015-10-27,2015-10-28,test,hybrid_topology_fhs_scenario,0.94,0.1,1000,3335,4335,0.01593252648432819,0.016998368304358916,-0.004751230550003659,0.0,0.0,0.02141269645334683
2015-10-28,2015-10-29,test,hybrid_topology_fhs_scenario,0.94,0.1,1000,3336,4336,0.015775943005704972,0.016888918568555147,0.0028011580861735832,0.0,0.0,0.013865314319517338
2015-10-29,2015-10-30,test,hybrid_topology_fhs_scenario,0.94,0.1,1000,3337,4337,0.015411546820096954,0.016370163942612086,0.0017995082122369997,0.0,0.0,0.014342509723194308
2015-10-30,2015-11-02,test,hybrid_topology_fhs_scenario,0.94,0.1,1000,3338,4338,0.015048279745307914,0.016003247825877195,-0.005949377884803696,0.0,0.0,0.021613786644214986
2015-11-02,2015-11-03,test,hybrid_topology_fhs_scenario,0.94,0.1,1000,3339,4339,0.01507810462581017,0.01607785476815516,-0.0006882665427814681,0.0,0.0,0.016504631989849132
2015-11-03,2015-11-04,test,hybrid_topology_fhs_scenario,0.94,0.1,1000,3340,4340,0.014741886543874653,0.015687986622933265,0.0022338866679149525,0.0,0.0,0.013242827454902451
2015-11-04,2015-11-05,test,hybrid_topology_fhs_scenario,0.94,0.1,1000,3341,4341,0.014373212018750643,0.015403150699510874,0.0008624503938772677,0.0,0.0,0.014312290414241499
2015-11-05,2015-11-06,test,hybrid_topology_fhs_scenario,0.94,0.1,1000,3342,4342,0.013947670090657215,0.014803153100967434,0.003028973385562295,0.0,0.0,0.011589012189570959
2015-11-06,2015-11-09,test,hybrid_topology_fhs_scenario,0.94,0.1,1000,3343,4343,0.01379562464205686,0.014929584122075965,0.006282172494976823,0.0,0.0,0.008506360857892461
2015-11-09,2015-11-10,test,hybrid_topology_fhs_scenario,0.94,0.1,1000,3344,4344,0.014043504352226897,0.015137430287045013,-0.0021445166002439283,0.0,0.0,0.01701177842463143
2015-11-10,2015-11-11,test,hybrid_topology_fhs_scenario,0.94,0.1,1000,3345,4345,0.013702562054375436,0.014803700449472509,0.002548563640492296,0.0,0.0,0.012060298372894539
2015-11-11,2015-11-12,test,hybrid_topology_fhs_scenario,0.94,0.1,1000,3346,4346,0.013399507720346593,0.014590521266741438,0.008147856357776128,0.0,0.0,0.006334114799866881
2015-11-12,2015-11-13,test,hybrid_topology_fhs_scenario,0.94,0.1,1000,3347,4347,0.014237765536756637,0.015462469882670396,0.00521920566500118,0.0,0.0,0.010077368210945039
2015-11-13,2015-11-16,test,hybrid_topology_fhs_scenario,0.94,0.1,1000,3348,4348,0.014266302716090109,0.015460915090004117,-0.009653160170294228,0.0,0.0,0.02472541800765473
2015-11-16,2015-11-17,test,hybrid_topology_fhs_scenario,0.94,0.1,1000,3349,4349,0.015248463509730399,0.016427540421779564,0.0005505971869768312,0.0,0.0,0.0156269983171602
2015-11-17,2015-11-18,test,hybrid_topology_fhs_scenario,0.94,0.1,1000,3350,4350,0.014889839200203498,0.01612119957584816,-0.00933055386042021,0.0,0.0,0.025057663530967896
2015-11-18,2015-11-19,test,hybrid_topology_fhs_scenario,0.94,0.1,1000,3351,4351,0.015676435882826387,0.016892328495554904,-0.0003520373321735049,0.0,0.0,0.0169735414141852
2015-11-19,2015-11-20,test,hybrid_topology_fhs_scenario,0.94,0.1,1000,3352,4352,0.015239633542568099,0.01649172077048347,-0.0016584854007538395,0.0,0.0,0.0178654322063896
2015-11-20,2015-11-23,test,hybrid_topology_fhs_scenario,0.94,0.1,1000,3353,4353,0.014904933374316342,0.016062711513661263,0.00015913022634650442,0.0,0.0,0.015653449786611588
2015-11-23,2015-11-24,test,hybrid_topology_fhs_scenario,0.94,0.1,1000,3354,4354,0.014353175739055632,0.015597674570664017,-0.0011804675994875335,0.0,0.0,0.01651402504928319
2015-11-24,2015-11-25,test,hybrid_topology_fhs_scenario,0.94,0.1,1000,3355,4355,0.014034711129492084,0.015307281425612164,-0.00013975985745935394,0.0,0.0,0.015202609960864245
2015-11-25,2015-11-27,test,hybrid_topology_fhs_scenario,0.94,0.1,1000,3356,4356,0.01362110137777126,0.014922349716435766,-0.001102545907279362,0.0,0.0,0.015771509705972755
2015-11-27,2015-11-30,test,hybrid_topology_fhs_scenario,0.94,0.1,1000,3357,4357,0.01322809778616431,0.014628328770749034,0.0023408447186643367,0.0,0.0,0.012089169481457579
2015-11-30,2015-12-01,test,hybrid_topology_fhs_scenario,0.94,0.1,1000,3358,4358,0.012979224063452555,0.014412685299275195,-0.007848763896016386,0.0,0.0,0.02191319284500398
2015-12-01,2015-12-02,test,hybrid_topology_fhs_scenario,0.94,0.1,1000,3359,4359,0.013651060214275335,0.014908014000518215,0.0072466551177480685,0.0,0.0,0.007533868961666165
2015-12-02,2015-12-03,test,hybrid_topology_fhs_scenario,0.94,0.1,1000,3360,4360,0.01404453707671969,0.01536646112110811,0.012608184679650015,0.0,0.0,0.002703683054392339
2015-12-03,2015-12-04,test,hybrid_topology_fhs_scenario,0.94,0.1,1000,3361,4361,0.015991158259554213,0.017123647313000947,-0.013182213250151254,0.0,0.0,0.02983994776417045
2015-12-04,2015-12-07,test,hybrid_topology_fhs_scenario,0.94,0.1,1000,3362,4362,0.01776012898345813,0.01888308174543098,0.0023494756223751525,0.0,0.0,0.016274372503590262
2015-12-07,2015-12-08,test,hybrid_topology_fhs_scenario,0.94,0.1,1000,3363,4363,0.017142613143737603,0.01829849284750286,0.003805640060464177,0.0,0.0,0.014263901198195449
2015-12-08,2015-12-09,test,hybrid_topology_fhs_scenario,0.94,0.1,1000,3364,4364,0.016960148946818333,0.01800364777070357,0.004065005488889505,0.0,0.0,0.013719127659348003
2015-12-09,2015-12-10,test,hybrid_topology_fhs_scenario,0.94,0.1,1000,3365,4365,0.01646177191484885,0.017688561259068904,-0.000683297249601722,0.0,0.0,0.018084012737598364
2015-12-10,2015-12-11,test,hybrid_topology_fhs_scenario,0.94,0.1,1000,3366,4366,0.01596676048715895,0.01711546212213234,0.008423959942460878,0.0,0.0,0.008549642630626655
2015-12-11,2015-12-14,test,hybrid_topology_fhs_scenario,0.94,0.1,1000,3367,4367,0.016464753059311114,0.01769161671109493,-7.671946851801588e-05,0.0,0.0,0.017489542500400912
2015-12-14,2015-12-15,test,hybrid_topology_fhs_scenario,0.94,0.1,1000,3368,4368,0.015963252049600744,0.016942254247318295,-0.00528136583997405,0.0,0.0,0.021880475764005786
2015-12-15,2015-12-16,test,hybrid_topology_fhs_scenario,0.94,0.1,1000,3369,4369,0.015871245687538657,0.016884360063890862,-0.007721763265075853,0.0,0.0,0.024226900335268694
2015-12-16,2015-12-17,test,hybrid_topology_fhs_scenario,0.94,0.1,1000,3370,4370,0.016221420403390818,0.01721535498179349,0.007476786879093611,0.0,0.0,0.009582550235375353
2015-12-17,2015-12-18,test,hybrid_topology_fhs_scenario,0.94,0.1,1000,3371,4371,0.016498057423076414,0.017503136082934613,0.009255311447744741,0.0,0.0,0.008114056479063441
2015-12-18,2015-12-21,test,hybrid_topology_fhs_scenario,0.94,0.1,1000,3372,4372,0.017138718088627346,0.018021633160995525,-0.00513714457338419,0.0,0.0,0.02280256691764034
2015-12-21,2015-12-22,test,hybrid_topology_fhs_scenario,0.94,0.1,1000,3373,4373,0.01692321628019442,0.017663305006430752,-0.0043173927283547625,0.0,0.0,0.021643586381501368
2015-12-22,2015-12-23,test,hybrid_topology_fhs_scenario,0.94,0.1,1000,3374,4374,0.016656202204519282,0.017406154381645937,-0.006526035427239395,0.0,0.0,0.023565707439980786
2015-12-23,2015-12-24,test,hybrid_topology_fhs_scenario,0.94,0.1,1000,3375,4375,0.01672002045203868,0.01743849138665619,0.000256362003271815,0.0,0.0,0.01691721273328743
2015-12-24,2015-12-28,test,hybrid_topology_fhs_scenario,0.94,0.1,1000,3376,4376,0.01621155491342778,0.0169488057555627,0.0012960181851660257,0.0,0.0,0.015410623248419375
2015-12-28,2015-12-29,test,hybrid_topology_fhs_scenario,0.94,0.1,1000,3377,4377,0.015779865556712375,0.016522568402267585,-0.004289986767680309,0.0,0.0,0.020492939813943123
2015-12-29,2015-12-30,test,hybrid_topology_fhs_scenario,0.94,0.1,1000,3378,4378,0.01552522169329053,0.016190096173880213,0.004100865160572553,0.0,0.0,0.011901243803302148
2015-12-30,2015-12-31,test,hybrid_topology_fhs_scenario,0.94,0.1,1000,3379,4379,0.015296552115615362,0.016000075260789635,0.005546805718826864,0.0,0.0,0.010289435267381587
2015-12-31,2016-01-04,test,hybrid_topology_fhs_scenario,0.94,0.1,1000,3380,4380,0.015281012192538124,0.015975392448438208,0.006683188333625134,0.0,0.0,0.009145877250531877
2016-01-04,2016-01-05,test,hybrid_topology_fhs_scenario,0.94,0.1,1000,3381,4381,0.01546575871535245,0.016158482273278183,-0.0009020203472891896,0.0,0.0,0.016797667845679605
2016-01-05,2016-01-06,test,hybrid_topology_fhs_scenario,0.94,0.1,1000,3382,4382,0.015006565595854815,0.015710317246395437,0.0051540676328597265,0.0,0.0,0.010390868352827268
2016-01-06,2016-01-07,test,hybrid_topology_fhs_scenario,0.94,0.1,1000,3383,4383,0.014946448428468841,0.015674350379899483,0.01353212531446053,0.0,0.0,0.002102812669943063
2016-01-07,2016-01-08,test,hybrid_topology_fhs_scenario,0.94,0.1,1000,3384,4384,0.017050154287623243,0.017709301419133773,0.005575571379284083,0.0,0.0,0.01194513261793684
2016-01-08,2016-01-11,test,hybrid_topology_fhs_scenario,0.94,0.1,1000,3385,4385,0.016850734314989624,0.017551630150463557,0.0006751904569811453,0.0,0.0,0.016616284139725435
2016-01-11,2016-01-12,test,hybrid_topology_fhs_scenario,0.94,0.1,1000,3386,4386,0.016343477754595184,0.01707556493164628,-0.0066386618781561595,0.0,0.0,0.023351192535884892
2016-01-12,2016-01-13,test,hybrid_topology_fhs_scenario,0.94,0.1,1000,3387,4387,0.016528270169105196,0.017200013110386613,0.013398570471537917,0.0,0.0,0.003737703569853152
2016-01-13,2016-01-14,test,hybrid_topology_fhs_scenario,0.94,0.1,1000,3388,4388,0.018231687458605088,0.018931258996576793,-0.00903310013827996,0.0,0.0,0.027537898032454183
2016-01-14,2016-01-15,test,hybrid_topology_fhs_scenario,0.94,0.1,1000,3389,4389,0.0186559058909804,0.019299271172440166,0.01101888733030485,0.0,0.0,0.008149744431688689
2016-01-15,2016-01-19,test,hybrid_topology_fhs_scenario,0.94,0.1,1000,3390,4390,0.01949669486759916,0.020140134850448337,-0.00027994733892988666,0.0,0.0,0.02010734655670906
2016-01-19,2016-01-20,test,hybrid_topology_fhs_scenario,0.94,0.1,1000,3391,4391,0.0189036512041431,0.01954202053083505,0.005723575942128356,0.0,0.0,0.013604784226609174
2016-01-20,2016-01-21,test,hybrid_topology_fhs_scenario,0.94,0.1,1000,3392,4392,0.018713539502960837,0.019355817229191042,-0.0023653117353397146,0.0,0.0,0.02138888925280049
2016-01-21,2016-01-22,test,hybrid_topology_fhs_scenario,0.94,0.1,1000,3393,4393,0.01821057770850087,0.01885113573344376,-0.01142083332858279,0.0,0.0,0.02981148394584672
2016-01-22,2016-01-25,test,hybrid_topology_fhs_scenario,0.94,0.1,1000,3394,4394,0.019199551094336163,0.019837701906570533,0.007734929553177205,0.0,0.0,0.011914849259970084
2016-01-25,2016-01-26,test,hybrid_topology_fhs_scenario,0.94,0.1,1000,3395,4395,0.01930291417152568,0.019904775321161847,-0.008481576479099705,0.0,0.0,0.02795453791176127
2016-01-26,2016-01-27,test,hybrid_topology_fhs_scenario,0.94,0.1,1000,3396,4396,0.019535221562261236,0.02013281856976701,0.006234784303378093,0.0,0.0,0.013683587782318027
2016-01-27,2016-01-28,test,hybrid_topology_fhs_scenario,0.94,0.1,1000,3397,4397,0.019382552676685077,0.019982994986879117,-0.003642471221248744,0.0,0.0,0.023265079791904
2016-01-28,2016-01-29,test,hybrid_topology_fhs_scenario,0.94,0.1,1000,3398,4398,0.018945437208198607,0.019553989524720563,-0.016764041173089828,0.0,0.0,0.03576717471417802
2016-01-29,2016-02-01,test,hybrid_topology_fhs_scenario,0.94,0.1,1000,3399,4399,0.021439069163855018,0.02202472572714908,0.0011382869891047199,0.0,0.0,0.020567285591340752
2016-02-01,2016-02-02,test,hybrid_topology_fhs_scenario,0.94,0.1,1000,3400,4400,0.02080733427023933,0.02138682582433523,0.007979969886833247,0.0,0.0,0.013199958182898494
2016-02-02,2016-02-03,test,hybrid_topology_fhs_scenario,0.94,0.1,1000,3401,4401,0.020850545248530767,0.02142995025280232,-0.00315841402764403,0.0,0.0,0.02421374476619694
2016-02-03,2016-02-04,test,hybrid_topology_fhs_scenario,0.94,0.1,1000,3402,4402,0.020322691970197742,0.02092959176798922,-0.001892036271208086,0.0,0.0,0.022473234620631437
2016-02-04,2016-02-05,test,hybrid_topology_fhs_scenario,0.94,0.1,1000,3403,4403,0.01974316559123978,0.020381717741977907,0.01091929989194329,0.0,0.0,0.009314096060776714
2016-02-05,2016-02-08,test,hybrid_topology_fhs_scenario,0.94,0.1,1000,3404,4404,0.020455143746533996,0.021060952201145518,0.00508783745459911,0.0,0.0,0.0157274599408021
2016-02-08,2016-02-09,test,hybrid_topology_fhs_scenario,0.94,0.1,1000,3405,4405,0.020114658431464563,0.020723488385813196,-0.00010484382680266968,0.0,0.0,0.020509818929883142
2016-02-09,2016-02-10,test,hybrid_topology_fhs_scenario,0.94,0.1,1000,3406,4406,0.019502007833234712,0.02008368973553757,-0.0006756833153706456,0.0,0.0,0.020442165636121563
2016-02-10,2016-02-11,test,hybrid_topology_fhs_scenario,0.94,0.1,1000,3407,4407,0.01891316352033655,0.019531502414160937,0.0059656027628979475,0.0,0.0,0.0133562277675558
2016-02-11,2016-02-12,test,hybrid_topology_fhs_scenario,0.94,0.1,1000,3408,4408,0.018755498829624757,0.01935896863455115,-0.009318943798332579,0.0,0.0,0.02824170904834121
2016-02-12,2016-02-16,test,hybrid_topology_fhs_scenario,0.94,0.1,1000,3409,4409,0.019197470330981358,0.01982887953812871,-0.008933116261838148,0.0,0.0,0.02832425177089588
2016-02-16,2016-02-17,test,hybrid_topology_fhs_scenario,0.94,0.1,1000,3410,4410,0.0195253376120041,0.020165728896552697,-0.00882124281448542,0.0,0.0,0.028545763222527058
2016-02-17,2016-02-18,test,hybrid_topology_fhs_scenario,0.94,0.1,1000,3411,4411,0.019806731378681067,0.020459151053802638,0.0006025036177995879,0.0,0.0,0.01955227352771179
2016-02-18,2016-02-19,test,hybrid_topology_fhs_scenario,0.94,0.1,1000,3412,4412,0.01930941250411978,0.01985509599848755,0.0002810973718100573,0.0,0.0,0.01927493181233365
2016-02-19,2016-02-22,test,hybrid_topology_fhs_scenario,0.94,0.1,1000,3413,4413,0.018623249644633594,0.01926384188701421,-0.008289361941703264,0.0,0.0,0.027133499848862905
2016-02-22,2016-02-23,test,hybrid_topology_fhs_scenario,0.94,0.1,1000,3414,4414,0.01886765261147327,0.019478155829670368,0.006780508191781864,0.0,0.0,0.012501077891138204
2016-02-23,2016-02-24,test,hybrid_topology_fhs_scenario,0.94,0.1,1000,3415,4415,0.018833033587678332,0.019427457405936568,-0.002745433242387163,0.0,0.0,0.021834353050416293
2016-02-24,2016-02-25,test,hybrid_topology_fhs_scenario,0.94,0.1,1000,3416,4416,0.018349112615462734,0.018963196255375417,-0.008460379922395945,0.0,0.0,0.027006081698705664
2016-02-25,2016-02-26,test,hybrid_topology_fhs_scenario,0.94,0.1,1000,3417,4417,0.018646995237647557,0.0192701537938605,0.00332780203032903,0.0,0.0,0.01569698490151637
2016-02-26,2016-02-29,test,hybrid_topology_fhs_scenario,0.94,0.1,1000,3418,4418,0.01821203810815063,0.01883008690918095,0.004053354920001738,0.0,0.0,0.01454890052133122
2016-02-29,2016-03-01,test,hybrid_topology_fhs_scenario,0.94,0.1,1000,3419,4419,0.017859007802031715,0.018471093695009152,-0.010977571127602736,0.0,0.0,0.029000813991342935
2016-03-01,2016-03-02,test,hybrid_topology_fhs_scenario,0.94,0.1,1000,3420,4420,0.01877157287900003,0.019346268006489996,-0.0020019480966928516,0.0,0.0,0.021022245910360202
2016-03-02,2016-03-03,test,hybrid_topology_fhs_scenario,0.94,0.1,1000,3421,4421,0.018240834627937356,0.018741639460504698,-0.002827187586256841,0.0,0.0,0.021240286592734442
2016-03-03,2016-03-04,test,hybrid_topology_fhs_scenario,0.94,0.1,1000,3422,4422,0.017783369832310315,0.01827910219697992,-0.0006002991168170711,0.0,0.0,0.01859125297044334
2016-03-04,2016-03-07,test,hybrid_topology_fhs_scenario,0.94,0.1,1000,3423,4423,0.01724617106829063,0.01778287854599418,0.0003273863542458955,0.0,0.0,0.01718829273409502
2016-03-07,2016-03-08,test,hybrid_topology_fhs_scenario,0.94,0.1,1000,3424,4424,0.016722180136204995,0.017244574510493632,0.004236711918506319,0.0,0.0,0.012807520709364617
2016-03-08,2016-03-09,test,hybrid_topology_fhs_scenario,0.94,0.1,1000,3425,4425,0.016452267855348833,0.016993527127276174,-0.0013934520794729008,0.0,0.0,0.018105761925928564
2016-03-09,2016-03-10,test,hybrid_topology_fhs_scenario,0.94,0.1,1000,3426,4426,0.015977572299188357,0.016382682984089077,0.0009484427194497603,0.0,0.0,0.01519867555382072
2016-03-10,2016-03-11,test,hybrid_topology_fhs_scenario,0.94,0.1,1000,3427,4427,0.01550929886359544,0.015988522515514206,-0.00854162333136532,0.0,0.0,0.024157401422657147
2016-03-11,2016-03-14,test,hybrid_topology_fhs_scenario,0.94,0.1,1000,3428,4428,0.016054189191027905,0.016501956334361762,0.00047422513860393415,0.0,0.0,0.01578283755638812
2016-03-14,2016-03-15,test,hybrid_topology_fhs_scenario,0.94,0.1,1000,3429,4429,0.015574104357057542,0.016127145341550467,0.0010515525369846344,0.0,0.0,0.014843928502652416
2016-03-15,2016-03-16,test,hybrid_topology_fhs_scenario,0.94,0.1,1000,3430,4430,0.015195849849414121,0.015725830637167957,-0.005574542734529198,0.0,0.0,0.02097556796324416
2016-03-16,2016-03-17,test,hybrid_topology_fhs_scenario,0.94,0.1,1000,3431,4431,0.015190729185792772,0.01567404174528048,-0.004246775325782615,0.0,0.0,0.01961717168940227
2016-03-17,2016-03-18,test,hybrid_topology_fhs_scenario,0.94,0.1,1000,3432,4432,0.01499544236513247,0.015494192089409034,-0.0030538398900583183,0.0,0.0,0.01826482400253258
2016-03-18,2016-03-21,test,hybrid_topology_fhs_scenario,0.94,0.1,1000,3433,4433,0.014679682106522735,0.015203680115777196,0.0002825607566411926,0.0,0.0,0.01469206258865642
2016-03-21,2016-03-22,test,hybrid_topology_fhs_scenario,0.94,0.1,1000,3434,4434,0.014233716348561267,0.014819745115563943,0.0011664930378884942,0.0,0.0,0.01344259300884029
2016-03-22,2016-03-23,test,hybrid_topology_fhs_scenario,0.94,0.1,1000,3435,4435,0.013821817469579707,0.014415047904336958,0.002121361769959207,0.0,0.0,0.012103348538014511
2016-03-23,2016-03-24,test,hybrid_topology_fhs_scenario,0.94,0.1,1000,3436,4436,0.013507646624789526,0.014139333707510393,0.0006681341397418495,0.0,0.0,0.013262814703424807
2016-03-24,2016-03-28,test,hybrid_topology_fhs_scenario,0.94,0.1,1000,3437,4437,0.013103697724953903,0.013749641840681953,-0.0009402779134143114,0.0,0.0,0.014463111516627538
2016-03-28,2016-03-29,test,hybrid_topology_fhs_scenario,0.94,0.1,1000,3438,4438,0.012771609461882204,0.013389211543031692,-0.00825735254093698,0.0,0.0,0.021315689601897645
2016-03-29,2016-03-30,test,hybrid_topology_fhs_scenario,0.94,0.1,1000,3439,4439,0.013501687099929952,0.014096031672764634,-0.0020874571656630536,0.0,0.0,0.015934793060122927
2016-03-30,2016-03-31,test,hybrid_topology_fhs_scenario,0.94,0.1,1000,3440,4440,0.013163901111698137,0.013802146746744912,9.403404513939114e-07,0.0,0.0,0.013587805853848648
2016-03-31,2016-04-01,test,hybrid_topology_fhs_scenario,0.94,0.1,1000,3441,4441,0.012764595845078585,0.01341854131410198,-0.003971007751651889,0.0,0.0,0.017122166375077328
2016-04-01,2016-04-04,test,hybrid_topology_fhs_scenario,0.94,0.1,1000,3442,4442,0.012654908659306675,0.013286887106637883,0.001470245849808127,0.0,0.0,0.011633071853503998
2016-04-04,2016-04-05,test,hybrid_topology_fhs_scenario,0.94,0.1,1000,3443,4443,0.012356722967722599,0.012948193932159312,0.004396902955019022,0.0,0.0,0.00841710690283882
2016-04-05,2016-04-06,test,hybrid_topology_fhs_scenario,0.94,0.1,1000,3444,4444,0.01233539383076982,0.012930085523952353,-0.005685699048725467,0.0,0.0,0.018330600887155827
2016-04-06,2016-04-07,test,hybrid_topology_fhs_scenario,0.94,0.1,1000,3445,4445,0.012499619309305071,0.013109566611023462,0.005115848635341445,0.0,0.0,0.007867712733029603
2016-04-07,2016-04-08,test,hybrid_topology_fhs_scenario,0.94,0.1,1000,3446,4446,0.012588247990046085,0.013203668831029245,-0.001005778283074532,0.0,0.0,0.013990151198982387
2016-04-08,2016-04-11,test,hybrid_topology_fhs_scenario,0.94,0.1,1000,3447,4447,0.01222311043115702,0.012880268724018453,0.0014805220566695974,0.0,0.0,0.011222178884410008
2016-04-11,2016-04-12,test,hybrid_topology_fhs_scenario,0.94,0.1,1000,3448,4448,0.011960192499340994,0.012625502167198894,-0.004000003411399611,0.0,0.0,0.016369469898240948
2016-04-12,2016-04-13,test,hybrid_topology_fhs_scenario,0.94,0.1,1000,3449,4449,0.011960192499340994,0.012547435203200527,-0.006350302309927125,0.0,0.0,0.01860839902339214
2016-04-13,2016-04-14,test,hybrid_topology_fhs_scenario,0.94,0.1,1000,3450,4450,0.012274504705275488,0.012928820253982847,0.0009122770927110225,0.0,0.0,0.011829751858365673
2016-04-14,2016-04-15,test,hybrid_topology_fhs_scenario,0.94,0.1,1000,3451,4451,0.011960192499340994,0.012613890254731492,-0.0005338264187821018,0.0,0.0,0.012943963945856986
2016-04-15,2016-04-18,test,hybrid_topology_fhs_scenario,0.94,0.1,1000,3452,4452,0.011682542781503623,0.012416437126741847,-0.00381813353589866,0.0,0.0,0.015983713159248517
2016-04-18,2016-04-19,test,hybrid_topology_fhs_scenario,0.94,0.1,1000,3453,4453,0.011643569573054124,0.012360307815388018,-0.0012408929751340112,0.0,0.0,0.013390015396240861
2016-04-19,2016-04-20,test,hybrid_topology_fhs_scenario,0.94,0.1,1000,3454,4454,0.011364422027540622,0.012132148844072148,0.0014597659990495337,0.0,0.0,0.01050461983418196
2016-04-20,2016-04-21,test,hybrid_topology_fhs_scenario,0.94,0.1,1000,3455,4455,0.01107854813821647,0.011884908689185198,0.003883527640520534,0.0,0.0,0.007873296727425007
2016-04-21,2016-04-22,test,hybrid_topology_fhs_scenario,0.94,0.1,1000,3456,4456,0.010959075052711088,0.011788642934400356,0.000438064177029851,0.0,0.0,0.011172024397193054
2016-04-22,2016-04-25,test,hybrid_topology_fhs_scenario,0.94,0.1,1000,3457,4457,0.010748125241138454,0.011533062525048876,0.0014723765090846718,0.0,0.0,0.009901926352885638
2016-04-25,2016-04-26,test,hybrid_topology_fhs_scenario,0.94,0.1,1000,3458,4458,0.010435170963797796,0.01100077997584976,-4.997043365722036e-05,0.0,0.0,0.010879333063243858
2016-04-26,2016-04-27,test,hybrid_topology_fhs_scenario,0.94,0.1,1000,3459,4459,0.01027364476165287,0.011072149062538126,-0.003435441513898718,0.0,0.0,0.014281991674781438
2016-04-27,2016-04-28,test,hybrid_topology_fhs_scenario,0.94,0.1,1000,3460,4460,0.010238999259032,0.011033590457170134,0.004059109065657229,0.0,0.0,0.00686191825865883
2016-04-28,2016-04-29,test,hybrid_topology_fhs_scenario,0.94,0.1,1000,3461,4461,0.010314827278976563,0.011094513710594776,0.0033848105031186295,0.0,0.0,0.007586260795047822
2016-04-29,2016-05-02,test,hybrid_topology_fhs_scenario,0.94,0.1,1000,3462,4462,0.01020011776609652,0.011086627862322914,-0.003607404548324799,0.0,0.0,0.014464756823525732
2016-05-02,2016-05-03,test,hybrid_topology_fhs_scenario,0.94,0.1,1000,3463,4463,0.010263555461364097,0.010983863835148577,0.002848043066901517,0.0,0.0,0.00800658037298551
2016-05-03,2016-05-04,test,hybrid_topology_fhs_scenario,0.94,0.1,1000,3464,4464,0.010106854836824363,0.010868155652803623,0.002620978313413791,0.0,0.0,0.008115856671139192
2016-05-04,2016-05-05,test,hybrid_topology_fhs_scenario,0.94,0.1,1000,3465,4465,0.010038671870629588,0.010815991211923899,-0.000970336017374529,0.0,0.0,0.011601759127446008
2016-05-05,2016-05-06,test,hybrid_topology_fhs_scenario,0.94,0.1,1000,3466,4466,0.009766915501725572,0.010546185601797098,-0.0012556969753251934,0.0,0.0,0.01161706163746474
2016-05-06,2016-05-09,test,hybrid_topology_fhs_scenario,0.94,0.1,1000,3467,4467,0.009613203688586643,0.010353070618746518,-0.001256691665303933,0.0,0.0,0.011428217180488096
2016-05-09,2016-05-10,test,hybrid_topology_fhs_scenario,0.94,0.1,1000,3468,4468,0.00936191812225546,0.010170816032974886,-0.0073877396593547305,0.0,0.0,0.01728708837783748
2016-05-10,2016-05-11,test,hybrid_topology_fhs_scenario,0.94,0.1,1000,3469,4469,0.010216314380893944,0.010784460388410905,0.004997679847806546,0.0,0.0,0.005694297372420124
2016-05-11,2016-05-12,test,hybrid_topology_fhs_scenario,0.94,0.1,1000,3470,4470,0.010480829726119115,0.011021918486696534,0.0009089986638711968,0.0,0.0,0.009955815137877182
2016-05-12,2016-05-13,test,hybrid_topology_fhs_scenario,0.94,0.1,1000,3471,4471,0.010180629105335962,0.010728406564064137,0.0037077037982314424,0.0,0.0,0.006909914449757922
2016-05-13,2016-05-16,test,hybrid_topology_fhs_scenario,0.94,0.1,1000,3472,4472,0.010138716788972027,0.010654878487328975,-0.0044761144037197996,0.0,0.0,0.014898866380699476
2016-05-16,2016-05-17,test,hybrid_topology_fhs_scenario,0.94,0.1,1000,3473,4473,0.01034738870275639,0.010842998228714248,0.006143293529580008,0.0,0.0,0.004624253033387649
2016-05-17,2016-05-18,test,hybrid_topology_fhs_scenario,0.94,0.1,1000,3474,4474,0.01078791486385041,0.011273114286683877,0.0030506496220302107,0.0,0.0,0.008094275700455527
2016-05-18,2016-05-19,test,hybrid_topology_fhs_scenario,0.94,0.1,1000,3475,4475,0.010662821629863508,0.011189968414280941,0.0016769193098927103,0.0,0.0,0.009365081899978232
2016-05-19,2016-05-20,test,hybrid_topology_fhs_scenario,0.94,0.1,1000,3476,4476,0.010400631486561415,0.010919375749692928,-0.004046164296201216,0.0,0.0,0.014735869502574417
2016-05-20,2016-05-23,test,hybrid_topology_fhs_scenario,0.94,0.1,1000,3477,4477,0.010452082839505564,0.010941805644738345,0.0005623130923930519,0.0,0.0,0.010218902936007785
2016-05-23,2016-05-24,test,hybrid_topology_fhs_scenario,0.94,0.1,1000,3478,4478,0.010245723546310303,0.010778886933924264,-0.0071211349515814416,0.0,0.0,0.01762618992334698
2016-05-24,2016-05-25,test,hybrid_topology_fhs_scenario,0.94,0.1,1000,3479,4479,0.01095875904830012,0.011531502799828291,-0.003887194672036287,0.0,0.0,0.015181689572271326
2016-05-25,2016-05-26,test,hybrid_topology_fhs_scenario,0.94,0.1,1000,3480,4480,0.010948488097490619,0.011524780752490563,-0.0014143748440956117,0.0,0.0,0.012739305336087383
2016-05-26,2016-05-27,test,hybrid_topology_fhs_scenario,0.94,0.1,1000,3481,4481,0.010692895834785918,0.011200553553023681,-0.0018144951113958194,0.0,0.0,0.012814746357270831
2016-05-27,2016-05-31,test,hybrid_topology_fhs_scenario,0.94,0.1,1000,3482,4482,0.0104407195093852,0.011002707591409618,0.0006668592383053396,0.0,0.0,0.010175190746987469
2016-05-31,2016-06-01,test,hybrid_topology_fhs_scenario,0.94,0.1,1000,3483,4483,0.010308198685578732,0.011308592151557975,-0.0010939563183006485,0.0,0.0,0.012206506308150952
2016-06-01,2016-06-02,test,hybrid_topology_fhs_scenario,0.94,0.1,1000,3484,4484,0.010221453964950175,0.011199653269620176,-0.0030681791580796426,0.0,0.0,0.01404403294823762
2016-06-02,2016-06-03,test,hybrid_topology_fhs_scenario,0.94,0.1,1000,3485,4485,0.010144979153683556,0.01096591378422364,-0.0019212225525771177,0.0,0.0,0.012685619945443346
2016-06-03,2016-06-06,test,hybrid_topology_fhs_scenario,0.94,0.1,1000,3486,4486,0.009842867628860153,0.010733989951163357,-0.0020070194394375736,0.0,0.0,0.012540983026518885
2016-06-06,2016-06-07,test,hybrid_topology_fhs_scenario,0.94,0.1,1000,3487,4487,0.009646245451080991,0.010308269450575966,-0.0015154949576114073,0.0,0.0,0.011639787702069611
2016-06-07,2016-06-08,test,hybrid_topology_fhs_scenario,0.94,0.1,1000,3488,4488,0.009515688112864008,0.010436164521631548,-0.0024254199152822674,0.0,0.0,0.012659455906272434
2016-06-08,2016-06-09,test,hybrid_topology_fhs_scenario,0.94,0.1,1000,3489,4489,0.009364569573737673,0.010505962053281765,0.00020650947736606802,0.0,0.0,0.01013354686248152
2016-06-09,2016-06-10,test,hybrid_topology_fhs_scenario,0.94,0.1,1000,3490,4490,0.009151767174818835,0.010193475191994292,0.0042814425532528445,0.0,0.0,0.005812935068988571
2016-06-10,2016-06-13,test,hybrid_topology_fhs_scenario,0.94,0.1,1000,3491,4491,0.0093385285151873,0.010494766238515614,0.0038376721647271684,0.0,0.0,0.006545675285448336
2016-06-13,2016-06-14,test,hybrid_topology_fhs_scenario,0.94,0.1,1000,3492,4492,0.00945468283222894,0.010377189372463909,0.0012872927971649072,0.0,0.0,0.008944323061267167
2016-06-14,2016-06-15,test,hybrid_topology_fhs_scenario,0.94,0.1,1000,3493,4493,0.009249102365145577,0.010244741105841181,-0.00038153254194535087,0.0,0.0,0.010456923155662778
2016-06-15,2016-06-16,test,hybrid_topology_fhs_scenario,0.94,0.1,1000,3494,4494,0.009003134055783011,0.01012587678648624,-0.002219424306956341,0.0,0.0,0.01214889414973391
2016-06-16,2016-06-17,test,hybrid_topology_fhs_scenario,0.94,0.1,1000,3495,4495,0.008985679601340918,0.010104562942326667,0.0035904787064845456,0.0,0.0,0.006405184138894632
2016-06-17,2016-06-20,test,hybrid_topology_fhs_scenario,0.94,0.1,1000,3496,4496,0.008983334835713128,0.010186300698022184,-0.0021452471449822765,0.0,0.0,0.012134544966736303
2016-06-20,2016-06-21,test,hybrid_topology_fhs_scenario,0.94,0.1,1000,3497,4497,0.008843879935089437,0.00998821917278424,-0.0008041852572803431,0.0,0.0,0.010619074971236667
2016-06-21,2016-06-22,test,hybrid_topology_fhs_scenario,0.94,0.1,1000,3498,4498,0.008593743599792472,0.009800076512602318,0.00018574270669957638,0.0,0.0,0.009458055469686102
2016-06-22,2016-06-23,test,hybrid_topology_fhs_scenario,0.94,0.1,1000,3499,4499,0.008433444245503472,0.009603461361642657,-0.005907089376557817,0.0,0.0,0.015266192305966075
2016-06-23,2016-06-24,test,hybrid_topology_fhs_scenario,0.94,0.1,1000,3500,4500,0.009042519029971401,0.010149071296063884,0.016015749648956863,1.0,1.0,0.012770176665688585
2016-06-24,2016-06-27,test,hybrid_topology_fhs_scenario,0.94,0.1,1000,3501,4501,0.013518272645775055,0.014694156087783171,0.00728820978301603,0.0,0.0,0.0072830982757755534
2016-06-27,2016-06-28,test,hybrid_topology_fhs_scenario,0.94,0.1,1000,3502,4502,0.013982251179464295,0.0151485822183941,-0.010750854327988345,0.0,0.0,0.02549928168779741
2016-06-28,2016-06-29,test,hybrid_topology_fhs_scenario,0.94,0.1,1000,3503,4503,0.015342601638343487,0.016384326457606232,-0.008590672730286419,0.0,0.0,0.024589956951881632
2016-06-29,2016-06-30,test,hybrid_topology_fhs_scenario,0.94,0.1,1000,3504,4504,0.015944688539550236,0.016962311582178917,-0.009074606459004373,0.0,0.0,0.025636188040139254
2016-06-30,2016-07-01,test,hybrid_topology_fhs_scenario,0.94,0.1,1000,3505,4505,0.016540994652737055,0.017521596365633284,-0.0023171084261205174,0.0,0.0,0.019531318202748532
2016-07-01,2016-07-05,test,hybrid_topology_fhs_scenario,0.94,0.1,1000,3506,4506,0.016108926640571158,0.017024935583258342,0.002122866188278727,0.0,0.0,0.01466937826462805
2016-07-05,2016-07-06,test,hybrid_topology_fhs_scenario,0.94,0.1,1000,3507,4507,0.01568197007229709,0.0166145248928845,-0.0036690667161137554,0.0,0.0,0.01997001218665741
2016-07-06,2016-07-07,test,hybrid_topology_fhs_scenario,0.94,0.1,1000,3508,4508,0.01546170168468451,0.01651880823894065,0.0008996665062415143,0.0,0.0,0.015374283541166088
2016-07-07,2016-07-08,test,hybrid_topology_fhs_scenario,0.94,0.1,1000,3509,4509,0.015133268239787256,0.016203742526366853,-0.009709001706608865,0.0,0.0,0.025513348326615285
2016-07-08,2016-07-11,test,hybrid_topology_fhs_scenario,0.94,0.1,1000,3510,4510,0.015927295111743057,0.017027924515749786,-7.017388129959383e-06,0.0,0.0,0.01676841148128148
2016-07-11,2016-07-12,test,hybrid_topology_fhs_scenario,0.94,0.1,1000,3511,4511,0.015442086251405892,0.01659443710969527,-0.0019906803898816156,0.0,0.0,0.018294817228500338
2016-07-12,2016-07-13,test,hybrid_topology_fhs_scenario,0.94,0.1,1000,3512,4512,0.015161433388358342,0.01622891099583713,-0.000947022495568084,0.0,0.0,0.01690761971295935
2016-07-13,2016-07-14,test,hybrid_topology_fhs_scenario,0.94,0.1,1000,3513,4513,0.01471341168857078,0.01576980475757832,-0.001683797563346001,0.0,0.0,0.017181234355420384
2016-07-14,2016-07-15,test,hybrid_topology_fhs_scenario,0.94,0.1,1000,3514,4514,0.014310270084996772,0.015423919429232808,0.002336199122641292,0.0,0.0,0.012880268008550282
2016-07-15,2016-07-18,test,hybrid_topology_fhs_scenario,0.94,0.1,1000,3515,4515,0.013963418365222968,0.015051084647346686,-0.0015052458558221903,0.0,0.0,0.016297108882800105
2016-07-18,2016-07-19,test,hybrid_topology_fhs_scenario,0.94,0.1,1000,3516,4516,0.01358070533374856,0.014689558290217924,-0.00046293998419928435,0.0,0.0,0.014914122270736256
2016-07-19,2016-07-20,test,hybrid_topology_fhs_scenario,0.94,0.1,1000,3517,4517,0.013274919476350667,0.014326001603321077,-0.0016773907688766518,0.0,0.0,0.01575283066534506
2016-07-20,2016-07-21,test,hybrid_topology_fhs_scenario,0.94,0.1,1000,3518,4518,0.012997667509805754,0.014106671459482526,0.0013730621036491808,0.0,0.0,0.012531515175999078
2016-07-21,2016-07-22,test,hybrid_topology_fhs_scenario,0.94,0.1,1000,3519,4519,0.012669485029923684,0.01379465067262576,-0.0023699799339317092,0.0,0.0,0.015910909491032087
2016-07-22,2016-07-25,test,hybrid_topology_fhs_scenario,0.94,0.1,1000,3520,4520,0.012390494268509768,0.013480730054578744,0.0019503244378545003,0.0,0.0,0.011346547174612689
2016-07-25,2016-07-26,test,hybrid_topology_fhs_scenario,0.94,0.1,1000,3521,4521,0.012169819534301145,0.013197547821602946,-0.0005268775754319943,0.0,0.0,0.013508281733206397
2016-07-26,2016-07-27,test,hybrid_topology_fhs_scenario,0.94,0.1,1000,3522,4522,0.011804680269524411,0.012897421382563773,-0.0010760457885986563,0.0,0.0,0.013752937752464599
2016-07-27,2016-07-28,test,hybrid_topology_fhs_scenario,0.94,0.1,1000,3523,4523,0.011480598007279266,0.01264327672601787,-0.000906027577516344,0.0,0.0,0.013334437951793813
2016-07-28,2016-07-29,test,hybrid_topology_fhs_scenario,0.94,0.1,1000,3524,4524,0.0110616948473352,0.011948590805351914,-0.0024954627465113345,0.0,0.0,0.014218523789005132
2016-07-29,2016-08-01,test,hybrid_topology_fhs_scenario,0.94,0.1,1000,3525,4525,0.010989938678068061,0.012234451774621699,0.0018858472613496825,0.0,0.0,0.010180930314607399
2016-08-01,2016-08-02,test,hybrid_topology_fhs_scenario,0.94,0.1,1000,3526,4526,0.010947769165813161,0.012179938864821653,0.004804279707139303,0.0,0.0,0.007252702573327031
2016-08-02,2016-08-03,test,hybrid_topology_fhs_scenario,0.94,0.1,1000,3527,4527,0.011048007262719883,0.012429221042723189,-0.0019675382835606216,0.0,0.0,0.014166995798589519
2016-08-03,2016-08-04,test,hybrid_topology_fhs_scenario,0.94,0.1,1000,3528,4528,0.010927925055415672,0.012223694890041667,-0.0015997594941258519,0.0,0.0,0.013603144870058747
2016-08-04,2016-08-05,test,hybrid_topology_fhs_scenario,0.94,0.1,1000,3529,4529,0.010623417671703429,0.011823983040532816,-0.0024202191399098176,0.0,0.0,0.0140185334940477
2016-08-05,2016-08-08,test,hybrid_topology_fhs_scenario,0.94,0.1,1000,3530,4530,0.010441120283915818,0.01170859527486766,0.0005719640053047036,0.0,0.0,0.010956907050609994
2016-08-08,2016-08-09,test,hybrid_topology_fhs_scenario,0.94,0.1,1000,3531,4531,0.010210680260757825,0.011508781682458905,-0.0017886946291837623,0.0,0.0,0.013085033152751016
2016-08-09,2016-08-10,test,hybrid_topology_fhs_scenario,0.94,0.1,1000,3532,4532,0.009981429516288262,0.011350342851677832,0.0004155589370175017,0.0,0.0,0.010757073022586529
2016-08-10,2016-08-11,test,hybrid_topology_fhs_scenario,0.94,0.1,1000,3533,4533,0.009715899388975213,0.011106778856220068,-0.0008646173191304118,0.0,0.0,0.011777916438047773
2016-08-11,2016-08-12,test,hybrid_topology_fhs_scenario,0.94,0.1,1000,3534,4534,0.00955399169568056,0.01096371880681423,-0.0009075143912601337,0.0,0.0,0.011679067428991913
2016-08-12,2016-08-15,test,hybrid_topology_fhs_scenario,0.94,0.1,1000,3535,4535,0.009286219352208882,0.0105878506430646,-0.0005555333490126822,0.0,0.0,0.010963216919287564
2016-08-15,2016-08-16,test,hybrid_topology_fhs_scenario,0.94,0.1,1000,3536,4536,0.009003134055783011,0.010188783153127481,0.003772584056091333,0.0,0.0,0.006308099619607162
2016-08-16,2016-08-17,test,hybrid_topology_fhs_scenario,0.94,0.1,1000,3537,4537,0.009014137203958314,0.010173498649225456,-0.0017719527900375452,0.0,0.0,0.011754676053221384
2016-08-17,2016-08-18,test,hybrid_topology_fhs_scenario,0.94,0.1,1000,3538,4538,0.008861392928890512,0.010036599723211992,-0.0020607224585713624,0.0,0.0,0.01190411028111339
2016-08-18,2016-08-19,test,hybrid_topology_fhs_scenario,0.94,0.1,1000,3539,4539,0.008686525070515611,0.009878973062272613,0.0022316863760018625,0.0,0.0,0.007520652906059119
2016-08-19,2016-08-22,test,hybrid_topology_fhs_scenario,0.94,0.1,1000,3540,4540,0.008600997683707309,0.009785561958627672,-0.0008666651793155067,0.0,0.0,0.010480598088124826
2016-08-22,2016-08-23,test,hybrid_topology_fhs_scenario,0.94,0.1,1000,3541,4541,0.008462790352260299,0.009626444516712938,-0.0011722354655612222,0.0,0.0,0.010625063240895521
2016-08-23,2016-08-24,test,hybrid_topology_fhs_scenario,0.94,0.1,1000,3542,4542,0.008325926843954355,0.009486655697510536,0.003211579755085658,0.0,0.0,0.006169342514752943
2016-08-24,2016-08-25,test,hybrid_topology_fhs_scenario,0.94,0.1,1000,3543,4543,0.008406641531129229,0.009572535249189962,0.0010559259875508654,0.0,0.0,0.008377201185533903
2016-08-25,2016-08-26,test,hybrid_topology_fhs_scenario,0.94,0.1,1000,3544,4544,0.008186998359649002,0.009389877539679514,0.002667332655093846,0.0,0.0,0.006609677919516578
2016-08-26,2016-08-29,test,hybrid_topology_fhs_scenario,0.94,0.1,1000,3545,4545,0.00831292809813755,0.00950089676865188,-0.004605816453709633,0.0,0.0,0.013883232837320948
2016-08-29,2016-08-30,test,hybrid_topology_fhs_scenario,0.94,0.1,1000,3546,4546,0.008530077336888623,0.009653350957526875,0.0010250862289916673,0.0,0.0,0.008487608021400797
2016-08-30,2016-08-31,test,hybrid_topology_fhs_scenario,0.94,0.1,1000,3547,4547,0.008334368332671583,0.009465686282007424,0.0021712286477381547,0.0,0.0,0.007173727590261871
2016-08-31,2016-09-01,test,hybrid_topology_fhs_scenario,0.94,0.1,1000,3548,4548,0.008334368332671583,0.009537166180913562,-0.0006549370041014858,0.0,0.0,0.010027193658757403
2016-09-01,2016-09-02,test,hybrid_topology_fhs_scenario,0.94,0.1,1000,3549,4549,0.007844395253915842,0.009005026418967168,-0.0016671033342437803,0.0,0.0,0.010500441495262271
2016-09-02,2016-09-06,test,hybrid_topology_fhs_scenario,0.94,0.1,1000,3550,4550,0.008334368332671583,0.00936849824462388,-0.0036789619250050974,0.0,0.0,0.01284140696796502
2016-09-06,2016-09-07,test,hybrid_topology_fhs_scenario,0.94,0.1,1000,3551,4551,0.00831292809813755,0.00955424501888709,-0.00015929712731987955,0.0,0.0,0.009555425844806368
2016-09-07,2016-09-08,test,hybrid_topology_fhs_scenario,0.94,0.1,1000,3552,4552,0.008562098782757354,0.009809941878989023,0.003332460538856364,0.0,0.0,0.006367840689068352
2016-09-08,2016-09-09,test,hybrid_topology_fhs_scenario,0.94,0.1,1000,3553,4553,0.008677934445343653,0.01015150611368149,0.016261870616104734,1.0,1.0,0.013618461311476714
2016-09-09,2016-09-12,test,hybrid_topology_fhs_scenario,0.94,0.1,1000,3554,4554,0.013398570471537917,0.014639021844797939,-0.008968732297168946,0.0,0.0,0.02324123331610478
2016-09-12,2016-09-13,test,hybrid_topology_fhs_scenario,0.94,0.1,1000,3555,4555,0.014221448471688335,0.015669582582072763,0.010101469169579392,0.0,0.0,0.005470110370202125
2016-09-13,2016-09-14,test,hybrid_topology_fhs_scenario,0.94,0.1,1000,3556,4556,0.015363272793459748,0.01671414054988471,-0.0006784163933853283,0.0,0.0,0.017118159911556737
2016-09-14,2016-09-15,test,hybrid_topology_fhs_scenario,0.94,0.1,1000,3557,4557,0.014861544901059244,0.01609108671194679,-0.006104037007951746,0.0,0.0,0.021849901445991183
2016-09-15,2016-09-16,test,hybrid_topology_fhs_scenario,0.94,0.1,1000,3558,4558,0.015032270776845491,0.016258898054030715,0.001887130800909076,0.0,0.0,0.014143924471552962
2016-09-16,2016-09-19,test,hybrid_topology_fhs_scenario,0.94,0.1,1000,3559,4559,0.01463066125328697,0.01589140054515531,0.0005715244906481676,0.0,0.0,0.01507747052077085
2016-09-19,2016-09-20,test,hybrid_topology_fhs_scenario,0.94,0.1,1000,3560,4560,0.014190270441641076,0.01550357826705481,-0.0006413398023006778,0.0,0.0,0.015889611220061016
2016-09-20,2016-09-21,test,hybrid_topology_fhs_scenario,0.94,0.1,1000,3561,4561,0.013809437181599767,0.0152160478985004,-0.007395487847234694,0.0,0.0,0.02225829660238006
2016-09-21,2016-09-22,test,hybrid_topology_fhs_scenario,0.94,0.1,1000,3562,4562,0.014382833711950295,0.01577154344855245,-0.004967260278994123,0.0,0.0,0.020413834574267355
2016-09-22,2016-09-23,test,hybrid_topology_fhs_scenario,0.94,0.1,1000,3563,4563,0.014278685729085985,0.015735433438816844,0.003108155950395597,0.0,0.0,0.01242330084899762
2016-09-23,2016-09-26,test,hybrid_topology_fhs_scenario,0.94,0.1,1000,3564,4564,0.013774164541736411,0.01473513595610327,0.003714753123648862,0.0,0.0,0.010845467375823923
2016-09-26,2016-09-27,test,hybrid_topology_fhs_scenario,0.94,0.1,1000,3565,4565,0.013655205857869395,0.014584470517536582,-0.004403874274129249,0.0,0.0,0.018694226973194172
2016-09-27,2016-09-28,test,hybrid_topology_fhs_scenario,0.94,0.1,1000,3566,4566,0.01353212531446053,0.014438663201257185,-0.0027994576161277426,0.0,0.0,0.016970483626256184
2016-09-28,2016-09-29,test,hybrid_topology_fhs_scenario,0.94,0.1,1000,3567,4567,0.013293922661114944,0.014221776172618042,0.005178427087762505,0.0,0.0,0.008898420313467673
2016-09-29,2016-09-30,test,hybrid_topology_fhs_scenario,0.94,0.1,1000,3568,4568,0.013261265909136632,0.014153951588707454,-0.003529131847004807,0.0,0.0,0.01740891032738087
2016-09-30,2016-10-03,test,hybrid_topology_fhs_scenario,0.94,0.1,1000,3569,4569,0.013163741774726321,0.014091690598458495,0.0023731111802431483,0.0,0.0,0.011533521238704795
2016-10-03,2016-10-04,test,hybrid_topology_fhs_scenario,0.94,0.1,1000,3570,4570,0.012942002737587454,0.013780209147735933,0.004888938016928334,0.0,0.0,0.008749519999743998
2016-10-04,2016-10-05,test,hybrid_topology_fhs_scenario,0.94,0.1,1000,3571,4571,0.012899247388155932,0.01375589472275744,-0.0017540920577030494,0.0,0.0,0.015268770505407567
2016-10-05,2016-10-06,test,hybrid_topology_fhs_scenario,0.94,0.1,1000,3572,4572,0.012869994409411905,0.014266849368604997,0.00041371881727392257,0.0,0.0,0.013631365043469177
2016-10-06,2016-10-07,test,hybrid_topology_fhs_scenario,0.94,0.1,1000,3573,4573,0.012608184679650015,0.013944221388546577,0.0014786415288488895,0.0,0.0,0.012265235794713256
2016-10-07,2016-10-10,test,hybrid_topology_fhs_scenario,0.94,0.1,1000,3574,4574,0.012326532833931087,0.01363341319223908,-0.002077092075648279,0.0,0.0,0.015461778885285968
2016-10-10,2016-10-11,test,hybrid_topology_fhs_scenario,0.94,0.1,1000,3575,4575,0.012039454970941079,0.013405265359627471,0.0076868096045020085,0.0,0.0,0.005619020814911718
2016-10-11,2016-10-12,test,hybrid_topology_fhs_scenario,0.94,0.1,1000,3576,4576,0.01266687874594481,0.014107830432167588,-0.0007871299177503843,0.0,0.0,0.014657126427806973
2016-10-12,2016-10-13,test,hybrid_topology_fhs_scenario,0.94,0.1,1000,3577,4577,0.012477789160628293,0.01384225833520699,0.0011312087763450272,0.0,0.0,0.012506739123733245
2016-10-13,2016-10-14,test,hybrid_topology_fhs_scenario,0.94,0.1,1000,3578,4578,0.012326244589202279,0.013794908840779347,0.0009204776168487249,0.0,0.0,0.012666628113055894
2016-10-14,2016-10-17,test,hybrid_topology_fhs_scenario,0.94,0.1,1000,3579,4579,0.012010787227725141,0.01352395999611474,0.0012124994731890879,0.0,0.0,0.01211165688739787
2016-10-17,2016-10-18,test,hybrid_topology_fhs_scenario,0.94,0.1,1000,3580,4580,0.011817909887779334,0.013311816148534356,-0.0045544009162724825,0.0,0.0,0.017583284746227185
2016-10-18,2016-10-19,test,hybrid_topology_fhs_scenario,0.94,0.1,1000,3581,4581,0.011935520416504364,0.013490759484518004,-0.0017811257538943525,0.0,0.0,0.015027254569156033
2016-10-19,2016-10-20,test,hybrid_topology_fhs_scenario,0.94,0.1,1000,3582,4582,0.011452802279864175,0.013039376419240134,0.0014813574530320396,0.0,0.0,0.011368782940321212
2016-10-20,2016-10-21,test,hybrid_topology_fhs_scenario,0.94,0.1,1000,3583,4583,0.011154022071709346,0.01284108401605094,-0.00071444743689284,0.0,0.0,0.013335327861706207
2016-10-21,2016-10-24,test,hybrid_topology_fhs_scenario,0.94,0.1,1000,3584,4584,0.010774459854568881,0.012008144264668952,-0.0020097222103572674,0.0,0.0,0.013795261633799826
2016-10-24,2016-10-25,test,hybrid_topology_fhs_scenario,0.94,0.1,1000,3585,4585,0.010543114865104584,0.011786989180915168,0.00208254132859762,0.0,0.0,0.009546442391374678
2016-10-25,2016-10-26,test,hybrid_topology_fhs_scenario,0.94,0.1,1000,3586,4586,0.01032818958336765,0.011640090030730018,0.0020730793613201516,0.0,0.0,0.009410386504895096
2016-10-26,2016-10-27,test,hybrid_topology_fhs_scenario,0.94,0.1,1000,3587,4587,0.010090403467617333,0.011300729304577654,0.0029776235065843482,0.0,0.0,0.008186155952653804
2016-10-27,2016-10-28,test,hybrid_topology_fhs_scenario,0.94,0.1,1000,3588,4588,0.010037585307651338,0.011284882574434664,0.0017004927992427144,0.0,0.0,0.009428150955896237
2016-10-28,2016-10-31,test,hybrid_topology_fhs_scenario,0.94,0.1,1000,3589,4589,0.009888036840130158,0.011148861581564551,-0.0003556235496236404,0.0,0.0,0.011319309606806025
2016-10-31,2016-11-01,test,hybrid_topology_fhs_scenario,0.94,0.1,1000,3590,4590,0.009556613667182015,0.010980845037664637,0.004332916273269571,0.0,0.0,0.006533967519224313
2016-11-01,2016-11-02,test,hybrid_topology_fhs_scenario,0.94,0.1,1000,3591,4591,0.009720238908053786,0.011187193399533736,0.0024100355722173504,0.0,0.0,0.008630830914991842
2016-11-02,2016-11-03,test,hybrid_topology_fhs_scenario,0.94,0.1,1000,3592,4592,0.00965783847761069,0.011389740599199576,0.0030000927645570385,0.0,0.0,0.00824648409590701
2016-11-03,2016-11-04,test,hybrid_topology_fhs_scenario,0.94,0.1,1000,3593,4593,0.009628720826475212,0.01132419080236705,-0.0005735812688909993,0.0,0.0,0.01170235079043026
2016-11-04,2016-11-07,test,hybrid_topology_fhs_scenario,0.94,0.1,1000,3594,4594,0.009435266243448016,0.011074897270760697,-0.011568999951028492,0.0,0.0,0.022287842453189224
2016-11-07,2016-11-08,test,hybrid_topology_fhs_scenario,0.94,0.1,1000,3595,4595,0.01183484112938068,0.013200324968791262,-0.001284700336468125,0.0,0.0,0.014254095087286391
2016-11-08,2016-11-09,test,hybrid_topology_fhs_scenario,0.94,0.1,1000,3596,4596,0.011555359464922792,0.012922148774139094,-0.0002695732254485153,0.0,0.0,0.012980178276501633
2016-11-09,2016-11-10,test,hybrid_topology_fhs_scenario,0.94,0.1,1000,3597,4597,0.011426822332215899,0.012780066098644972,0.0009101487466879113,0.0,0.0,0.011678336154013414
2016-11-10,2016-11-11,test,hybrid_topology_fhs_scenario,0.94,0.1,1000,3598,4598,0.01109740946428977,0.012517334425769544,0.0022027320554191877,0.0,0.0,0.010145684085180304
2016-11-11,2016-11-14,test,hybrid_topology_fhs_scenario,0.94,0.1,1000,3599,4599,0.010904583671982876,0.01236582238154237,0.001843813009431594,0.0,0.0,0.010349566844433519
2016-11-14,2016-11-15,test,hybrid_topology_fhs_scenario,0.94,0.1,1000,3600,4600,0.010777269143989797,0.01236680388190109,-0.0046817484483186785,0.0,0.0,0.01677692869788736
2016-11-15,2016-11-16,test,hybrid_topology_fhs_scenario,0.94,0.1,1000,3601,4601,0.010901722101711758,0.012442293110100332,0.0007515814273238773,0.0,0.0,0.01149994529745092
2016-11-16,2016-11-17,test,hybrid_topology_fhs_scenario,0.94,0.1,1000,3602,4602,0.010748374061512883,0.01229980204491325,-0.0013207644329316537,0.0,0.0,0.013400743700843227
2016-11-17,2016-11-18,test,hybrid_topology_fhs_scenario,0.94,0.1,1000,3603,4603,0.01056261375434191,0.012204678574984333,0.0031136179590289135,0.0,0.0,0.008938274058509665
2016-11-18,2016-11-21,test,hybrid_topology_fhs_scenario,0.94,0.1,1000,3604,4604,0.010574337489274508,0.01220580914232146,-0.00487139396037608,0.0,0.0,0.01680473033962661
2016-11-21,2016-11-22,test,hybrid_topology_fhs_scenario,0.94,0.1,1000,3605,4605,0.010777269143989797,0.012518256893514502,-0.0015502908270181414,0.0,0.0,0.013840109627229405
2016-11-22,2016-11-23,test,hybrid_topology_fhs_scenario,0.94,0.1,1000,3606,4606,0.010730389839029209,0.012342244341122511,0.0011095307446787662,0.0,0.0,0.011048104347476155
2016-11-23,2016-11-25,test,hybrid_topology_fhs_scenario,0.94,0.1,1000,3607,4607,0.010762902336719837,0.01215631997144662,-0.0018879779375287954,0.0,0.0,0.013819699263993516
2016-11-25,2016-11-28,test,hybrid_topology_fhs_scenario,0.94,0.1,1000,3608,4608,0.010702133160628638,0.01203048572760649,0.00099501876835808,0.0,0.0,0.010856651429189904
2016-11-28,2016-11-29,test,hybrid_topology_fhs_scenario,0.94,0.1,1000,3609,4609,0.009805524899626173,0.011738996671525379,-0.0015857350719613804,0.0,0.0,0.013105526049615466
2016-11-29,2016-11-30,test,hybrid_topology_fhs_scenario,0.94,0.1,1000,3610,4610,0.009885719358598787,0.011586416548648396,0.0041195972195206656,0.0,0.0,0.0073378100672903184
2016-11-30,2016-12-01,test,hybrid_topology_fhs_scenario,0.94,0.1,1000,3611,4611,0.009769886107145222,0.011580649144198403,0.003731154283653049,0.0,0.0,0.007713644807266641
2016-12-01,2016-12-02,test,hybrid_topology_fhs_scenario,0.94,0.1,1000,3612,4612,0.010421116649146134,0.011771973709598772,-0.0020957840713065946,0.0,0.0,0.01364623284358726
2016-12-02,2016-12-05,test,hybrid_topology_fhs_scenario,0.94,0.1,1000,3613,4613,0.010101469169579392,0.011559397911145571,-0.00345309551895383,0.0,0.0,0.014772726741232249
2016-12-05,2016-12-06,test,hybrid_topology_fhs_scenario,0.94,0.1,1000,3614,4614,0.009885719358598787,0.011559807972714418,-0.0020526623151417398,0.0,0.0,0.013391542347397159
2016-12-06,2016-12-07,test,hybrid_topology_fhs_scenario,0.94,0.1,1000,3615,4615,0.009885719358598787,0.0114301381659532,-0.009179465877648285,0.0,0.0,0.02028501579487392
2016-12-07,2016-12-08,test,hybrid_topology_fhs_scenario,0.94,0.1,1000,3616,4616,0.011468780405876072,0.012938666982660725,4.6576756669925064e-05,0.0,0.0,0.012684010006833092
2016-12-08,2016-12-09,test,hybrid_topology_fhs_scenario,0.94,0.1,1000,3617,4617,0.011799501878070018,0.012934572382941064,-0.001569580235078449,0.0,0.0,0.01427523962370051
2016-12-09,2016-12-12,test,hybrid_topology_fhs_scenario,0.94,0.1,1000,3618,4618,0.011663458681014236,0.012741391741321653,0.0006121130399305841,0.0,0.0,0.011936560190267127
2016-12-12,2016-12-13,test,hybrid_topology_fhs_scenario,0.94,0.1,1000,3619,4619,0.011661517817814148,0.012558548324312897,-0.0042338407266929055,0.0,0.0,0.016531532910175728
2016-12-13,2016-12-14,test,hybrid_topology_fhs_scenario,0.94,0.1,1000,3620,4620,0.011475231288728106,0.012539773103425262,0.008277481780280472,0.0,0.0,0.004187711535150647
2016-12-14,2016-12-15,test,hybrid_topology_fhs_scenario,0.94,0.1,1000,3621,4621,0.011960192499340994,0.0134557325296457,-0.0013526480797088512,0.0,0.0,0.014571299499911186
2016-12-15,2016-12-16,test,hybrid_topology_fhs_scenario,0.94,0.1,1000,3622,4622,0.011683340388432332,0.013213072781874004,0.0006708797437710022,0.0,0.0,0.012338762818597039
2016-12-16,2016-12-19,test,hybrid_topology_fhs_scenario,0.94,0.1,1000,3623,4623,0.011661517817814148,0.012960340240159022,-0.0031590323034778045,0.0,0.0,0.015864593731258824
2016-12-19,2016-12-20,test,hybrid_topology_fhs_scenario,0.94,0.1,1000,3624,4624,0.011661517817814148,0.012915919008266665,-0.0014691904541238809,0.0,0.0,0.014156788808550163
2016-12-20,2016-12-21,test,hybrid_topology_fhs_scenario,0.94,0.1,1000,3625,4625,0.01161733529861318,0.012736359453670389,0.0010148177590981744,0.0,0.0,0.01153452832760306
2016-12-21,2016-12-22,test,hybrid_topology_fhs_scenario,0.94,0.1,1000,3626,4626,0.010730389839029209,0.012113052528567887,0.001209933282632014,0.0,0.0,0.010725745830351447
2016-12-22,2016-12-23,test,hybrid_topology_fhs_scenario,0.94,0.1,1000,3627,4627,0.010520708317981863,0.011911752085632553,-0.001263800767951695,0.0,0.0,0.012964009123103977
2016-12-23,2016-12-27,test,hybrid_topology_fhs_scenario,0.94,0.1,1000,3628,4628,0.010421116649146134,0.011660052843220876,-0.0009113782724243345,0.0,0.0,0.012370470286969783
2016-12-27,2016-12-28,test,hybrid_topology_fhs_scenario,0.94,0.1,1000,3629,4629,0.009798358367932601,0.011377172206462807,0.0034946519574656776,0.0,0.0,0.00774849430687687
2016-12-28,2016-12-29,test,hybrid_topology_fhs_scenario,0.94,0.1,1000,3630,4630,0.009842549995287369,0.011308346642904808,-0.001095170242029875,0.0,0.0,0.012202806165184488
2016-12-29,2016-12-30,test,hybrid_topology_fhs_scenario,0.94,0.1,1000,3631,4631,0.010301834815564416,0.01158475187397931,0.0010066161483374802,0.0,0.0,0.010406634519173055
2016-12-30,2017-01-03,test,hybrid_topology_fhs_scenario,0.94,0.1,1000,3632,4632,0.010038671870629588,0.011334079450901905,-0.004399218795213544,0.0,0.0,0.015484344696620992
2017-01-03,2017-01-04,test,hybrid_topology_fhs_scenario,0.94,0.1,1000,3633,4633,0.01032121592278508,0.011521636056507698,-0.004027377293666489,0.0,0.0,0.015303773948584348
2017-01-04,2017-01-05,test,hybrid_topology_fhs_scenario,0.94,0.1,1000,3634,4634,0.010361357273603499,0.011537264694668231,-0.0021165956281115955,0.0,0.0,0.013437293343727483
2017-01-05,2017-01-06,test,hybrid_topology_fhs_scenario,0.94,0.1,1000,3635,4635,0.010010506443635592,0.011349601050560003,-0.00032811664797720557,0.0,0.0,0.011489160986989906
2017-01-06,2017-01-09,test,hybrid_topology_fhs_scenario,0.94,0.1,1000,3636,4636,0.010009675118161273,0.011207703725520844,0.00045794394083105124,0.0,0.0,0.01057653310184585
2017-01-09,2017-01-10,test,hybrid_topology_fhs_scenario,0.94,0.1,1000,3637,4637,0.009711523600188201,0.011036880820848187,0.00018964766528046796,0.0,0.0,0.010671271086027605
2017-01-10,2017-01-11,test,hybrid_topology_fhs_scenario,0.94,0.1,1000,3638,4638,0.009416870916669403,0.010707904458696205,-0.002150949942565994,0.0,0.0,0.012653061249823
2017-01-11,2017-01-12,test,hybrid_topology_fhs_scenario,0.94,0.1,1000,3639,4639,0.00932187780824014,0.010486294683038752,0.0012787925366493978,0.0,0.0,0.009057745445445528
2017-01-12,2017-01-13,test,hybrid_topology_fhs_scenario,0.94,0.1,1000,3640,4640,0.00932187780824014,0.01036467097634936,-0.0005064157757948438,0.0,0.0,0.010697592519180947
2017-01-13,2017-01-17,test,hybrid_topology_fhs_scenario,0.94,0.1,1000,3641,4641,0.009249102365145577,0.010211640313884,0.00010257815349954411,0.0,0.0,0.009947800848491305
2017-01-17,2017-01-18,test,hybrid_topology_fhs_scenario,0.94,0.1,1000,3642,4642,0.009249102365145577,0.010057437183286036,0.0015064287891938036,0.0,0.0,0.008414659919999444
2017-01-18,2017-01-19,test,hybrid_topology_fhs_scenario,0.94,0.1,1000,3643,4643,0.009249102365145577,0.009971485017318177,0.0037438069267443194,0.0,0.0,0.006127039092693524
2017-01-19,2017-01-20,test,hybrid_topology_fhs_scenario,0.94,0.1,1000,3644,4644,0.009249102365145577,0.010096493243514592,-0.0023950604758982584,0.0,0.0,0.012295706504837968
2017-01-20,2017-01-23,test,hybrid_topology_fhs_scenario,0.94,0.1,1000,3645,4645,0.009003134055783011,0.010018340524435216,-0.0005378253965042659,0.0,0.0,0.010387671367438867
2017-01-23,2017-01-24,test,hybrid_topology_fhs_scenario,0.94,0.1,1000,3646,4646,0.008789730314655285,0.00994390122146702,-0.002328244180310257,0.0,0.0,0.0120765215116825
2017-01-24,2017-01-25,test,hybrid_topology_fhs_scenario,0.94,0.1,1000,3647,4647,0.008562098782757354,0.00961098556102279,-0.0032119039963593556,0.0,0.0,0.012620057346238757
2017-01-25,2017-01-26,test,hybrid_topology_fhs_scenario,0.94,0.1,1000,3648,4648,0.0084210538095126,0.009707543877278116,9.111955681557755e-05,0.0,0.0,0.009459313054977946
2017-01-26,2017-01-27,test,hybrid_topology_fhs_scenario,0.94,0.1,1000,3649,4649,0.008555110726091369,0.009633897577360922,0.00044454468022878655,0.0,0.0,0.009040724735162459
2017-01-27,2017-01-30,test,hybrid_topology_fhs_scenario,0.94,0.1,1000,3650,4650,0.008302697689324161,0.009428263121519669,0.0038357529452735404,0.0,0.0,0.005497366869280481
2017-01-30,2017-01-31,test,hybrid_topology_fhs_scenario,0.94,0.1,1000,3651,4651,0.008562098782757354,0.009656569996808273,-0.0013227822989100525,0.0,0.0,0.010803717299142042
2017-01-31,2017-02-01,test,hybrid_topology_fhs_scenario,0.94,0.1,1000,3652,4652,0.008562098782757354,0.009705956433799826,0.0005292823526966029,0.0,0.0,0.00902758539337625
2017-02-01,2017-02-02,test,hybrid_topology_fhs_scenario,0.94,0.1,1000,3653,4653,0.008602991960788264,0.009599608732598991,-0.0005484088667227826,0.0,0.0,0.00998583116761384
2017-02-02,2017-02-03,test,hybrid_topology_fhs_scenario,0.94,0.1,1000,3654,4654,0.00847234339583081,0.009456511072453185,-0.0044411675512249,0.0,0.0,0.01367937176755669
2017-02-03,2017-02-06,test,hybrid_topology_fhs_scenario,0.94,0.1,1000,3655,4655,0.008751481244970627,0.009723842535571405,-0.0008356329880824687,0.0,0.0,0.010391359777893058
2017-02-06,2017-02-07,test,hybrid_topology_fhs_scenario,0.94,0.1,1000,3656,4656,0.008602991960788264,0.009584562960692107,-0.0007478580057353579,0.0,0.0,0.010167618941932015
2017-02-07,2017-02-08,test,hybrid_topology_fhs_scenario,0.94,0.1,1000,3657,4657,0.008347850459929206,0.00940881987176315,-0.002416561335276768,0.0,0.0,0.01163739079481598
2017-02-08,2017-02-09,test,hybrid_topology_fhs_scenario,0.94,0.1,1000,3658,4658,0.00831292809813755,0.009331318603002422,-0.0011807811255872378,0.0,0.0,0.010344234327612166
2017-02-09,2017-02-10,test,hybrid_topology_fhs_scenario,0.94,0.1,1000,3659,4659,0.00831292809813755,0.009252952572122707,-0.0021017457499032943,0.0,0.0,0.01117497760245576
2017-02-10,2017-02-13,test,hybrid_topology_fhs_scenario,0.94,0.1,1000,3660,4660,0.00802876899701237,0.009151513925366206,-0.002657533773936782,0.0,0.0,0.011620684534529904
2017-02-13,2017-02-14,test,hybrid_topology_fhs_scenario,0.94,0.1,1000,3661,4661,0.008334368332671583,0.009232474276254342,-0.0009502049129001208,0.0,0.0,0.010020957941881318
2017-02-14,2017-02-15,test,hybrid_topology_fhs_scenario,0.94,0.1,1000,3662,4662,0.008241840851174832,0.0092861331418707,-0.002368096558370114,0.0,0.0,0.011468973331830242
2017-02-15,2017-02-16,test,hybrid_topology_fhs_scenario,0.94,0.1,1000,3663,4663,0.00802876899701237,0.009126799303552976,-0.0010973393442592627,0.0,0.0,0.010059796265029649
2017-02-16,2017-02-17,test,hybrid_topology_fhs_scenario,0.94,0.1,1000,3664,4664,0.007979969886833247,0.008983763242634453,-0.002013109701390059,0.0,0.0,0.010821881916306134
2017-02-17,2017-02-21,test,hybrid_topology_fhs_scenario,0.94,0.1,1000,3665,4665,0.00793233604309187,0.008909108714825613,-0.0033829158985931415,0.0,0.0,0.012097876517500135
2017-02-21,2017-02-22,test,hybrid_topology_fhs_scenario,0.94,0.1,1000,3666,4666,0.00783489426726114,0.008953734941760407,-0.00011417374386475394,0.0,0.0,0.00892070164859579
2017-02-22,2017-02-23,test,hybrid_topology_fhs_scenario,0.94,0.1,1000,3667,4667,0.0077415175439335075,0.008830482089353843,-0.0014697847285810805,0.0,0.0,0.010134873170211696
2017-02-23,2017-02-24,test,hybrid_topology_fhs_scenario,0.94,0.1,1000,3668,4668,0.00793233604309187,0.008970561688743552,-0.002617520355094971,0.0,0.0,0.011403878556724428
2017-02-24,2017-02-27,test,hybrid_topology_fhs_scenario,0.94,0.1,1000,3669,4669,0.008022582074990072,0.00911907485416879,0.0004950233130723182,0.0,0.0,0.008483725840188238
2017-02-27,2017-02-28,test,hybrid_topology_fhs_scenario,0.94,0.1,1000,3670,4670,0.007790411371254276,0.00881224239864908,0.0018087261767232965,0.0,0.0,0.006888245168322949
2017-02-28,2017-03-01,test,hybrid_topology_fhs_scenario,0.94,0.1,1000,3671,4671,0.007731307736544264,0.008821968141339355,-0.005611751646727113,0.0,0.0,0.01420630738719752
2017-03-01,2017-03-02,test,hybrid_topology_fhs_scenario,0.94,0.1,1000,3672,4672,0.007956703263762454,0.009341345594492219,0.004923791169367231,0.0,0.0,0.0043374446854408145
2017-03-02,2017-03-03,test,hybrid_topology_fhs_scenario,0.94,0.1,1000,3673,4673,0.008280757676312821,0.009739823350934053,-0.0007604896322022103,0.0,0.0,0.010328217631643006
2017-03-03,2017-03-06,test,hybrid_topology_fhs_scenario,0.94,0.1,1000,3674,4674,0.00802876899701237,0.00954894783437459,0.0018630908274124057,0.0,0.0,0.00755536736348413
2017-03-06,2017-03-07,test,hybrid_topology_fhs_scenario,0.94,0.1,1000,3675,4675,0.00825406821679188,0.0095281261069744,0.002366185864692705,0.0,0.0,0.007041770559745644
2017-03-07,2017-03-08,test,hybrid_topology_fhs_scenario,0.94,0.1,1000,3676,4676,0.008213630061489154,0.009507262696900323,0.002454526035862825,0.0,0.0,0.0069340092847678236
2017-03-08,2017-03-09,test,hybrid_topology_fhs_scenario,0.94,0.1,1000,3677,4677,0.008191338496894596,0.009469217357197442,0.00035411969961551826,0.0,0.0,0.008965592404115166
2017-03-09,2017-03-10,test,hybrid_topology_fhs_scenario,0.94,0.1,1000,3678,4678,0.008055607609803487,0.00943676513606863,-0.0029504739542337345,0.0,0.0,0.012187618928685176
2017-03-10,2017-03-13,test,hybrid_topology_fhs_scenario,0.94,0.1,1000,3679,4679,0.008334368332671583,0.009474445365796488,0.000697304074002103,0.0,0.0,0.008634083402086221
2017-03-13,2017-03-14,test,hybrid_topology_fhs_scenario,0.94,0.1,1000,3680,4680,0.00793233604309187,0.009008849820322778,0.0018715128442644779,0.0,0.0,0.007019511783645116
2017-03-14,2017-03-15,test,hybrid_topology_fhs_scenario,0.94,0.1,1000,3681,4681,0.007830130873252683,0.008671949807285523,-0.008697406130366358,0.0,0.0,0.01710039740924678
2017-03-15,2017-03-16,test,hybrid_topology_fhs_scenario,0.94,0.1,1000,3682,4682,0.009177093597645984,0.0102445514044927,0.00228723979680161,0.0,0.0,0.007827277355507256
2017-03-16,2017-03-17,test,hybrid_topology_fhs_scenario,0.94,0.1,1000,3683,4683,0.009087777477806043,0.010172518264245159,-1.8324284610504987e-05,0.0,0.0,0.010027132502758438
2017-03-17,2017-03-20,test,hybrid_topology_fhs_scenario,0.94,0.1,1000,3684,4684,0.008824350531075909,0.009896479159242237,-0.00029674464989433165,0.0,0.0,0.010029604165717855
2017-03-20,2017-03-21,test,hybrid_topology_fhs_scenario,0.94,0.1,1000,3685,4685,0.00867851627748858,0.009703949736410892,0.006369942255048632,0.0,0.0,0.003273743034552603
2017-03-21,2017-03-22,test,hybrid_topology_fhs_scenario,0.94,0.1,1000,3686,4686,0.009374406065565081,0.010202650214285404,-0.0021711332241151292,0.0,0.0,0.012179894245337322
2017-03-22,2017-03-23,test,hybrid_topology_fhs_scenario,0.94,0.1,1000,3687,4687,0.009217688750024017,0.01007064361964843,0.0010570236375427422,0.0,0.0,0.00886988613367786
2017-03-23,2017-03-24,test,hybrid_topology_fhs_scenario,0.94,0.1,1000,3688,4688,0.009003134055783011,0.009879223009247455,0.00020827848973710149,0.0,0.0,0.009517119462183055
2017-03-24,2017-03-27,test,hybrid_topology_fhs_scenario,0.94,0.1,1000,3689,4689,0.008764440742720661,0.009601944967154403,-0.0003700287374131195,0.0,0.0,0.009814019056754672
2017-03-27,2017-03-28,test,hybrid_topology_fhs_scenario,0.94,0.1,1000,3690,4690,0.00853139872290152,0.00942105372674447,-0.0030046963182170476,0.0,0.0,0.012230467244248665
2017-03-28,2017-03-29,test,hybrid_topology_fhs_scenario,0.94,0.1,1000,3691,4691,0.008649323817807787,0.009610324888565348,-0.0016991389919940314,0.0,0.0,0.011130211911643413
2017-03-29,2017-03-30,test,hybrid_topology_fhs_scenario,0.94,0.1,1000,3692,4692,0.008374666940718794,0.009349510118601079,-0.0007754521694090853,0.0,0.0,0.00996333942191119
2017-03-30,2017-03-31,test,hybrid_topology_fhs_scenario,0.94,0.1,1000,3693,4693,0.008379943382772783,0.009376942521633172,0.0005997109713961279,0.0,0.0,0.008635603085594884
2017-03-31,2017-04-03,test,hybrid_topology_fhs_scenario,0.94,0.1,1000,3694,4694,0.00831292809813755,0.00926795555628575,-0.0009255851929317548,0.0,0.0,0.01003108736339776
2017-04-03,2017-04-04,test,hybrid_topology_fhs_scenario,0.94,0.1,1000,3695,4695,0.007918201443541016,0.008922736166750288,0.00018381009266654763,0.0,0.0,0.008597796835740391
2017-04-04,2017-04-05,test,hybrid_topology_fhs_scenario,0.94,0.1,1000,3696,4696,0.007867393128051115,0.008798688860011582,0.0010271627639276025,0.0,0.0,0.007645640247323115
2017-04-05,2017-04-06,test,hybrid_topology_fhs_scenario,0.94,0.1,1000,3697,4697,0.007830130873252683,0.008645454805516612,-0.0014223704204942677,0.0,0.0,0.009908654608298076
2017-04-06,2017-04-07,test,hybrid_topology_fhs_scenario,0.94,0.1,1000,3698,4698,0.007830130873252683,0.00862641674973011,0.0018200251179610661,0.0,0.0,0.006696332898527733
2017-04-07,2017-04-10,test,hybrid_topology_fhs_scenario,0.94,0.1,1000,3699,4699,0.007830130873252683,0.008592316363927602,-0.001076665255895115,0.0,0.0,0.009516325040618627
2017-04-10,2017-04-11,test,hybrid_topology_fhs_scenario,0.94,0.1,1000,3700,4700,0.007867393128051115,0.008497312177324034,-0.0011388839246621709,0.0,0.0,0.009485353969963682
2017-04-11,2017-04-12,test,hybrid_topology_fhs_scenario,0.94,0.1,1000,3701,4701,0.007769031960538183,0.008553562432193903,0.0013873559874490347,0.0,0.0,0.007050868043357137
2017-04-12,2017-04-13,test,hybrid_topology_fhs_scenario,0.94,0.1,1000,3702,4702,0.007735490918729159,0.008566363171245095,0.002696465414611171,0.0,0.0,0.005773540567759256
2017-04-13,2017-04-17,test,hybrid_topology_fhs_scenario,0.94,0.1,1000,3703,4703,0.007734929553177205,0.008637718027049896,-0.004680060498113913,0.0,0.0,0.013108983962547624
2017-04-17,2017-04-18,test,hybrid_topology_fhs_scenario,0.94,0.1,1000,3704,4704,0.00831292809813755,0.00907453049768422,-0.0004946448734231448,0.0,0.0,0.009418021716545287
2017-04-18,2017-04-19,test,hybrid_topology_fhs_scenario,0.94,0.1,1000,3705,4705,0.00818668805334233,0.008951752798846436,0.0021461040490691197,0.0,0.0,0.006695913371075615
2017-04-19,2017-04-20,test,hybrid_topology_fhs_scenario,0.94,0.1,1000,3706,4706,0.00802876899701237,0.00888444111895992,-0.003987058013883127,0.0,0.0,0.012669869924630926
2017-04-20,2017-04-21,test,hybrid_topology_fhs_scenario,0.94,0.1,1000,3707,4707,0.00816355254659001,0.009114149122299393,0.0017247604379929892,0.0,0.0,0.0072690418882847135
2017-04-21,2017-04-24,test,hybrid_topology_fhs_scenario,0.94,0.1,1000,3708,4708,0.00831292809813755,0.009080804559938978,-0.005775581083329762,0.0,0.0,0.014625861094001694
2017-04-24,2017-04-25,test,hybrid_topology_fhs_scenario,0.94,0.1,1000,3709,4709,0.008642216469253694,0.00949987323774323,-0.0014288650589044049,0.0,0.0,0.010756230654513026
2017-04-25,2017-04-26,test,hybrid_topology_fhs_scenario,0.94,0.1,1000,3710,4710,0.008602991960788264,0.009344380569686474,-0.0006779749857657615,0.0,0.0,0.00986460633603147
2017-04-26,2017-04-27,test,hybrid_topology_fhs_scenario,0.94,0.1,1000,3711,4711,0.00846235918023101,0.009184120004312136,-0.000766667087234385,0.0,0.0,0.009794307676932512
2017-04-27,2017-04-28,test,hybrid_topology_fhs_scenario,0.94,0.1,1000,3712,4712,0.00793233604309187,0.008880158358719033,0.0008946583897661451,0.0,0.0,0.00785623924626232
2017-04-28,2017-05-01,test,hybrid_topology_fhs_scenario,0.94,0.1,1000,3713,4713,0.007734929553177205,0.00846726204426383,-0.0006479067658280435,0.0,0.0,0.008971117953029628
2017-05-01,2017-05-02,test,hybrid_topology_fhs_scenario,0.94,0.1,1000,3714,4714,0.007735490918729159,0.00833228586090802,-0.0010546010964582742,0.0,0.0,0.009240115703584012
2017-05-02,2017-05-03,test,hybrid_topology_fhs_scenario,0.94,0.1,1000,3715,4715,0.0076910262640902,0.008268005121500738,0.00155525870301747,0.0,0.0,0.006606285433631914
2017-05-03,2017-05-04,test,hybrid_topology_fhs_scenario,0.94,0.1,1000,3716,4716,0.0073748290240183804,0.008123628249011318,0.000199659600291291,0.0,0.0,0.007797621126739297
2017-05-04,2017-05-05,test,hybrid_topology_fhs_scenario,0.94,0.1,1000,3717,4717,0.007184672106478796,0.007873241604202826,-0.002437770786639071,0.0,0.0,0.010149461510002029
2017-05-05,2017-05-08,test,hybrid_topology_fhs_scenario,0.94,0.1,1000,3718,4718,0.00696300479134817,0.007820189326362938,0.0010815396685217582,0.0,0.0,0.006628998067623414
2017-05-08,2017-05-09,test,hybrid_topology_fhs_scenario,0.94,0.1,1000,3719,4719,0.00696300479134817,0.007754091643659218,0.001004413991964892,0.0,0.0,0.006640521618395801
2017-05-09,2017-05-10,test,hybrid_topology_fhs_scenario,0.94,0.1,1000,3720,4720,0.0070171754977769295,0.00766811282349712,-0.0009258322240459192,0.0,0.0,0.008458526498572691
2017-05-10,2017-05-11,test,hybrid_topology_fhs_scenario,0.94,0.1,1000,3721,4721,0.007476786879093611,0.00814290776028183,0.0009222296862366973,0.0,0.0,0.007105706694122573
2017-05-11,2017-05-12,test,hybrid_topology_fhs_scenario,0.94,0.1,1000,3722,4722,0.007010743209352776,0.00797125179214063,-0.001041547338483051,0.0,0.0,0.008868002057836447
2017-05-12,2017-05-15,test,hybrid_topology_fhs_scenario,0.94,0.1,1000,3723,4723,0.00726702971883618,0.008028071498253393,-0.0030503624423886323,0.0,0.0,0.010904647013738222
2017-05-15,2017-05-16,test,hybrid_topology_fhs_scenario,0.94,0.1,1000,3724,4724,0.007690051958845933,0.008649560987996472,2.1333830947467417e-05,0.0,0.0,0.008489208659401764
2017-05-16,2017-05-17,test,hybrid_topology_fhs_scenario,0.94,0.1,1000,3725,4725,0.007476786879093611,0.008165513146745126,0.007447007202303778,0.0,0.0,0.0007008410925982121
2017-05-17,2017-05-18,test,hybrid_topology_fhs_scenario,0.94,0.1,1000,3726,4726,0.008069052796630118,0.009508464782496336,-0.0023053617376643577,0.0,0.0,0.011622225002499622
2017-05-18,2017-05-19,test,hybrid_topology_fhs_scenario,0.94,0.1,1000,3727,4727,0.008495079928795552,0.0097329568968981,-0.003790263428892837,0.0,0.0,0.013307993251223046
2017-05-19,2017-05-22,test,hybrid_topology_fhs_scenario,0.94,0.1,1000,3728,4728,0.008412627529143091,0.009811336553129848,-0.002598159496153096,0.0,0.0,0.012209366518303833
2017-05-22,2017-05-23,test,hybrid_topology_fhs_scenario,0.94,0.1,1000,3729,4729,0.008726124659008827,0.009600153458461942,-0.0002801164651450082,0.0,0.0,0.009723325586758315
2017-05-23,2017-05-24,test,hybrid_topology_fhs_scenario,0.94,0.1,1000,3730,4730,0.00846312544371909,0.009326852728357257,-0.00222497869641316,0.0,0.0,0.01136991668055248
2017-05-24,2017-05-25,test,hybrid_topology_fhs_scenario,0.94,0.1,1000,3731,4731,0.008387648742438957,0.009153352442680906,-0.003092212081127421,0.0,0.0,0.012054224018948782
2017-05-25,2017-05-26,test,hybrid_topology_fhs_scenario,0.94,0.1,1000,3732,4732,0.008412627529143091,0.009185958832140427,-0.00013764946197016852,0.0,0.0,0.009176020856668963
2017-05-26,2017-05-30,test,hybrid_topology_fhs_scenario,0.94,0.1,1000,3733,4733,0.00788752455733439,0.0089284332227979,-0.00048805371899300913,0.0,0.0,0.00926483055100941
2017-05-30,2017-05-31,test,hybrid_topology_fhs_scenario,0.94,0.1,1000,3734,4734,0.0077415175439335075,0.008735963229143226,-3.7582070136954465e-05,0.0,0.0,0.00863199766293888
2017-05-31,2017-06-01,test,hybrid_topology_fhs_scenario,0.94,0.1,1000,3735,4735,0.007741417542193967,0.008573045817385199,-0.004562171164215245,0.0,0.0,0.012929872444124526
2017-06-01,2017-06-02,test,hybrid_topology_fhs_scenario,0.94,0.1,1000,3736,4736,0.00783096173798552,0.008904020612892475,-0.003752485503860026,0.0,0.0,0.012455927936252144
2017-06-02,2017-06-05,test,hybrid_topology_fhs_scenario,0.94,0.1,1000,3737,4737,0.008080044747630653,0.009121508964703498,0.0011115690049354088,0.0,0.0,0.007879376218200838
2017-06-05,2017-06-06,test,hybrid_topology_fhs_scenario,0.94,0.1,1000,3738,4738,0.00788752455733439,0.008988309716570119,0.0006517794808422515,0.0,0.0,0.008200474430599593
2017-06-06,2017-06-07,test,hybrid_topology_fhs_scenario,0.94,0.1,1000,3739,4739,0.00798890654580824,0.00896077530953942,-0.00036768234054589393,0.0,0.0,0.009178812097696724
2017-06-07,2017-06-08,test,hybrid_topology_fhs_scenario,0.94,0.1,1000,3740,4740,0.007985607161420522,0.00884290092210335,0.00033685013537891893,0.0,0.0,0.008369887087316735
2017-06-08,2017-06-09,test,hybrid_topology_fhs_scenario,0.94,0.1,1000,3741,4741,0.007867393128051115,0.00873001238221916,0.0012835081259893854,0.0,0.0,0.007326180499844647
2017-06-09,2017-06-12,test,hybrid_topology_fhs_scenario,0.94,0.1,1000,3742,4742,0.0077415175439335075,0.008587940450333084,0.00019743040965651827,0.0,0.0,0.00825618816100242
2017-06-12,2017-06-13,test,hybrid_topology_fhs_scenario,0.94,0.1,1000,3743,4743,0.007701598499356904,0.008448120262372212,-0.0030828535780722975,0.0,0.0,0.011350544015207688
2017-06-13,2017-06-14,test,hybrid_topology_fhs_scenario,0.94,0.1,1000,3744,4744,0.007830130873252683,0.00859941856132607,-0.0013273028402288611,0.0,0.0,0.009770127703650874
2017-06-14,2017-06-15,test,hybrid_topology_fhs_scenario,0.94,0.1,1000,3745,4745,0.007732091139707042,0.008513888539297493,0.0018593242481547588,0.0,0.0,0.006546927852779688
2017-06-15,2017-06-16,test,hybrid_topology_fhs_scenario,0.94,0.1,1000,3746,4746,0.0076538799541783446,0.008271800979540646,-0.0003540631299511876,0.0,0.0,0.008490296937595832
2017-06-16,2017-06-19,test,hybrid_topology_fhs_scenario,0.94,0.1,1000,3747,4747,0.007126977672638723,0.008013284183942853,-0.0038809191649477708,0.0,0.0,0.011706927233544223
2017-06-19,2017-06-20,test,hybrid_topology_fhs_scenario,0.94,0.1,1000,3748,4748,0.007624193676366486,0.008353545485462233,0.003040898047618113,0.0,0.0,0.0052256642081855015
2017-06-20,2017-06-21,test,hybrid_topology_fhs_scenario,0.94,0.1,1000,3749,4749,0.007686878183738115,0.008434448228492143,0.00018547761983973564,0.0,0.0,0.008117760349075081
2017-06-21,2017-06-22,test,hybrid_topology_fhs_scenario,0.94,0.1,1000,3750,4750,0.007546853202861081,0.008192114034900768,-0.00010014556367230479,0.0,0.0,0.00816142309627408
2017-06-22,2017-06-23,test,hybrid_topology_fhs_scenario,0.94,0.1,1000,3751,4751,0.007572979329599891,0.008161804484901664,-0.0008278765920880725,0.0,0.0,0.008848947609281873
2017-06-23,2017-06-26,test,hybrid_topology_fhs_scenario,0.94,0.1,1000,3752,4752,0.0077415175439335075,0.008294747420016015,-0.0007287450990654421,0.0,0.0,0.008882607832534412
2017-06-26,2017-06-27,test,hybrid_topology_fhs_scenario,0.94,0.1,1000,3753,4753,0.007628330560986901,0.008168966958792144,0.00679856730485826,0.0,0.0,0.0013444372951468232
2017-06-27,2017-06-28,test,hybrid_topology_fhs_scenario,0.94,0.1,1000,3754,4754,0.00831292809813755,0.00902772364855971,-0.004997512311551855,0.0,0.0,0.01380770946520567
2017-06-28,2017-06-29,test,hybrid_topology_fhs_scenario,0.94,0.1,1000,3755,4755,0.008751481244970627,0.009509295115639726,0.006764872946999345,0.0,0.0,0.002695677697404084
2017-06-29,2017-06-30,test,hybrid_topology_fhs_scenario,0.94,0.1,1000,3756,4756,0.009386224825615278,0.010441325859458419,-0.00018274555024158081,0.0,0.0,0.010454159328216068
2017-06-30,2017-07-03,test,hybrid_topology_fhs_scenario,0.94,0.1,1000,3757,4757,0.009210922403229172,0.010143315220938738,0.0004519569783253631,0.0,0.0,0.009536663940797078
2017-07-03,2017-07-05,test,hybrid_topology_fhs_scenario,0.94,0.1,1000,3758,4758,0.009003134055783011,0.009841564153988989,-0.0016889107416352188,0.0,0.0,0.011349133471207784
2017-07-05,2017-07-06,test,hybrid_topology_fhs_scenario,0.94,0.1,1000,3759,4759,0.008779561555358728,0.009743956385184608,0.0062402038665205104,0.0,0.0,0.0034415522825858775
2017-07-06,2017-07-07,test,hybrid_topology_fhs_scenario,0.94,0.1,1000,3760,4760,0.00949729457994728,0.01046614815002156,-0.00324921769313935,0.0,0.0,0.013499946819812751
2017-07-07,2017-07-10,test,hybrid_topology_fhs_scenario,0.94,0.1,1000,3761,4761,0.00949691005716697,0.010454764573912994,-0.0011738060076939227,0.0,0.0,0.011444563477715351
2017-07-10,2017-07-11,test,hybrid_topology_fhs_scenario,0.94,0.1,1000,3762,4762,0.00909590532096014,0.009966829739418499,-8.302658801437882e-05,0.0,0.0,0.009890399238336801
2017-07-11,2017-07-12,test,hybrid_topology_fhs_scenario,0.94,0.1,1000,3763,4763,0.009157262296438531,0.010025082169930028,-0.005677860844709714,0.0,0.0,0.01545872067068523
2017-07-12,2017-07-13,test,hybrid_topology_fhs_scenario,0.94,0.1,1000,3764,4764,0.009560244796281458,0.010490285377887033,-0.0005948386597242727,0.0,0.0,0.010909546771231078
2017-07-13,2017-07-14,test,hybrid_topology_fhs_scenario,0.94,0.1,1000,3765,4765,0.009311292480186284,0.010251679940851226,-0.003363085850881342,0.0,0.0,0.013401140430249932
2017-07-14,2017-07-17,test,hybrid_topology_fhs_scenario,0.94,0.1,1000,3766,4766,0.009342816213516505,0.01036332415815111,-0.0004155315619563283,0.0,0.0,0.010606967804859481
2017-07-17,2017-07-18,test,hybrid_topology_fhs_scenario,0.94,0.1,1000,3767,4767,0.009255311447744741,0.010261166892618951,-0.0017818826568150484,0.0,0.0,0.01185234525174375
2017-07-18,2017-07-19,test,hybrid_topology_fhs_scenario,0.94,0.1,1000,3768,4768,0.009142424074303764,0.01008887383821014,-0.0032484895868528873,0.0,0.0,0.013127838476048018
2017-07-19,2017-07-20,test,hybrid_topology_fhs_scenario,0.94,0.1,1000,3769,4769,0.009108634455758073,0.010016633570650113,-0.00037945241621750725,0.0,0.0,0.010231064705915685
2017-07-20,2017-07-21,test,hybrid_topology_fhs_scenario,0.94,0.1,1000,3770,4770,0.008905995672832975,0.010054812613251812,-0.0001762394032451376,0.0,0.0,0.010066098066845306
2017-07-21,2017-07-24,test,hybrid_topology_fhs_scenario,0.94,0.1,1000,3771,4771,0.008567305886042355,0.009668225829537386,0.0004069087798114657,0.0,0.0,0.00911138809454508
2017-07-24,2017-07-25,test,hybrid_topology_fhs_scenario,0.94,0.1,1000,3772,4772,0.00813653660274278,0.009342147441580066,0.0007830019749849981,0.0,0.0,0.008418702176207769
2017-07-25,2017-07-26,test,hybrid_topology_fhs_scenario,0.94,0.1,1000,3773,4773,0.008003857432330166,0.00919444445360803,-0.0013014438444908462,0.0,0.0,0.010326544103414614
2017-07-26,2017-07-27,test,hybrid_topology_fhs_scenario,0.94,0.1,1000,3774,4774,0.008493545888785243,0.009814858903712156,0.0011942597939652798,0.0,0.0,0.008478076992951403
2017-07-27,2017-07-28,test,hybrid_topology_fhs_scenario,0.94,0.1,1000,3775,4775,0.008347850459929206,0.009676068044803789,2.9014573835195348e-05,0.0,0.0,0.009489065493055318
2017-07-28,2017-07-31,test,hybrid_topology_fhs_scenario,0.94,0.1,1000,3776,4776,0.008094160440938306,0.009310242477838616,0.00022758535667808386,0.0,0.0,0.008934256443974121
2017-07-31,2017-08-01,test,hybrid_topology_fhs_scenario,0.94,0.1,1000,3777,4777,0.008423959942460878,0.009830835733768199,-0.002330819546452201,0.0,0.0,0.01196516169310402
2017-08-01,2017-08-02,test,hybrid_topology_fhs_scenario,0.94,0.1,1000,3778,4778,0.007882881801187768,0.008783581066472876,8.303627137733476e-05,0.0,0.0,0.008561029630516257
2017-08-02,2017-08-03,test,hybrid_topology_fhs_scenario,0.94,0.1,1000,3779,4779,0.007882881801187768,0.008699375478739519,-0.0002211745099546694,0.0,0.0,0.008778576802088258
2017-08-03,2017-08-04,test,hybrid_topology_fhs_scenario,0.94,0.1,1000,3780,4780,0.007734929553177205,0.008495826125982556,-1.178757313957668e-05,0.0,0.0,0.008372390527907246
2017-08-04,2017-08-07,test,hybrid_topology_fhs_scenario,0.94,0.1,1000,3781,4781,0.007734929553177205,0.008347868673779997,-0.0013396702693076357,0.0,0.0,0.00953609646773529
2017-08-07,2017-08-08,test,hybrid_topology_fhs_scenario,0.94,0.1,1000,3782,4782,0.007476786879093611,0.008241241714226267,0.001812879015420976,0.0,0.0,0.006324292709971885
2017-08-08,2017-08-09,test,hybrid_topology_fhs_scenario,0.94,0.1,1000,3783,4783,0.007719130634620284,0.008296905479973048,-0.00046212581270570484,0.0,0.0,0.008621868074835044
2017-08-09,2017-08-10,test,hybrid_topology_fhs_scenario,0.94,0.1,1000,3784,4784,0.007506500635674704,0.008209673276971766,0.006974467138685436,0.0,0.0,0.0012096463197990637
2017-08-10,2017-08-11,test,hybrid_topology_fhs_scenario,0.94,0.1,1000,3785,4785,0.00849599152485415,0.009595948062688263,-0.0013330926031563273,0.0,0.0,0.010754105490478581
2017-08-11,2017-08-14,test,hybrid_topology_fhs_scenario,0.94,0.1,1000,3786,4786,0.008364012451332592,0.009163002580480962,-0.004980828465044685,0.0,0.0,0.013923683678551279
2017-08-14,2017-08-15,test,hybrid_topology_fhs_scenario,0.94,0.1,1000,3787,4787,0.008862409153362205,0.00953781047552585,0.0012659095536837971,0.0,0.0,0.008141068394792787
2017-08-15,2017-08-16,test,hybrid_topology_fhs_scenario,0.94,0.1,1000,3788,4788,0.00873801209378941,0.009404052890409532,-0.0017944769072701483,0.0,0.0,0.011023891442748283
2017-08-16,2017-08-17,test,hybrid_topology_fhs_scenario,0.94,0.1,1000,3789,4789,0.00847671755790531,0.009151799060721952,0.007936367352362516,0.0,0.0,0.0011904494177058787
2017-08-17,2017-08-18,test,hybrid_topology_fhs_scenario,0.94,0.1,1000,3790,4790,0.00957911786725312,0.010596630911820925,0.0008632906314459011,0.0,0.0,0.00957716504572372
2017-08-18,2017-08-21,test,hybrid_topology_fhs_scenario,0.94,0.1,1000,3791,4791,0.00933155627421911,0.01053664468293071,-0.0007299101444298017,0.0,0.0,0.011085505620862988
2017-08-21,2017-08-22,test,hybrid_topology_fhs_scenario,0.94,0.1,1000,3792,4792,0.009201621969017658,0.010413203828401866,-0.0054936972881461255,0.0,0.0,0.015656181781205928
2017-08-22,2017-08-23,test,hybrid_topology_fhs_scenario,0.94,0.1,1000,3793,4793,0.009664033386976755,0.010862460146221449,0.0007735203823189482,0.0,0.0,0.009925621399851516
2017-08-23,2017-08-24,test,hybrid_topology_fhs_scenario,0.94,0.1,1000,3794,4794,0.00938648966957933,0.010532267306924062,0.002029191800473629,0.0,0.0,0.00836407159748023
2017-08-24,2017-08-25,test,hybrid_topology_fhs_scenario,0.94,0.1,1000,3795,4795,0.00926830169312653,0.010505893837749752,-0.002070701201630642,0.0,0.0,0.012375570192343456
2017-08-25,2017-08-28,test,hybrid_topology_fhs_scenario,0.94,0.1,1000,3796,4796,0.009112511096156387,0.010340661056212161,-0.00039534218519148294,0.0,0.0,0.010562681693182032
2017-08-28,2017-08-29,test,hybrid_topology_fhs_scenario,0.94,0.1,1000,3797,4797,0.008862409153362205,0.010089407571797026,-0.0016136421305564586,0.0,0.0,0.011515233972633834
2017-08-29,2017-08-30,test,hybrid_topology_fhs_scenario,0.94,0.1,1000,3798,4798,0.008651109514622796,0.009779447980306563,-0.0025097545218987437,0.0,0.0,0.01209358108001539
2017-08-30,2017-08-31,test,hybrid_topology_fhs_scenario,0.94,0.1,1000,3799,4799,0.008562098782757354,0.009705291575347188,-0.004239041720774405,0.0,0.0,0.013723736368753871
2017-08-31,2017-09-01,test,hybrid_topology_fhs_scenario,0.94,0.1,1000,3800,4800,0.008799821572134107,0.009795338949099027,0.000328401079370444,0.0,0.0,0.009314978627913006
2017-09-01,2017-09-05,test,hybrid_topology_fhs_scenario,0.94,0.1,1000,3801,4801,0.00861489159351414,0.009669943273920761,0.0015254065980223378,0.0,0.0,0.00801181810895588
2017-09-05,2017-09-06,test,hybrid_topology_fhs_scenario,0.94,0.1,1000,3802,4802,0.008426528212457481,0.009500915310715063,-0.0010899153081235903,0.0,0.0,0.010421224288573496
2017-09-06,2017-09-07,test,hybrid_topology_fhs_scenario,0.94,0.1,1000,3803,4803,0.008274058397428608,0.009357915763612272,-0.0016639829273685791,0.0,0.0,0.010845731636954301
2017-09-07,2017-09-08,test,hybrid_topology_fhs_scenario,0.94,0.1,1000,3804,4804,0.00818112925037202,0.009262760188617204,0.0009993179806031093,0.0,0.0,0.008128674265511431
2017-09-08,2017-09-11,test,hybrid_topology_fhs_scenario,0.94,0.1,1000,3805,4805,0.00818112925037202,0.009081276981290413,-0.0041167936936401086,0.0,0.0,0.01299109813749738
2017-09-11,2017-09-12,test,hybrid_topology_fhs_scenario,0.94,0.1,1000,3806,4806,0.008240010388652382,0.009257973692728965,-0.0010595759323696716,0.0,0.0,0.01015260674768139
2017-09-12,2017-09-13,test,hybrid_topology_fhs_scenario,0.94,0.1,1000,3807,4807,0.007963496813862605,0.008843808072750725,0.0005287778253079356,0.0,0.0,0.008181501681142267
2017-09-13,2017-09-14,test,hybrid_topology_fhs_scenario,0.94,0.1,1000,3808,4808,0.007792240846795584,0.008660925269138755,0.00011738492298876135,0.0,0.0,0.008406700396734312
2017-09-14,2017-09-15,test,hybrid_topology_fhs_scenario,0.94,0.1,1000,3809,4809,0.007804409164294523,0.008467947806201599,-0.0012911961406080418,0.0,0.0,0.009606121401188425
2017-09-15,2017-09-18,test,hybrid_topology_fhs_scenario,0.94,0.1,1000,3810,4810,0.007882881801187768,0.008487283899560374,0.00028409239662958736,0.0,0.0,0.008074099609403099
2017-09-18,2017-09-19,test,hybrid_topology_fhs_scenario,0.94,0.1,1000,3811,4811,0.0076515837452962015,0.008182282029465771,-0.00015332984362586004,0.0,0.0,0.00820527071215356
2017-09-19,2017-09-20,test,hybrid_topology_fhs_scenario,0.94,0.1,1000,3812,4812,0.0074194664934489,0.008041499877292971,0.0005679236867607075,0.0,0.0,0.00735525221383584
2017-09-20,2017-09-21,test,hybrid_topology_fhs_scenario,0.94,0.1,1000,3813,4813,0.007259673348226681,0.007898447170691136,0.0021311892651634467,0.0,0.0,0.005674361298720129
2017-09-21,2017-09-22,test,hybrid_topology_fhs_scenario,0.94,0.1,1000,3814,4814,0.007186104815283591,0.007875328832156822,-0.0008317346760524646,0.0,0.0,0.008569565315417416
2017-09-22,2017-09-25,test,hybrid_topology_fhs_scenario,0.94,0.1,1000,3815,4815,0.007048698867027812,0.007782429960044946,3.019699967461405e-05,0.0,0.0,0.007628612155034605
2017-09-25,2017-09-26,test,hybrid_topology_fhs_scenario,0.94,0.1,1000,3816,4816,0.007034966005633269,0.007632611091345361,-2.57976378564173e-05,0.0,0.0,0.007537556147406631
2017-09-26,2017-09-27,test,hybrid_topology_fhs_scenario,0.94,0.1,1000,3817,4817,0.006799224861786302,0.007467516545008797,-0.0002849711453258852,0.0,0.0,0.007629517458147437
2017-09-27,2017-09-28,test,hybrid_topology_fhs_scenario,0.94,0.1,1000,3818,4818,0.006758950053613488,0.007429110568980758,-0.0006448787331028161,0.0,0.0,0.007946177857398647
2017-09-28,2017-09-29,test,hybrid_topology_fhs_scenario,0.94,0.1,1000,3819,4819,0.00679856730485826,0.007367159250774843,-0.0016213248855494022,0.0,0.0,0.008847970954820214
2017-09-29,2017-10-02,test,hybrid_topology_fhs_scenario,0.94,0.1,1000,3820,4820,0.006799224861786302,0.007459957107637298,-0.002148089729459368,0.0,0.0,0.009457318812081707
2017-10-02,2017-10-03,test,hybrid_topology_fhs_scenario,0.94,0.1,1000,3821,4821,0.006956597119374014,0.0075431107185953946,-0.0018489838940869419,0.0,0.0,0.009245348057499886
2017-10-03,2017-10-04,test,hybrid_topology_fhs_scenario,0.94,0.1,1000,3822,4822,0.006799224861786302,0.007375984923890235,-0.000598965850838562,0.0,0.0,0.007849558912486825
2017-10-04,2017-10-05,test,hybrid_topology_fhs_scenario,0.94,0.1,1000,3823,4823,0.006764872946999345,0.007332854849902247,-0.003141550526348791,0.0,0.0,0.010311609476578243
2017-10-05,2017-10-06,test,hybrid_topology_fhs_scenario,0.94,0.1,1000,3824,4824,0.006911488161742652,0.007557100391096267,0.0011725674216516602,0.0,0.0,0.006282308852609402
2017-10-06,2017-10-09,test,hybrid_topology_fhs_scenario,0.94,0.1,1000,3825,4825,0.00679856730485826,0.007387561212568651,0.0005385456620637053,0.0,0.0,0.0067403903781702666
2017-10-09,2017-10-10,test,hybrid_topology_fhs_scenario,0.94,0.1,1000,3826,4826,0.006764872946999345,0.007260291144651727,-0.0017334503348763518,0.0,0.0,0.008853881175358633
2017-10-10,2017-10-11,test,hybrid_topology_fhs_scenario,0.94,0.1,1000,3827,4827,0.006758950053613488,0.007261794643476444,-0.0013945921338501589,0.0,0.0,0.008521512529768073
2017-10-11,2017-10-12,test,hybrid_topology_fhs_scenario,0.94,0.1,1000,3828,4828,0.006764872946999345,0.0072233468318956,0.000518351724434618,0.0,0.0,0.006599835442000105
2017-10-12,2017-10-13,test,hybrid_topology_fhs_scenario,0.94,0.1,1000,3829,4829,0.00658324233453748,0.007090844037115691,-0.0020825531547151942,0.0,0.0,0.00903072021692764
2017-10-13,2017-10-16,test,hybrid_topology_fhs_scenario,0.94,0.1,1000,3830,4830,0.006758950053613488,0.007172131998143077,-0.0001263920192493106,0.0,0.0,0.007184914337686206
2017-10-16,2017-10-17,test,hybrid_topology_fhs_scenario,0.94,0.1,1000,3831,4831,0.006608784923110832,0.0070492158415746495,-0.0002731138243800668,0.0,0.0,0.007208090411780757
2017-10-17,2017-10-18,test,hybrid_topology_fhs_scenario,0.94,0.1,1000,3832,4832,0.006625578604842323,0.006941031794788906,0.00042573992627508166,0.0,0.0,0.0064144079585866515
2017-10-18,2017-10-19,test,hybrid_topology_fhs_scenario,0.94,0.1,1000,3833,4833,0.006678297723377296,0.0071062212145223975,-0.0005779280491258199,0.0,0.0,0.007564607789782043
2017-10-19,2017-10-20,test,hybrid_topology_fhs_scenario,0.94,0.1,1000,3834,4834,0.0064999526024980955,0.007212179313687298,-0.001443214691287009,0.0,0.0,0.0085184408277878
2017-10-20,2017-10-23,test,hybrid_topology_fhs_scenario,0.94,0.1,1000,3835,4835,0.006461079096147347,0.007213945358496044,0.001956419638370965,0.0,0.0,0.005171134171699715
2017-10-23,2017-10-24,test,hybrid_topology_fhs_scenario,0.94,0.1,1000,3836,4836,0.006661137437073409,0.007428997086737839,0.00015140780248321692,0.0,0.0,0.007160746848494158
2017-10-24,2017-10-25,test,hybrid_topology_fhs_scenario,0.94,0.1,1000,3837,4837,0.006688107584915606,0.007421072596369958,0.0036127079449013834,0.0,0.0,0.003743909531582002
2017-10-25,2017-10-26,test,hybrid_topology_fhs_scenario,0.94,0.1,1000,3838,4838,0.006608784923110832,0.007125406321963783,-0.0002454455293520397,0.0,0.0,0.007255122859557556
2017-10-26,2017-10-27,test,hybrid_topology_fhs_scenario,0.94,0.1,1000,3839,4839,0.006596077157195212,0.0070264942587656126,-0.006194575193392593,0.0,0.0,0.013018449239360129
2017-10-27,2017-10-30,test,hybrid_topology_fhs_scenario,0.94,0.1,1000,3840,4840,0.0076868096045020085,0.008161419569916516,0.0007989871241547819,0.0,0.0,0.0072472498594211635
2017-10-30,2017-10-31,test,hybrid_topology_fhs_scenario,0.94,0.1,1000,3841,4841,0.007698467476596704,0.008054279157594916,-0.0006713454742537817,0.0,0.0,0.008591182145560984
2017-10-31,2017-11-01,test,hybrid_topology_fhs_scenario,0.94,0.1,1000,3842,4842,0.007664911937138032,0.007950656085491333,-0.0010348621410043001,0.0,0.0,0.008847878011614666
2017-11-01,2017-11-02,test,hybrid_topology_fhs_scenario,0.94,0.1,1000,3843,4843,0.007498619526918038,0.007950706174017507,-0.0007606801812027441,0.0,0.0,0.008576194693420953
2017-11-02,2017-11-03,test,hybrid_topology_fhs_scenario,0.94,0.1,1000,3844,4844,0.007426811059489791,0.007878842791938054,-0.0026437266628671183,0.0,0.0,0.010360210595658613
2017-11-03,2017-11-06,test,hybrid_topology_fhs_scenario,0.94,0.1,1000,3845,4845,0.007426811059489791,0.007756106423501439,-0.0014172755865625498,0.0,0.0,0.009032488326272911
2017-11-06,2017-11-07,test,hybrid_topology_fhs_scenario,0.94,0.1,1000,3846,4846,0.00732279961455932,0.0076888548560732715,0.000266780220243934,0.0,0.0,0.007307082963876758
2017-11-07,2017-11-08,test,hybrid_topology_fhs_scenario,0.94,0.1,1000,3847,4847,0.007114461375808942,0.007624943774964831,-0.0005324756517915753,0.0,0.0,0.008029953311363502
2017-11-08,2017-11-09,test,hybrid_topology_fhs_scenario,0.94,0.1,1000,3848,4848,0.006918555824347861,0.0074481061388992145,0.002326931810813892,0.0,0.0,0.005039061210018529
2017-11-09,2017-11-10,test,hybrid_topology_fhs_scenario,0.94,0.1,1000,3849,4849,0.0071393108759062905,0.007569221290785511,0.0022166950394833184,0.0,0.0,0.005267939253383868
2017-11-10,2017-11-13,test,hybrid_topology_fhs_scenario,0.94,0.1,1000,3850,4850,0.006911488161742652,0.007474491364771831,-0.0003690768779398112,0.0,0.0,0.007720284687040674
2017-11-13,2017-11-14,test,hybrid_topology_fhs_scenario,0.94,0.1,1000,3851,4851,0.00728820978301603,0.007854675062116805,0.0008263907687195315,0.0,0.0,0.006917195376205307
2017-11-14,2017-11-15,test,hybrid_topology_fhs_scenario,0.94,0.1,1000,3852,4852,0.007184672106478796,0.007666025633408772,0.0015681683537769105,0.0,0.0,0.006001575885168084
2017-11-15,2017-11-16,test,hybrid_topology_fhs_scenario,0.94,0.1,1000,3853,4853,0.007066323266568464,0.007663216711846555,-0.004084676293908229,0.0,0.0,0.011565705676215681
2017-11-16,2017-11-17,test,hybrid_topology_fhs_scenario,0.94,0.1,1000,3854,4854,0.007377360421387607,0.00791883744630188,0.001235147295826966,0.0,0.0,0.006578020027968648
2017-11-17,2017-11-20,test,hybrid_topology_fhs_scenario,0.94,0.1,1000,3855,4855,0.007235252871765937,0.007834144477633996,-0.0003833648961889313,0.0,0.0,0.008088257817156903
2017-11-20,2017-11-21,test,hybrid_topology_fhs_scenario,0.94,0.1,1000,3856,4856,0.007151719480452959,0.007813336928674147,-0.004000769202931308,0.0,0.0,0.011630278365149162
2017-11-21,2017-11-22,test,hybrid_topology_fhs_scenario,0.94,0.1,1000,3857,4857,0.0076588621324207,0.008100064382160831,-0.0007523617985502274,0.0,0.0,0.008715227765502992
2017-11-22,2017-11-24,test,hybrid_topology_fhs_scenario,0.94,0.1,1000,3858,4858,0.007476786879093611,0.008098357977422924,-0.0010472688128454256,0.0,0.0,0.009002226677431032
2017-11-24,2017-11-27,test,hybrid_topology_fhs_scenario,0.94,0.1,1000,3859,4859,0.007297825822406682,0.007868157432049095,3.605727568427585e-05,0.0,0.0,0.0077089153379229225
2017-11-27,2017-11-28,test,hybrid_topology_fhs_scenario,0.94,0.1,1000,3860,4860,0.007184672106478796,0.00784027193745184,-0.0061621999064892736,0.0,0.0,0.013785878767972267
2017-11-28,2017-11-29,test,hybrid_topology_fhs_scenario,0.94,0.1,1000,3861,4861,0.007936367352362516,0.008915088023918851,0.001643936849856642,0.0,0.0,0.007152296699735713
2017-11-29,2017-11-30,test,hybrid_topology_fhs_scenario,0.94,0.1,1000,3862,4862,0.008100238732232439,0.00921097037247479,-0.00400817632154844,0.0,0.0,0.013009752177210456
2017-11-30,2017-12-01,test,hybrid_topology_fhs_scenario,0.94,0.1,1000,3863,4863,0.008334368332671583,0.009389115469961809,-0.00023281021694430146,0.0,0.0,0.009467049330229616
2017-12-01,2017-12-04,test,hybrid_topology_fhs_scenario,0.94,0.1,1000,3864,4864,0.008423959942460878,0.009565494200859323,0.0009144751965289632,0.0,0.0,0.008509838376681421
2017-12-04,2017-12-05,test,hybrid_topology_fhs_scenario,0.94,0.1,1000,3865,4865,0.008347850459929206,0.009497210813107615,0.0018559925069560278,0.0,0.0,0.007515106428027529
2017-12-05,2017-12-06,test,hybrid_topology_fhs_scenario,0.94,0.1,1000,3866,4866,0.008463746947778945,0.009537006894279868,-0.0009443917897565601,0.0,0.0,0.010313445104310872
2017-12-06,2017-12-07,test,hybrid_topology_fhs_scenario,0.94,0.1,1000,3867,4867,0.00798890654580824,0.009096646797066864,-0.0011760701136565022,0.0,0.0,0.01010754875454993
2017-12-07,2017-12-08,test,hybrid_topology_fhs_scenario,0.94,0.1,1000,3868,4868,0.008051696811463883,0.009121228466117716,-0.0029700911776977977,0.0,0.0,0.011899254532611743
2017-12-08,2017-12-11,test,hybrid_topology_fhs_scenario,0.94,0.1,1000,3869,4869,0.008246290680495661,0.00928327950652816,-0.0015431942049701775,0.0,0.0,0.010653706717565537
2017-12-11,2017-12-12,test,hybrid_topology_fhs_scenario,0.94,0.1,1000,3870,4870,0.00811031489272617,0.009207453614171471,-0.0007189345520480561,0.0,0.0,0.00976652095651178
2017-12-12,2017-12-13,test,hybrid_topology_fhs_scenario,0.94,0.1,1000,3871,4871,0.007930389260796165,0.00905944301537895,-0.0015590651033389857,0.0,0.0,0.010447939959391339
2017-12-13,2017-12-14,test,hybrid_topology_fhs_scenario,0.94,0.1,1000,3872,4872,0.007936367352362516,0.009100686099083669,0.0026025661561072774,0.0,0.0,0.006389004956364534
2017-12-14,2017-12-15,test,hybrid_topology_fhs_scenario,0.94,0.1,1000,3873,4873,0.00793233604309187,0.009012530222591209,-0.004921230078660654,0.0,0.0,0.013713951954938092
2017-12-15,2017-12-18,test,hybrid_topology_fhs_scenario,0.94,0.1,1000,3874,4874,0.00831292809813755,0.009481255430894935,-0.0029001115046644707,0.0,0.0,0.01218396315819844
2017-12-18,2017-12-19,test,hybrid_topology_fhs_scenario,0.94,0.1,1000,3875,4875,0.008366866902306567,0.009557409831941366,0.00411785542719314,0.0,0.0,0.005346055659380654
2017-12-19,2017-12-20,test,hybrid_topology_fhs_scenario,0.94,0.1,1000,3876,4876,0.008695682912760832,0.009894546000547991,0.0014908089022926954,0.0,0.0,0.008265692410903594
2017-12-20,2017-12-21,test,hybrid_topology_fhs_scenario,0.94,0.1,1000,3877,4877,0.008562098782757354,0.009790574479655643,-0.0015179944846169578,0.0,0.0,0.01112665567283953
2017-12-21,2017-12-22,test,hybrid_topology_fhs_scenario,0.94,0.1,1000,3878,4878,0.008456073974676194,0.009683945285192891,4.386322465887971e-06,0.0,0.0,0.009522086865180931
2017-12-22,2017-12-26,test,hybrid_topology_fhs_scenario,0.94,0.1,1000,3879,4879,0.008423959942460878,0.009448026873198097,0.0005655084150680611,0.0,0.0,0.008739040011950715
2017-12-26,2017-12-27,test,hybrid_topology_fhs_scenario,0.94,0.1,1000,3880,4880,0.008452398181649218,0.00927737430186324,-0.0020047581572130825,0.0,0.0,0.011104650710988038
2017-12-27,2017-12-28,test,hybrid_topology_fhs_scenario,0.94,0.1,1000,3881,4881,0.008334368332671583,0.009048450949248757,-0.0007416633475350486,0.0,0.0,0.009636121756166276
2017-12-28,2017-12-29,test,hybrid_topology_fhs_scenario,0.94,0.1,1000,3882,4882,0.008154126784033188,0.00893133137982423,0.001617127770736082,0.0,0.0,0.007196718508993915
2017-12-29,2018-01-02,test,hybrid_topology_fhs_scenario,0.94,0.1,1000,3883,4883,0.00804546757311077,0.009108830382987576,-0.0029683358334521067,0.0,0.0,0.011885375095094318
2018-01-02,2018-01-03,test,hybrid_topology_fhs_scenario,0.94,0.1,1000,3884,4884,0.008228767938222463,0.00918817808554168,-0.0042135229027316255,0.0,0.0,0.013191081371976015
2018-01-03,2018-01-04,test,hybrid_topology_fhs_scenario,0.94,0.1,1000,3885,4885,0.008178728040256019,0.009037028434931779,-0.0023385791561358893,0.0,0.0,0.011196390473254896
2018-01-04,2018-01-05,test,hybrid_topology_fhs_scenario,0.94,0.1,1000,3886,4886,0.00815828061853051,0.00898512581393624,-0.003504730938500744,0.0,0.0,0.01229424044919637
2018-01-05,2018-01-08,test,hybrid_topology_fhs_scenario,0.94,0.1,1000,3887,4887,0.00807266628768699,0.009012511665314124,-0.0009067866596546458,0.0,0.0,0.009761110396317968
2018-01-08,2018-01-09,test,hybrid_topology_fhs_scenario,0.94,0.1,1000,3888,4888,0.007936367352362516,0.008886150738681762,0.000544585368043693,0.0,0.0,0.008206944056215306
2018-01-09,2018-01-10,test,hybrid_topology_fhs_scenario,0.94,0.1,1000,3889,4889,0.00831292809813755,0.009336945796036408,0.0010329048503159742,0.0,0.0,0.008169240154555639
2018-01-10,2018-01-11,test,hybrid_topology_fhs_scenario,0.94,0.1,1000,3890,4890,0.00798890654580824,0.009160506722694037,-0.004645696716896541,0.0,0.0,0.013587394386227861
2018-01-11,2018-01-12,test,hybrid_topology_fhs_scenario,0.94,0.1,1000,3891,4891,0.008347850459929206,0.009508050415752894,-0.0036434071465714975,0.0,0.0,0.01294258369933129
2018-01-12,2018-01-16,test,hybrid_topology_fhs_scenario,0.94,0.1,1000,3892,4892,0.008334368332671583,0.00919843634577277,0.001859465966473883,0.0,0.0,0.0072202451434783925
2018-01-16,2018-01-17,test,hybrid_topology_fhs_scenario,0.94,0.1,1000,3893,4893,0.008139284874235585,0.00897767194180569,-0.004839413401128478,0.0,0.0,0.013601445192114455
2018-01-17,2018-01-18,test,hybrid_topology_fhs_scenario,0.94,0.1,1000,3894,4894,0.008347850459929206,0.009464057284165496,0.0022729119960578138,0.0,0.0,0.0070721160405437045
2018-01-18,2018-01-19,test,hybrid_topology_fhs_scenario,0.94,0.1,1000,3895,4895,0.008698650239068868,0.009606459181820104,-0.0016917478599236533,0.0,0.0,0.011119655846690089
2018-01-19,2018-01-22,test,hybrid_topology_fhs_scenario,0.94,0.1,1000,3896,4896,0.008591380592496756,0.009500025646443372,-0.004724674597372669,0.0,0.0,0.014002243289619333
2018-01-22,2018-01-23,test,hybrid_topology_fhs_scenario,0.94,0.1,1000,3897,4897,0.009063448432927017,0.010010218512251774,-0.00243026720350632,0.0,0.0,0.012244410729228473
2018-01-23,2018-01-24,test,hybrid_topology_fhs_scenario,0.94,0.1,1000,3898,4898,0.009003134055783011,0.010004769953963173,0.0010020992790572558,0.0,0.0,0.008857614255800526
2018-01-24,2018-01-25,test,hybrid_topology_fhs_scenario,0.94,0.1,1000,3899,4899,0.008807666929660733,0.009759613504204014,-0.0011403604228529486,0.0,0.0,0.010726954852405676
2018-01-25,2018-01-26,test,hybrid_topology_fhs_scenario,0.94,0.1,1000,3900,4900,0.008648744417608085,0.009585820499184132,-0.0057553125470317205,0.0,0.0,0.015101645289706853
2018-01-26,2018-01-29,test,hybrid_topology_fhs_scenario,0.94,0.1,1000,3901,4901,0.009255311447744741,0.0101200664894446,0.00498029146269896,0.0,0.0,0.005054030850927456
2018-01-29,2018-01-30,test,hybrid_topology_fhs_scenario,0.94,0.1,1000,3902,4902,0.009278984776355541,0.010375324241023656,0.007081507432333511,0.0,0.0,0.003233446161913112
2018-01-30,2018-01-31,test,hybrid_topology_fhs_scenario,0.94,0.1,1000,3903,4903,0.01007631974920095,0.011142958749764433,-0.00041391980787093275,0.0,0.0,0.011372858989265199
2018-01-31,2018-02-01,test,hybrid_topology_fhs_scenario,0.94,0.1,1000,3904,4904,0.009820717808033145,0.010918288856390606,0.0027444226291460927,0.0,0.0,0.00804028252335227
2018-02-01,2018-02-02,test,hybrid_topology_fhs_scenario,0.94,0.1,1000,3905,4905,0.009674049889056057,0.010801670480486716,0.01454322189427988,1.0,1.0,0.008562031698964748
2018-02-02,2018-02-05,test,hybrid_topology_fhs_scenario,0.94,0.1,1000,3906,4906,0.013577674240960335,0.014774501885850945,0.021806592476879525,1.0,1.0,0.015178719644588579
2018-02-05,2018-02-06,test,hybrid_topology_fhs_scenario,0.94,0.1,1000,3907,4907,0.019528126129096313,0.021003404507185595,-0.010074888255511016,0.0,0.0,0.030597365587475268
2018-02-06,2018-02-07,test,hybrid_topology_fhs_scenario,0.94,0.1,1000,3908,4908,0.020115315100952408,0.02158197320284958,0.004424581723614396,0.0,0.0,0.01688536402602769
2018-02-07,2018-02-08,test,hybrid_topology_fhs_scenario,0.94,0.1,1000,3909,4909,0.01981944809295719,0.021216131971713365,0.02215316727007057,1.0,1.0,0.0032474172836994535
2018-02-08,2018-02-09,test,hybrid_topology_fhs_scenario,0.94,0.1,1000,3910,4910,0.024270811078919076,0.025869946318544713,-0.00830978460708236,0.0,0.0,0.03365104360934641
2018-02-09,2018-02-12,test,hybrid_topology_fhs_scenario,0.94,0.1,1000,3911,4911,0.024189457136007866,0.025793624417278053,-0.008693160905491482,0.0,0.0,0.03395344187011529
2018-02-12,2018-02-13,test,hybrid_topology_fhs_scenario,0.94,0.1,1000,3912,4912,0.02417412405623869,0.025779284169212335,-0.002157680668781259,0.0,0.0,0.02750185876429395
2018-02-13,2018-02-14,test,hybrid_topology_fhs_scenario,0.94,0.1,1000,3913,4913,0.023668654811322777,0.02514034742784241,-0.00567492656459323,0.0,0.0,0.030338327956383908
2018-02-14,2018-02-15,test,hybrid_topology_fhs_scenario,0.94,0.1,1000,3914,4914,0.023269527129552613,0.024677582229607687,-0.007774145432798151,0.0,0.0,0.0319508711964692
2018-02-15,2018-02-16,test,hybrid_topology_fhs_scenario,0.94,0.1,1000,3915,4915,0.023171178436988724,0.024587009838724992,-0.0011190061640024673,0.0,0.0,0.025306267448669182
2018-02-16,2018-02-20,test,hybrid_topology_fhs_scenario,0.94,0.1,1000,3916,4916,0.022478162288753746,0.02394850880915935,0.0041878860436734165,0.0,0.0,0.01944950995879959
2018-02-20,2018-02-21,test,hybrid_topology_fhs_scenario,0.94,0.1,1000,3917,4917,0.022049633949115514,0.023519976655707903,0.00416221945298767,0.0,0.0,0.019052687417613505
2018-02-21,2018-02-22,test,hybrid_topology_fhs_scenario,0.94,0.1,1000,3918,4918,0.021679835174818796,0.023039148222078126,-0.001328924754126648,0.0,0.0,0.02398895875108911
2018-02-22,2018-02-23,test,hybrid_topology_fhs_scenario,0.94,0.1,1000,3919,4919,0.021182924242919093,0.02248515051727304,-0.011096937439439536,0.0,0.0,0.033065334374618345
2018-02-23,2018-02-26,test,hybrid_topology_fhs_scenario,0.94,0.1,1000,3920,4920,0.021770449392254965,0.023229225535789363,-0.0074373541149571395,0.0,0.0,0.03019199319454996
2018-02-26,2018-02-27,test,hybrid_topology_fhs_scenario,0.94,0.1,1000,3921,4921,0.021714248287490804,0.023178140587279097,0.008743760605762763,0.0,0.0,0.014203225358795705
2018-02-27,2018-02-28,test,hybrid_topology_fhs_scenario,0.94,0.1,1000,3922,4922,0.02188938130184035,0.023320592538477045,0.005136369225996273,0.0,0.0,0.017897147850427193
2018-02-28,2018-03-01,test,hybrid_topology_fhs_scenario,0.94,0.1,1000,3923,4923,0.02152472970851127,0.022940860267563104,0.007003105945032572,0.0,0.0,0.015684526702102058
2018-03-01,2018-03-02,test,hybrid_topology_fhs_scenario,0.94,0.1,1000,3924,4924,0.021402634316323395,0.02287130561042637,-0.0016092748498393481,0.0,0.0,0.024098685040420703
2018-03-02,2018-03-05,test,hybrid_topology_fhs_scenario,0.94,0.1,1000,3925,4925,0.020921967701415092,0.02231394036845702,-0.0064253168298409324,0.0,0.0,0.028294248613653063
2018-03-05,2018-03-06,test,hybrid_topology_fhs_scenario,0.94,0.1,1000,3926,4926,0.020784465243875783,0.022172457873910627,-0.0014820310047737538,0.0,0.0,0.023285791619203765
2018-03-06,2018-03-07,test,hybrid_topology_fhs_scenario,0.94,0.1,1000,3927,4927,0.020177282934870918,0.02163754735631252,0.0002199433750635027,0.0,0.0,0.021081737277315868
2018-03-07,2018-03-08,test,hybrid_topology_fhs_scenario,0.94,0.1,1000,3928,4928,0.019642708488174204,0.021080610174044737,-0.003727442708351081,0.0,0.0,0.024421553072301174
2018-03-08,2018-03-09,test,hybrid_topology_fhs_scenario,0.94,0.1,1000,3929,4929,0.019141242162435453,0.02050252224260516,-0.009579883956850567,0.0,0.0,0.029617557305662196
2018-03-09,2018-03-12,test,hybrid_topology_fhs_scenario,0.94,0.1,1000,3930,4930,0.019703032108920458,0.02111444173306505,-0.0001890313635515285,0.0,0.0,0.020969806903925883
2018-03-12,2018-03-13,test,hybrid_topology_fhs_scenario,0.94,0.1,1000,3931,4931,0.019180892012552304,0.020578576867576793,0.003212056940706431,0.0,0.0,0.017092045279417063
2018-03-13,2018-03-14,test,hybrid_topology_fhs_scenario,0.94,0.1,1000,3932,4932,0.018763484998458965,0.020181422179276886,0.00229737349973893,0.0,0.0,0.017601608577536707
2018-03-14,2018-03-15,test,hybrid_topology_fhs_scenario,0.94,0.1,1000,3933,4933,0.01822879423186987,0.019628545656333006,0.0008094447025526641,0.0,0.0,0.018522816925229002
2018-03-15,2018-03-16,test,hybrid_topology_fhs_scenario,0.94,0.1,1000,3934,4934,0.017682389261777856,0.01907509616279901,-0.0001819604985178635,0.0,0.0,0.01895427374238691
2018-03-16,2018-03-19,test,hybrid_topology_fhs_scenario,0.94,0.1,1000,3935,4935,0.017144177121944895,0.018616562030588292,0.008508714682365803,0.0,0.0,0.009941505788912716
2018-03-19,2018-03-20,test,hybrid_topology_fhs_scenario,0.94,0.1,1000,3936,4936,0.017638763473654045,0.018979847313070074,-0.00023792305507139842,0.0,0.0,0.018916092974225193
2018-03-20,2018-03-21,test,hybrid_topology_fhs_scenario,0.94,0.1,1000,3937,4937,0.017102212083146176,0.01849765250618373,0.0008774009798008241,0.0,0.0,0.017341993349256787
2018-03-21,2018-03-22,test,hybrid_topology_fhs_scenario,0.94,0.1,1000,3938,4938,0.0166816236012447,0.018083698283853922,0.013353120425783894,0.0,0.0,0.004645598443372885
2018-03-22,2018-03-23,test,hybrid_topology_fhs_scenario,0.94,0.1,1000,3939,4939,0.018563150831073096,0.019864294410559667,0.012243087974907717,0.0,0.0,0.007493876903322305
2018-03-23,2018-03-26,test,hybrid_topology_fhs_scenario,0.94,0.1,1000,3940,4940,0.019666092790393015,0.0210167032522888,-0.015324863196664172,0.0,0.0,0.035782936847599714
2018-03-26,2018-03-27,test,hybrid_topology_fhs_scenario,0.94,0.1,1000,3941,4941,0.021654686943007893,0.02300286947295335,0.007941859139537887,0.0,0.0,0.014821613353114774
2018-03-27,2018-03-28,test,hybrid_topology_fhs_scenario,0.94,0.1,1000,3942,4942,0.021612235154287864,0.022926367330369988,0.001850281175865831,0.0,0.0,0.02074680354042577
2018-03-28,2018-03-29,test,hybrid_topology_fhs_scenario,0.94,0.1,1000,3943,4943,0.02105949318560551,0.02232444287707159,-0.008482331941347399,0.0,0.0,0.03033202369922804
2018-03-29,2018-04-02,test,hybrid_topology_fhs_scenario,0.94,0.1,1000,3944,4944,0.021152914004916916,0.0224971630749918,0.012543426935747282,0.0,0.0,0.009790987606455102
2018-04-02,2018-04-03,test,hybrid_topology_fhs_scenario,0.94,0.1,1000,3945,4945,0.022129420334540552,0.02358720681295022,-0.006410325681159312,0.0,0.0,0.02953299164191379
2018-04-03,2018-04-04,test,hybrid_topology_fhs_scenario,0.94,0.1,1000,3946,4946,0.021969810722379836,0.023326464750959973,-0.006185966736628855,0.0,0.0,0.029056178474989196
2018-04-04,2018-04-05,test,hybrid_topology_fhs_scenario,0.94,0.1,1000,3947,4947,0.02171152825083957,0.023086478603954595,-0.003722858495608782,0.0,0.0,0.026393447539538775
2018-04-05,2018-04-06,test,hybrid_topology_fhs_scenario,0.94,0.1,1000,3948,4948,0.02127027673035338,0.022639785569449986,0.011614864626090758,0.0,0.0,0.010845852040817873
2018-04-06,2018-04-09,test,hybrid_topology_fhs_scenario,0.94,0.1,1000,3949,4949,0.022019601514984173,0.023420452181115874,-0.003034849213316404,0.0,0.0,0.026044463366854478
2018-04-09,2018-04-10,test,hybrid_topology_fhs_scenario,0.94,0.1,1000,3950,4950,0.02144821818409004,0.02273440447257761,-0.008840716119399739,0.0,0.0,0.031088631920212814
2018-04-10,2018-04-11,test,hybrid_topology_fhs_scenario,0.94,0.1,1000,3951,4951,0.02152472970851127,0.022957467606319754,0.0027560593404320154,0.0,0.0,0.01988405976292134
2018-04-11,2018-04-12,test,hybrid_topology_fhs_scenario,0.94,0.1,1000,3952,4952,0.02106962996369445,0.02239775706806304,-0.003497252210657109,0.0,0.0,0.025493302868495656
2018-04-12,2018-04-13,test,hybrid_topology_fhs_scenario,0.94,0.1,1000,3953,4953,0.020565600573815176,0.02189633364896242,0.001408439940568318,0.0,0.0,0.020167267972016716
2018-04-13,2018-04-16,test,hybrid_topology_fhs_scenario,0.94,0.1,1000,3954,4954,0.020026672143079967,0.021320464927149455,-0.004737892374751462,0.0,0.0,0.02565454401453171
2018-04-16,2018-04-17,test,hybrid_topology_fhs_scenario,0.94,0.1,1000,3955,4955,0.019683524836123893,0.020959872186387084,-0.006653171253030577,0.0,0.0,0.02718608431432376
2018-04-17,2018-04-18,test,hybrid_topology_fhs_scenario,0.94,0.1,1000,3956,4956,0.01961572590361463,0.02093320689629418,0.0011153625124932455,0.0,0.0,0.019507401908117127
2018-04-18,2018-04-19,test,hybrid_topology_fhs_scenario,0.94,0.1,1000,3957,4957,0.01902512447768403,0.020220194437358348,0.004424386628240851,0.0,0.0,0.015546919992383992
2018-04-19,2018-04-20,test,hybrid_topology_fhs_scenario,0.94,0.1,1000,3958,4958,0.01863818436185989,0.01980183712735676,0.006422514041220429,0.0,0.0,0.013166996712189316
2018-04-20,2018-04-23,test,hybrid_topology_fhs_scenario,0.94,0.1,1000,3959,4959,0.018590188001789108,0.019778624426936075,0.00048338673307535274,0.0,0.0,0.018993924764201343
2018-04-23,2018-04-24,test,hybrid_topology_fhs_scenario,0.94,0.1,1000,3960,4960,0.018026850311978627,0.019231627946319666,0.008553588434687653,0.0,0.0,0.010505821142614122
2018-04-24,2018-04-25,test,hybrid_topology_fhs_scenario,0.94,0.1,1000,3961,4961,0.01841927184773755,0.01953732089354898,-0.0006143067453861838,0.0,0.0,0.019838172733893024
2018-04-25,2018-04-26,test,hybrid_topology_fhs_scenario,0.94,0.1,1000,3962,4962,0.017863027171756588,0.019017763388585938,-0.007246802755111225,0.0,0.0,0.02585905028937341
2018-04-26,2018-04-27,test,hybrid_topology_fhs_scenario,0.94,0.1,1000,3963,4963,0.017864280063996783,0.018966148188727425,-0.0012334919968419733,0.0,0.0,0.01988562690153855
2018-04-27,2018-04-30,test,hybrid_topology_fhs_scenario,0.94,0.1,1000,3964,4964,0.01734002483444821,0.018492127963994177,0.004181012469136779,0.0,0.0,0.014084927731139077
2018-04-30,2018-05-01,test,hybrid_topology_fhs_scenario,0.94,0.1,1000,3965,4965,0.01704656461291523,0.01822933623148641,-0.0004394679806466238,0.0,0.0,0.018376944432765326
2018-05-01,2018-05-02,test,hybrid_topology_fhs_scenario,0.94,0.1,1000,3966,4966,0.016634472115904096,0.017735820419450595,0.003951410811388434,0.0,0.0,0.013566629980905763
2018-05-02,2018-05-03,test,hybrid_topology_fhs_scenario,0.94,0.1,1000,3967,4967,0.016246358159687578,0.017359730332819623,0.00029659221325559746,0.0,0.0,0.016796057326039244
2018-05-03,2018-05-04,test,hybrid_topology_fhs_scenario,0.94,0.1,1000,3968,4968,0.015928763359082398,0.016885885984210123,-0.007807561807459784,0.0,0.0,0.02431347484854358
2018-05-04,2018-05-07,test,hybrid_topology_fhs_scenario,0.94,0.1,1000,3969,4969,0.016261870616104734,0.017345183238419853,-0.001833025236536079,0.0,0.0,0.01887970222160844
2018-05-07,2018-05-08,test,hybrid_topology_fhs_scenario,0.94,0.1,1000,3970,4970,0.01588702446354645,0.016915450250752997,0.0006692959833820566,0.0,0.0,0.01599217769548831
2018-05-08,2018-05-09,test,hybrid_topology_fhs_scenario,0.94,0.1,1000,3971,4971,0.015491506227763253,0.016454142758897866,-0.0048925447603532565,0.0,0.0,0.021016860841151012
2018-05-09,2018-05-10,test,hybrid_topology_fhs_scenario,0.94,0.1,1000,3972,4972,0.015389477868127823,0.016361627434721953,-0.0064403349781773315,0.0,0.0,0.022450211481039855
2018-05-10,2018-05-11,test,hybrid_topology_fhs_scenario,0.94,0.1,1000,3973,4973,0.015306964922294908,0.016110534713641347,-0.001870486566553753,0.0,0.0,0.017703270263078708
2018-05-11,2018-05-14,test,hybrid_topology_fhs_scenario,0.94,0.1,1000,3974,4974,0.014894161311065374,0.015880125479656185,0.000582132297955651,0.0,0.0,0.015058663642289118
2018-05-14,2018-05-15,test,hybrid_topology_fhs_scenario,0.94,0.1,1000,3975,4975,0.014440767058977958,0.015183228738496047,0.006345735845851897,0.0,0.0,0.008697505882459306
2018-05-15,2018-05-16,test,hybrid_topology_fhs_scenario,0.94,0.1,1000,3976,4976,0.014644841436391689,0.01551287358296542,-0.0016881889253733016,0.0,0.0,0.016934366249247903
2018-05-16,2018-05-17,test,hybrid_topology_fhs_scenario,0.94,0.1,1000,3977,4977,0.014244266853477914,0.015124758577342006,0.0007459314970948317,0.0,0.0,0.014154339756804826
2018-05-17,2018-05-18,test,hybrid_topology_fhs_scenario,0.94,0.1,1000,3978,4978,0.013973944809390022,0.014862169146558416,-5.4382359856264316e-05,0.0,0.0,0.014683920990446778
2018-05-18,2018-05-21,test,hybrid_topology_fhs_scenario,0.94,0.1,1000,3979,4979,0.013620127660832794,0.014432334758564508,-0.004789265880619142,0.0,0.0,0.018925154558618578
2018-05-21,2018-05-22,test,hybrid_topology_fhs_scenario,0.94,0.1,1000,3980,4980,0.013535436987289928,0.014328489901328489,0.0018269962013036435,0.0,0.0,0.012306040765384087
2018-05-22,2018-05-23,test,hybrid_topology_fhs_scenario,0.94,0.1,1000,3981,4981,0.013251987873124963,0.014070756198169056,-0.0034764167426845293,0.0,0.0,0.01727577766349034
2018-05-23,2018-05-24,test,hybrid_topology_fhs_scenario,0.94,0.1,1000,3982,4982,0.013156742347146394,0.014117277616433376,0.0002017954662157039,0.0,0.0,0.013697144565271536
2018-05-24,2018-05-25,test,hybrid_topology_fhs_scenario,0.94,0.1,1000,3983,4983,0.012756695314107785,0.013784828970772618,-0.00014683049855668262,0.0,0.0,0.013712403240722712
2018-05-25,2018-05-29,test,hybrid_topology_fhs_scenario,0.94,0.1,1000,3984,4984,0.012431177148270968,0.013553274302137331,0.0025828311279566963,0.0,0.0,0.010794665555029262
2018-05-29,2018-05-30,test,hybrid_topology_fhs_scenario,0.94,0.1,1000,3985,4985,0.012135592750691385,0.013171749982248656,-0.006298178070640103,0.0,0.0,0.019167517559779856
2018-05-30,2018-05-31,test,hybrid_topology_fhs_scenario,0.94,0.1,1000,3986,4986,0.012447114316243225,0.01351161506791805,0.003870526944914498,0.0,0.0,0.00948582679364175
2018-05-31,2018-06-01,test,hybrid_topology_fhs_scenario,0.94,0.1,1000,3987,4987,0.012375023797727414,0.013431563695130147,-0.004412768110752641,0.0,0.0,0.01756610142982052
2018-06-01,2018-06-04,test,hybrid_topology_fhs_scenario,0.94,0.1,1000,3988,4988,0.012375023797727414,0.013431312206802961,-0.001438082045119282,0.0,0.0,0.014635790454052652
2018-06-04,2018-06-05,test,hybrid_topology_fhs_scenario,0.94,0.1,1000,3989,4989,0.012019844810475175,0.013056942608541016,-0.001460639299284372,0.0,0.0,0.014289447201227348
2018-06-05,2018-06-06,test,hybrid_topology_fhs_scenario,0.94,0.1,1000,3990,4990,0.01178833128889523,0.012781091859111152,-0.0034059267652283946,0.0,0.0,0.015934285739272292
2018-06-06,2018-06-07,test,hybrid_topology_fhs_scenario,0.94,0.1,1000,3991,4991,0.011668930105930963,0.01273395740367004,-0.0016306683423150893,0.0,0.0,0.014138506086817963
2018-06-07,2018-06-08,test,hybrid_topology_fhs_scenario,0.94,0.1,1000,3992,4992,0.011415615099804965,0.012478261152660933,-0.0012242372013808289,0.0,0.0,0.013486334418202574
2018-06-08,2018-06-11,test,hybrid_topology_fhs_scenario,0.94,0.1,1000,3993,4993,0.011221606705889151,0.012265725948460022,-0.00040463355290629714,0.0,0.0,0.012469862916420115
2018-06-11,2018-06-12,test,hybrid_topology_fhs_scenario,0.94,0.1,1000,3994,4994,0.01101242510979261,0.012057456298650559,-0.0005391801103812543,0.0,0.0,0.012397236551007756
2018-06-12,2018-06-13,test,hybrid_topology_fhs_scenario,0.94,0.1,1000,3995,4995,0.010735115502653672,0.011824862059215574,0.0023872094244923314,0.0,0.0,0.009285190379636774
2018-06-13,2018-06-14,test,hybrid_topology_fhs_scenario,0.94,0.1,1000,3996,4996,0.010546331148388426,0.01166316222441912,-0.002772574585133203,0.0,0.0,0.01420803244664873
2018-06-14,2018-06-15,test,hybrid_topology_fhs_scenario,0.94,0.1,1000,3997,4997,0.010450964888900426,0.011532160697855119,0.00045081277637988294,0.0,0.0,0.010904315744563561
2018-06-15,2018-06-18,test,hybrid_topology_fhs_scenario,0.94,0.1,1000,3998,4998,0.010102232629550331,0.01104040694588743,0.001037829904270615,0.0,0.0,0.009843156642829191
2018-06-18,2018-06-19,test,hybrid_topology_fhs_scenario,0.94,0.1,1000,3999,4999,0.00982238947194758,0.01082620504894148,0.001239696726858286,0.0,0.0,0.009432672541482006
2018-06-19,2018-06-20,test,hybrid_topology_fhs_scenario,0.94,0.1,1000,4000,5000,0.009564090575735248,0.010567815079624938,0.0002685317106215115,0.0,0.0,0.010134756873429478
2018-06-20,2018-06-21,test,hybrid_topology_fhs_scenario,0.94,0.1,1000,4001,5001,0.009230367201739108,0.010249815668426804,0.002700432108442019,0.0,0.0,0.007425948321918136
2018-06-21,2018-06-22,test,hybrid_topology_fhs_scenario,0.94,0.1,1000,4002,5002,0.009152015203879168,0.010226371964882184,-0.0011723106201743327,0.0,0.0,0.01121695877867064
2018-06-22,2018-06-25,test,hybrid_topology_fhs_scenario,0.94,0.1,1000,4003,5003,0.008885153562624638,0.009890738308456559,0.007619619890385198,0.0,0.0,0.0022269957943419705
2018-06-25,2018-06-26,test,hybrid_topology_fhs_scenario,0.94,0.1,1000,4004,5004,0.009964582410384623,0.010992301698058263,-0.001524316823733507,0.0,0.0,0.012318592051088158
2018-06-26,2018-06-27,test,hybrid_topology_fhs_scenario,0.94,0.1,1000,4005,5005,0.00978918815977281,0.0107755269198859,0.003445730114922196,0.0,0.0,0.007209986465288118
2018-06-27,2018-06-28,test,hybrid_topology_fhs_scenario,0.94,0.1,1000,4006,5006,0.00978918815977281,0.010758198867336585,-0.0030409840798326644,0.0,0.0,0.013582505095886073
2018-06-28,2018-06-29,test,hybrid_topology_fhs_scenario,0.94,0.1,1000,4007,5007,0.009763612443149198,0.010707814177994794,-0.0005518887546346995,0.0,0.0,0.011081365371291594
2018-06-29,2018-07-02,test,hybrid_topology_fhs_scenario,0.94,0.1,1000,4008,5008,0.00955735350740327,0.01049383538757504,-0.0010091375739932572,0.0,0.0,0.011321063548343056
2018-07-02,2018-07-03,test,hybrid_topology_fhs_scenario,0.94,0.1,1000,4009,5009,0.009321858034276098,0.010247280296095135,0.0011016892877810712,0.0,0.0,0.008999152920571163
2018-07-03,2018-07-05,test,hybrid_topology_fhs_scenario,0.94,0.1,1000,4010,5010,0.009071621779157511,0.010036388890226743,-0.004933955698399162,0.0,0.0,0.014736141748685823
2018-07-05,2018-07-06,test,hybrid_topology_fhs_scenario,0.94,0.1,1000,4011,5011,0.00943781901606226,0.010352716596646655,-0.005426107956441229,0.0,0.0,0.015532993208985721
2018-07-06,2018-07-09,test,hybrid_topology_fhs_scenario,0.94,0.1,1000,4012,5012,0.009836389902960659,0.010772896482303767,-0.0043888159158905985,0.0,0.0,0.014924921646428018
2018-07-09,2018-07-10,test,hybrid_topology_fhs_scenario,0.94,0.1,1000,4013,5013,0.010021063342615655,0.01092260503701378,-0.0018466457615530893,0.0,0.0,0.012568696619644383
2018-07-10,2018-07-11,test,hybrid_topology_fhs_scenario,0.94,0.1,1000,4014,5014,0.009917859221665425,0.010870387114075297,0.003567556059381571,0.0,0.0,0.00718376330994922
2018-07-11,2018-07-12,test,hybrid_topology_fhs_scenario,0.94,0.1,1000,4015,5015,0.009943357584597816,0.010901596025814872,-0.005283499648663969,0.0,0.0,0.01593273685494949
2018-07-12,2018-07-13,test,hybrid_topology_fhs_scenario,0.94,0.1,1000,4016,5016,0.010300703978015146,0.011220559674906455,-0.0011362660367892465,0.0,0.0,0.012162274769051351
2018-07-13,2018-07-16,test,hybrid_topology_fhs_scenario,0.94,0.1,1000,4017,5017,0.01003057545768555,0.01099953454434249,0.0011990930262955502,0.0,0.0,0.009643745304409666
2018-07-16,2018-07-17,test,hybrid_topology_fhs_scenario,0.94,0.1,1000,4018,5018,0.00978918815977281,0.010775441319829463,-0.002192932842449435,0.0,0.0,0.012763986018244149
2018-07-17,2018-07-18,test,hybrid_topology_fhs_scenario,0.94,0.1,1000,4019,5019,0.009619943093236402,0.010659343059181647,-0.0009499012877427048,0.0,0.0,0.011424711682061033
2018-07-18,2018-07-19,test,hybrid_topology_fhs_scenario,0.94,0.1,1000,4020,5020,0.009396123693780681,0.010437889392972173,0.0011682292076698353,0.0,0.0,0.009120197625530888
2018-07-19,2018-07-20,test,hybrid_topology_fhs_scenario,0.94,0.1,1000,4021,5021,0.00932187780824014,0.01043781616241547,0.0020896636637883106,0.0,0.0,0.008211770827606
2018-07-20,2018-07-23,test,hybrid_topology_fhs_scenario,0.94,0.1,1000,4022,5022,0.009025059470728696,0.010132184924813173,0.0008408896991372486,0.0,0.0,0.009140854542749939
2018-07-23,2018-07-24,test,hybrid_topology_fhs_scenario,0.94,0.1,1000,4023,5023,0.008876497296557043,0.010020185170939451,-0.0032944211378922897,0.0,0.0,0.01310345033545544
2018-07-24,2018-07-25,test,hybrid_topology_fhs_scenario,0.94,0.1,1000,4024,5024,0.008930590962869045,0.010154061030507366,-0.004838401982300411,0.0,0.0,0.014755341366939276
2018-07-25,2018-07-26,test,hybrid_topology_fhs_scenario,0.94,0.1,1000,4025,5025,0.009427872858150027,0.010639668089269706,0.0018479692687825235,0.0,0.0,0.008647705385868678
2018-07-26,2018-07-27,test,hybrid_topology_fhs_scenario,0.94,0.1,1000,4026,5026,0.009154285224530477,0.010367392570135015,0.003436103579404159,0.0,0.0,0.006815188582413848
2018-07-27,2018-07-30,test,hybrid_topology_fhs_scenario,0.94,0.1,1000,4027,5027,0.009254645137635376,0.010476633169709985,0.003644973223855463,0.0,0.0,0.006716965166345958
2018-07-30,2018-07-31,test,hybrid_topology_fhs_scenario,0.94,0.1,1000,4028,5028,0.009744118550945194,0.011172585338881253,-0.0035085559217168604,0.0,0.0,0.014446639473809782
2018-07-31,2018-08-01,test,hybrid_topology_fhs_scenario,0.94,0.1,1000,4029,5029,0.009813708232480688,0.011220874448952175,0.0019470111871204398,0.0,0.0,0.009120683650739545
2018-08-01,2018-08-02,test,hybrid_topology_fhs_scenario,0.94,0.1,1000,4030,5030,0.009885719358598787,0.011139279817282015,-0.003741879311457641,0.0,0.0,0.014645406137221728
2018-08-02,2018-08-03,test,hybrid_topology_fhs_scenario,0.94,0.1,1000,4031,5031,0.010101469169579392,0.011313255021386309,-0.003596147043539633,0.0,0.0,0.014673643175433983
2018-08-03,2018-08-06,test,hybrid_topology_fhs_scenario,0.94,0.1,1000,4032,5032,0.009842455942505208,0.01124870629821345,-0.002396647926720874,0.0,0.0,0.013426611408003225
2018-08-06,2018-08-07,test,hybrid_topology_fhs_scenario,0.94,0.1,1000,4033,5033,0.009885719358598787,0.011183103332965441,-0.0011559450816101876,0.0,0.0,0.012140988848613327
2018-08-07,2018-08-08,test,hybrid_topology_fhs_scenario,0.94,0.1,1000,4034,5034,0.009651470139191187,0.01099691760964226,-0.00010237123889949022,0.0,0.0,0.010919345041109113
2018-08-08,2018-08-09,test,hybrid_topology_fhs_scenario,0.94,0.1,1000,4035,5035,0.009528779454926271,0.01065620471004611,-0.0002820313956976906,0.0,0.0,0.010762888311606444
2018-08-09,2018-08-10,test,hybrid_topology_fhs_scenario,0.94,0.1,1000,4036,5036,0.009249102365145577,0.010413834331750279,0.002293258449018353,0.0,0.0,0.0079871199248249
2018-08-10,2018-08-13,test,hybrid_topology_fhs_scenario,0.94,0.1,1000,4037,5037,0.009205913360827411,0.010404768109721433,0.002363179745886046,0.0,0.0,0.007908975990888916
2018-08-13,2018-08-14,test,hybrid_topology_fhs_scenario,0.94,0.1,1000,4038,5038,0.00911983226084325,0.010370258737279073,-0.0034372628376931665,0.0,0.0,0.013587904486583298
2018-08-14,2018-08-15,test,hybrid_topology_fhs_scenario,0.94,0.1,1000,4039,5039,0.009185357803744756,0.010198455243103014,0.0035021022966419176,0.0,0.0,0.006585776677870597
2018-08-15,2018-08-16,test,hybrid_topology_fhs_scenario,0.94,0.1,1000,4040,5040,0.009249102365145577,0.01024734853893906,-0.004737678101513375,0.0,0.0,0.014750268779107715
2018-08-16,2018-08-17,test,hybrid_topology_fhs_scenario,0.94,0.1,1000,4041,5041,0.009255311447744741,0.010511909340733703,-0.0022681519748462,0.0,0.0,0.012575794416916315
2018-08-17,2018-08-20,test,hybrid_topology_fhs_scenario,0.94,0.1,1000,4042,5042,0.009249102365145577,0.010389171624133936,-0.0025327534423640772,0.0,0.0,0.012716695497910659
2018-08-20,2018-08-21,test,hybrid_topology_fhs_scenario,0.94,0.1,1000,4043,5043,0.008952991067996073,0.010246689156480377,-0.000862802545923591,0.0,0.0,0.010929912345983065
2018-08-21,2018-08-22,test,hybrid_topology_fhs_scenario,0.94,0.1,1000,4044,5044,0.008751481244970627,0.010107695734250629,-0.00038374683297270895,0.0,0.0,0.010320508783822189
2018-08-22,2018-08-23,test,hybrid_topology_fhs_scenario,0.94,0.1,1000,4045,5045,0.008959450595033308,0.01008241819327462,0.0008356332781167319,0.0,0.0,0.009096853465448106
2018-08-23,2018-08-24,test,hybrid_topology_fhs_scenario,0.94,0.1,1000,4046,5046,0.008642216469253694,0.009811432749468373,-0.0037278840253517575,0.0,0.0,0.01332453486039568
2018-08-24,2018-08-27,test,hybrid_topology_fhs_scenario,0.94,0.1,1000,4047,5047,0.008653479105014777,0.009863324672029009,-0.003842882741545761,0.0,0.0,0.013488515846701006
2018-08-27,2018-08-28,test,hybrid_topology_fhs_scenario,0.94,0.1,1000,4048,5048,0.008862409153362205,0.01021078858290101,0.000605978997930734,0.0,0.0,0.009447253646900333
2018-08-28,2018-08-29,test,hybrid_topology_fhs_scenario,0.94,0.1,1000,4049,5049,0.0089016843420739,0.010144386346914053,-0.0031112723105010784,0.0,0.0,0.013044396757505503
2018-08-29,2018-08-30,test,hybrid_topology_fhs_scenario,0.94,0.1,1000,4050,5050,0.008751481244970627,0.010096607422939666,0.0016867642966145843,0.0,0.0,0.008270244217650517
2018-08-30,2018-08-31,test,hybrid_topology_fhs_scenario,0.94,0.1,1000,4051,5051,0.008792982057380445,0.010046008843754776,-9.887306129474639e-05,0.0,0.0,0.009980178408610037
2018-08-31,2018-09-04,test,hybrid_topology_fhs_scenario,0.94,0.1,1000,4052,5052,0.008602991960788264,0.009886847658244111,0.0019477376958534354,0.0,0.0,0.007807184755980257
2018-09-04,2018-09-05,test,hybrid_topology_fhs_scenario,0.94,0.1,1000,4053,5053,0.008423959942460878,0.009770281459966092,0.0016537125104361117,0.0,0.0,0.007981357200111977
2018-09-05,2018-09-06,test,hybrid_topology_fhs_scenario,0.94,0.1,1000,4054,5054,0.008334368332671583,0.0096191116536541,0.000984127623880515,0.0,0.0,0.008492611836117157
2018-09-06,2018-09-07,test,hybrid_topology_fhs_scenario,0.94,0.1,1000,4055,5055,0.008146479405635992,0.009401922791400638,0.0029629800152283893,0.0,0.0,0.006329804200672018
2018-09-07,2018-09-10,test,hybrid_topology_fhs_scenario,0.94,0.1,1000,4056,5056,0.008239966253250087,0.009460435554650792,-0.0012783707900600127,0.0,0.0,0.010565519556526137
2018-09-10,2018-09-11,test,hybrid_topology_fhs_scenario,0.94,0.1,1000,4057,5057,0.008277481780280472,0.009368445896040085,-0.0005271823070748471,0.0,0.0,0.009736284138910613
2018-09-11,2018-09-12,test,hybrid_topology_fhs_scenario,0.94,0.1,1000,4058,5058,0.008277481780280472,0.009422742111496973,-0.0006175921336363021,0.0,0.0,0.00987827662814411
2018-09-12,2018-09-13,test,hybrid_topology_fhs_scenario,0.94,0.1,1000,4059,5059,0.008334368332671583,0.009388591891841517,-0.003509333150051752,0.0,0.0,0.012693913930673172
2018-09-13,2018-09-14,test,hybrid_topology_fhs_scenario,0.94,0.1,1000,4060,5060,0.008334368332671583,0.009542713783626894,0.0006441004655739047,0.0,0.0,0.008753050663772643
2018-09-14,2018-09-17,test,hybrid_topology_fhs_scenario,0.94,0.1,1000,4061,5061,0.008334368332671583,0.009430611421675898,0.003097835357449119,0.0,0.0,0.006226821992373334
2018-09-17,2018-09-18,test,hybrid_topology_fhs_scenario,0.94,0.1,1000,4062,5062,0.008334368332671583,0.009514857145353953,-0.0016013019020845395,0.0,0.0,0.010937611773600092
2018-09-18,2018-09-19,test,hybrid_topology_fhs_scenario,0.94,0.1,1000,4063,5063,0.00831292809813755,0.009429966953182366,3.310719715430297e-05,0.0,0.0,0.009244736471137193
2018-09-19,2018-09-20,test,hybrid_topology_fhs_scenario,0.94,0.1,1000,4064,5064,0.007844308160308877,0.008949378158230232,-0.004901804521237363,0.0,0.0,0.013632364239296368
2018-09-20,2018-09-21,test,hybrid_topology_fhs_scenario,0.94,0.1,1000,4065,5065,0.008334368332671583,0.009573168616939307,0.0003896690429863847,0.0,0.0,0.009033359077500951
2018-09-21,2018-09-24,test,hybrid_topology_fhs_scenario,0.94,0.1,1000,4066,5066,0.007954361305661361,0.00919696956726061,0.0024289625172290163,0.0,0.0,0.006654060861665127
2018-09-24,2018-09-25,test,hybrid_topology_fhs_scenario,0.94,0.1,1000,4067,5067,0.00793233604309187,0.009078158616974825,0.0009529265653339669,0.0,0.0,0.007991895345127415
2018-09-25,2018-09-26,test,hybrid_topology_fhs_scenario,0.94,0.1,1000,4068,5068,0.007882881801187768,0.009050091732417897,0.0004854973322491406,0.0,0.0,0.008424453384853923
2018-09-26,2018-09-27,test,hybrid_topology_fhs_scenario,0.94,0.1,1000,4069,5069,0.007876697164853301,0.008918577641906936,-0.0016763449107044526,0.0,0.0,0.010425579909551681
2018-09-27,2018-09-28,test,hybrid_topology_fhs_scenario,0.94,0.1,1000,4070,5070,0.00793233604309187,0.00859588342999785,-0.0002597602476453798,0.0,0.0,0.008716173548609521
2018-09-28,2018-10-01,test,hybrid_topology_fhs_scenario,0.94,0.1,1000,4071,5071,0.0077415175439335075,0.008366785704051935,-0.0010702987210927883,0.0,0.0,0.009289275477166369
2018-10-01,2018-10-02,test,hybrid_topology_fhs_scenario,0.94,0.1,1000,4072,5072,0.007806089778492982,0.008330546578022797,-0.0006829682238282066,0.0,0.0,0.008873067511827941
2018-10-02,2018-10-03,test,hybrid_topology_fhs_scenario,0.94,0.1,1000,4073,5073,0.007603786784721129,0.008201632304991933,0.0026419590588762087,0.0,0.0,0.005470299692221281
2018-10-03,2018-10-04,test,hybrid_topology_fhs_scenario,0.94,0.1,1000,4074,5074,0.007691027073931167,0.008226637800553103,0.005726885426458073,0.0,0.0,0.0024568999812173854
2018-10-04,2018-10-05,test,hybrid_topology_fhs_scenario,0.94,0.1,1000,4075,5075,0.008117203833963187,0.008975383470811834,0.004318726649060434,0.0,0.0,0.004578225173056643
2018-10-05,2018-10-08,test,hybrid_topology_fhs_scenario,0.94,0.1,1000,4076,5076,0.008199679967874485,0.0091483911147108,-0.00016050190000012067,0.0,0.0,0.009159772508021892
2018-10-08,2018-10-09,test,hybrid_topology_fhs_scenario,0.94,0.1,1000,4077,5077,0.008321472325180629,0.009168613062986598,0.0001138018357175419,0.0,0.0,0.00891051765148196
2018-10-09,2018-10-10,test,hybrid_topology_fhs_scenario,0.94,0.1,1000,4078,5078,0.00806847081978414,0.008987775128427706,0.018797777596711574,1.0,1.0,0.02043201617744203
2018-10-10,2018-10-11,test,hybrid_topology_fhs_scenario,0.94,0.1,1000,4079,5079,0.01443110647761215,0.015722968140735795,0.011576170612079028,0.0,0.0,0.0040716769490956786
2018-10-11,2018-10-12,test,hybrid_topology_fhs_scenario,0.94,0.1,1000,4080,5080,0.015926070782760916,0.017338466829337578,-0.007854916074702123,0.0,0.0,0.02480135820001334
2018-10-12,2018-10-15,test,hybrid_topology_fhs_scenario,0.94,0.1,1000,4081,5081,0.016324200698272555,0.017719147335805045,0.0031307614561675075,0.0,0.0,0.014355610625067648
2018-10-15,2018-10-16,test,hybrid_topology_fhs_scenario,0.94,0.1,1000,4082,5082,0.015967094384499274,0.017355773966806255,-0.013079526272959673,0.0,0.0,0.029964883940346368
2018-10-16,2018-10-17,test,hybrid_topology_fhs_scenario,0.94,0.1,1000,4083,5083,0.01781090621041556,0.01913139224865723,0.0010487515437445527,0.0,0.0,0.01779819623395657
2018-10-17,2018-10-18,test,hybrid_topology_fhs_scenario,0.94,0.1,1000,4084,5084,0.017282780625607865,0.0185822693558391,0.007945162073649146,0.0,0.0,0.010464555785654792
2018-10-18,2018-10-19,test,hybrid_topology_fhs_scenario,0.94,0.1,1000,4085,5085,0.017591464047937003,0.018919020836972413,0.0008044670788420749,0.0,0.0,0.01782955988386803
2018-10-19,2018-10-22,test,hybrid_topology_fhs_scenario,0.94,0.1,1000,4086,5086,0.017064176784676963,0.018394775616054567,0.002613372724497376,0.0,0.0,0.015531375859870059
2018-10-22,2018-10-23,test,hybrid_topology_fhs_scenario,0.94,0.1,1000,4087,5087,0.01663786811248553,0.01796752195591632,0.0020158736823685745,0.0,0.0,0.01569907701101022
2018-10-23,2018-10-24,test,hybrid_topology_fhs_scenario,0.94,0.1,1000,4088,5088,0.01619374915806838,0.017617686539344913,0.016027390030284704,0.0,0.0,0.0015522026876115403
2018-10-24,2018-10-25,test,hybrid_topology_fhs_scenario,0.94,0.1,1000,4089,5089,0.01905434516349618,0.020425195075718123,-0.0098133998844256,0.0,0.0,0.029771307536619347
2018-10-25,2018-10-26,test,hybrid_topology_fhs_scenario,0.94,0.1,1000,4090,5090,0.019622634829395483,0.0210123745653425,0.008765072318492594,0.0,0.0,0.012049695315787685
2018-10-26,2018-10-29,test,hybrid_topology_fhs_scenario,0.94,0.1,1000,4091,5091,0.019921293361202304,0.021308765539030505,0.0033638184521995293,0.0,0.0,0.017661898158750227
2018-10-29,2018-10-30,test,hybrid_topology_fhs_scenario,0.94,0.1,1000,4092,5092,0.019453794801948823,0.020856647160572384,-0.008021056956206384,0.0,0.0,0.02843051003144085
2018-10-30,2018-10-31,test,hybrid_topology_fhs_scenario,0.94,0.1,1000,4093,5093,0.01962143691790695,0.021177014659113234,-0.0054174900988237075,0.0,0.0,0.026180031409155823
2018-10-31,2018-11-01,test,hybrid_topology_fhs_scenario,0.94,0.1,1000,4094,5094,0.019364608064558836,0.02077207916322347,-0.00672782052196963,0.0,0.0,0.027073326478928555
2018-11-01,2018-11-02,test,hybrid_topology_fhs_scenario,0.94,0.1,1000,4095,5095,0.01932139596482961,0.02091588946251495,0.005782099911530314,0.0,0.0,0.014890837772743012
2018-11-02,2018-11-05,test,hybrid_topology_fhs_scenario,0.94,0.1,1000,4096,5096,0.01924237602072147,0.02073692669279929,-0.0035500457924947603,0.0,0.0,0.023907722391293858
2018-11-05,2018-11-06,test,hybrid_topology_fhs_scenario,0.94,0.1,1000,4097,5097,0.018763484998458965,0.02012444192145476,-0.003356898132749952,0.0,0.0,0.023115510384161684
2018-11-06,2018-11-07,test,hybrid_topology_fhs_scenario,0.94,0.1,1000,4098,5098,0.018420756722634667,0.019691796156869695,-0.012845614978999675,0.0,0.0,0.03203663957448898
2018-11-07,2018-11-08,test,hybrid_topology_fhs_scenario,0.94,0.1,1000,4099,5099,0.019723443524994742,0.021293109468685203,0.0016495468599002638,0.0,0.0,0.01933321251021626
2018-11-08,2018-11-09,test,hybrid_topology_fhs_scenario,0.94,0.1,1000,4100,5100,0.01924237602072147,0.020725491474874257,0.004297468484433553,0.0,0.0,0.016166771491042564
2018-11-09,2018-11-12,test,hybrid_topology_fhs_scenario,0.94,0.1,1000,4101,5101,0.0189448912197561,0.020361039672564783,0.010012997649686061,0.0,0.0,0.010178659908007454
2018-11-12,2018-11-13,test,hybrid_topology_fhs_scenario,0.94,0.1,1000,4102,5102,0.01943426403911284,0.020976921757452364,0.0008044051857869715,0.0,0.0,0.019854502245907017
2018-11-13,2018-11-14,test,hybrid_topology_fhs_scenario,0.94,0.1,1000,4103,5103,0.018999209642773098,0.020480327865498273,0.0032666063974355454,0.0,0.0,0.016940704463814536
2018-11-14,2018-11-15,test,hybrid_topology_fhs_scenario,0.94,0.1,1000,4104,5104,0.018613800918300696,0.020083694908541762,-0.006540011424534642,0.0,0.0,0.026209651798177847
2018-11-15,2018-11-16,test,hybrid_topology_fhs_scenario,0.94,0.1,1000,4105,5105,0.018589594150468104,0.020068861796949396,-0.002789976926427018,0.0,0.0,0.02250116346606095
2018-11-16,2018-11-19,test,hybrid_topology_fhs_scenario,0.94,0.1,1000,4106,5106,0.018123410016122932,0.019635480429948015,0.009555362246255262,0.0,0.0,0.00991379570679911
2018-11-19,2018-11-20,test,hybrid_topology_fhs_scenario,0.94,0.1,1000,4107,5107,0.01874046769456766,0.020211203574937216,0.011182676442497019,0.0,0.0,0.008878391866649899
2018-11-20,2018-11-21,test,hybrid_topology_fhs_scenario,0.94,0.1,1000,4108,5108,0.019524328404200597,0.021123678392623222,-0.001965571977332736,0.0,0.0,0.02272691811452239
2018-11-21,2018-11-23,test,hybrid_topology_fhs_scenario,0.94,0.1,1000,4109,5109,0.0190896787912775,0.020609099185085866,0.0037703228087425213,0.0,0.0,0.01657100052676011
2018-11-23,2018-11-26,test,hybrid_topology_fhs_scenario,0.94,0.1,1000,4110,5110,0.01874518250417665,0.020224156208647037,-0.009370862085021248,0.0,0.0,0.029136303282218556
2018-11-26,2018-11-27,test,hybrid_topology_fhs_scenario,0.94,0.1,1000,4111,5111,0.019202576043936187,0.020715237252290426,-0.0024139438522301493,0.0,0.0,0.022767116775869223
2018-11-27,2018-11-28,test,hybrid_topology_fhs_scenario,0.94,0.1,1000,4112,5112,0.01875024281010247,0.020233850621930685,-0.013775536844918035,0.0,0.0,0.033484410576727706
2018-11-28,2018-11-29,test,hybrid_topology_fhs_scenario,0.94,0.1,1000,4113,5113,0.020229322761463442,0.02183133634498554,0.00028454108486428696,0.0,0.0,0.02120757319538421
2018-11-29,2018-11-30,test,hybrid_topology_fhs_scenario,0.94,0.1,1000,4114,5114,0.019620775780340077,0.021229364612384723,-0.004444688469084301,0.0,0.0,0.025272856396926544
2018-11-30,2018-12-03,test,hybrid_topology_fhs_scenario,0.94,0.1,1000,4115,5115,0.019410140576487645,0.020902850284889692,-0.008819314117745412,0.0,0.0,0.029261404839511555
2018-12-03,2018-12-04,test,hybrid_topology_fhs_scenario,0.94,0.1,1000,4116,5116,0.019595392775818225,0.02119774860698856,0.01759466977646842,0.0,0.0,0.0035330090897506324
2018-12-04,2018-12-06,test,hybrid_topology_fhs_scenario,0.94,0.1,1000,4117,5117,0.022168998056033947,0.023990386926742092,-0.00010669944658210368,0.0,0.0,0.02371741618901725
2018-12-06,2018-12-07,test,hybrid_topology_fhs_scenario,0.94,0.1,1000,4118,5118,0.02152208638873183,0.02326679952681192,0.012771006421880225,0.0,0.0,0.010320909076976921
2018-12-07,2018-12-10,test,hybrid_topology_fhs_scenario,0.94,0.1,1000,4119,5119,0.022514804731434412,0.024343767416560972,-0.0013716489793488495,0.0,0.0,0.025311395523119905
2018-12-10,2018-12-11,test,hybrid_topology_fhs_scenario,0.94,0.1,1000,4120,5120,0.021876895889908054,0.02367009807488373,0.0008744849976151327,0.0,0.0,0.022435746859259816
2018-12-11,2018-12-12,test,hybrid_topology_fhs_scenario,0.94,0.1,1000,4121,5121,0.021410510883340984,0.023090396232656015,-0.0019297688323009151,0.0,0.0,0.024628063735489425
2018-12-12,2018-12-13,test,hybrid_topology_fhs_scenario,0.94,0.1,1000,4122,5122,0.020799011628572978,0.022420427526345203,-3.0910783319626516e-05,0.0,0.0,0.022098354076042135
2018-12-13,2018-12-14,test,hybrid_topology_fhs_scenario,0.94,0.1,1000,4123,5123,0.02016540071877204,0.021794404853372907,0.01045360636734891,0.0,0.0,0.011154396467387627
2018-12-14,2018-12-17,test,hybrid_topology_fhs_scenario,0.94,0.1,1000,4124,5124,0.02078315007412191,0.022353244245327284,0.010601076341181525,0.0,0.0,0.011560184443871519
2018-12-17,2018-12-18,test,hybrid_topology_fhs_scenario,0.94,0.1,1000,4125,5125,0.02137319680771651,0.022904737571547176,-0.0003280458111390329,0.0,0.0,0.02286897622430761
2018-12-18,2018-12-19,test,hybrid_topology_fhs_scenario,0.94,0.1,1000,4126,5126,0.02072326309634926,0.02228052147743074,0.007586089393684969,0.0,0.0,0.014458443018678768
2018-12-19,2018-12-20,test,hybrid_topology_fhs_scenario,0.94,0.1,1000,4127,5127,0.020526663584221297,0.022091222660091687,0.010270395471174787,0.0,0.0,0.011627869190324443
2018-12-20,2018-12-21,test,hybrid_topology_fhs_scenario,0.94,0.1,1000,4128,5128,0.021048769511972803,0.022606947271652585,0.011944450412218033,0.0,0.0,0.010486977628946237
2018-12-21,2018-12-24,test,hybrid_topology_fhs_scenario,0.94,0.1,1000,4129,5129,0.021909385419750113,0.02348845812622805,0.01484613766454552,0.0,0.0,0.008496894927692511
2018-12-24,2018-12-26,test,hybrid_topology_fhs_scenario,0.94,0.1,1000,4130,5130,0.023378373690781173,0.02514983524646268,-0.02842058778420724,0.0,0.0,0.052749152069653055
2018-12-26,2018-12-27,test,hybrid_topology_fhs_scenario,0.94,0.1,1000,4131,5131,0.02952052595200137,0.031324042498204606,-0.005616152213541392,0.0,0.0,0.03636805662560778
2018-12-27,2018-12-28,test,hybrid_topology_fhs_scenario,0.94,0.1,1000,4132,5132,0.02886429089068683,0.030691728042366754,-0.0013955196560091476,0.0,0.0,0.03158766461138346
2018-12-28,2018-12-31,test,hybrid_topology_fhs_scenario,0.94,0.1,1000,4133,5133,0.028000379128939823,0.029813828476757596,-0.006757860163850183,0.0,0.0,0.03600497881752048
2018-12-31,2019-01-02,test,hybrid_topology_fhs_scenario,0.94,0.1,1000,4134,5134,0.027521199953830074,0.029386268641337487,-0.0014689871990027025,0.0,0.0,0.03037377631586001
2019-01-02,2019-01-03,test,hybrid_topology_fhs_scenario,0.94,0.1,1000,4135,5135,0.026700706576845094,0.02856555510622071,0.011138127375825313,0.0,0.0,0.017147367829145707
2019-01-03,2019-01-04,test,hybrid_topology_fhs_scenario,0.94,0.1,1000,4136,5136,0.0269281937838668,0.02876099703420611,-0.01686704606018976,0.0,0.0,0.04492529441547654
2019-01-04,2019-01-07,test,hybrid_topology_fhs_scenario,0.94,0.1,1000,4137,5137,0.02841611584067018,0.030159206681339274,-0.0036196737261815935,0.0,0.0,0.033254766293001364
2019-01-07,2019-01-08,test,hybrid_topology_fhs_scenario,0.94,0.1,1000,4138,5138,0.027655589502931892,0.02938639490141226,-0.004638008092028345,0.0,0.0,0.03349672889455419
2019-01-08,2019-01-09,test,hybrid_topology_fhs_scenario,0.94,0.1,1000,4139,5139,0.026924121561484743,0.028522055743704526,-0.0030354677102663262,0.0,0.0,0.03106818126033909
2019-01-09,2019-01-10,test,hybrid_topology_fhs_scenario,0.94,0.1,1000,4140,5140,0.026181594969878156,0.02772372497573433,-0.001923871116008158,0.0,0.0,0.029187460850307788
2019-01-10,2019-01-11,test,hybrid_topology_fhs_scenario,0.94,0.1,1000,4141,5141,0.02541550809203533,0.02682691412598013,-0.001425837279305231,0.0,0.0,0.027814846073866632
2019-01-11,2019-01-14,test,hybrid_topology_fhs_scenario,0.94,0.1,1000,4142,5142,0.02465942810972247,0.02604112916378417,0.003891066525274045,0.0,0.0,0.021803994688391854
2019-01-14,2019-01-15,test,hybrid_topology_fhs_scenario,0.94,0.1,1000,4143,5143,0.02404796017263127,0.025405042018637813,-0.006492320339319235,0.0,0.0,0.031405331104127625
2019-01-15,2019-01-16,test,hybrid_topology_fhs_scenario,0.94,0.1,1000,4144,5144,0.02371051206484077,0.025054350991888373,-0.0012212731884550631,0.0,0.0,0.02586805142836781
2019-01-16,2019-01-17,test,hybrid_topology_fhs_scenario,0.94,0.1,1000,4145,5145,0.023002491659508826,0.024318546526574718,-0.003820778234607536,0.0,0.0,0.02770407434109386
2019-01-17,2019-01-18,test,hybrid_topology_fhs_scenario,0.94,0.1,1000,4146,5146,0.022445568402006823,0.023767586686315675,-0.006713928512603262,0.0,0.0,0.030011072288092064
2019-01-18,2019-01-22,test,hybrid_topology_fhs_scenario,0.94,0.1,1000,4147,5147,0.02221368510303639,0.023521515685290553,0.0067139116342584074,0.0,0.0,0.016542411684444123
2019-01-22,2019-01-23,test,hybrid_topology_fhs_scenario,0.94,0.1,1000,4148,5148,0.02199348346694067,0.023288832416454363,-0.0010625553411206302,0.0,0.0,0.023973163451716233
2019-01-23,2019-01-24,test,hybrid_topology_fhs_scenario,0.94,0.1,1000,4149,5149,0.021335141320085443,0.022606005251997657,-0.0015913234323138516,0.0,0.0,0.02382166011472771
2019-01-24,2019-01-25,test,hybrid_topology_fhs_scenario,0.94,0.1,1000,4150,5150,0.020712154613180392,0.02193864344551522,-0.00415447271282634,0.0,0.0,0.025689454527643086
2019-01-25,2019-01-28,test,hybrid_topology_fhs_scenario,0.94,0.1,1000,4151,5151,0.020269750794702477,0.021479029412107515,0.004444560814473686,0.0,0.0,0.01676685878249527
2019-01-28,2019-01-29,test,hybrid_topology_fhs_scenario,0.94,0.1,1000,4152,5152,0.01987258888144147,0.021051273609254892,-0.0003591159779678723,0.0,0.0,0.02107744689613629
2019-01-29,2019-01-30,test,hybrid_topology_fhs_scenario,0.94,0.1,1000,4153,5153,0.019315965800138647,0.020470956300413793,-0.010420251104718002,0.0,0.0,0.030416289389052064
2019-01-30,2019-01-31,test,hybrid_topology_fhs_scenario,0.94,0.1,1000,4154,5154,0.019921687561350203,0.021101801833158493,-0.007108327880805332,0.0,0.0,0.027775176625536285
2019-01-31,2019-02-01,test,hybrid_topology_fhs_scenario,0.94,0.1,1000,4155,5155,0.01988308392692659,0.021062085631651246,0.0018512022131955688,0.0,0.0,0.018910930150131598
2019-02-01,2019-02-04,test,hybrid_topology_fhs_scenario,0.94,0.1,1000,4156,5156,0.019316511137769114,0.020503646680225224,-0.0033374472507452513,0.0,0.0,0.023471606166581355
2019-02-04,2019-02-05,test,hybrid_topology_fhs_scenario,0.94,0.1,1000,4157,5157,0.018858244144666737,0.019932820607018505,-0.0032084606331561627,0.0,0.0,0.02278341625694853
2019-02-05,2019-02-06,test,hybrid_topology_fhs_scenario,0.94,0.1,1000,4158,5158,0.018407428918529662,0.01943676853884877,0.00048385573310605334,0.0,0.0,0.018658325717453385
2019-02-06,2019-02-07,test,hybrid_topology_fhs_scenario,0.94,0.1,1000,4159,5159,0.017849984698480797,0.018881135225349857,0.004413375656715157,0.0,0.0,0.014240431669836488
2019-02-07,2019-02-08,test,hybrid_topology_fhs_scenario,0.94,0.1,1000,4160,5160,0.01755211689587194,0.018559069551467702,-0.0012689890671982785,0.0,0.0,0.019520568212830037
2019-02-08,2019-02-11,test,hybrid_topology_fhs_scenario,0.94,0.1,1000,4161,5161,0.017038253813800548,0.017984102750452736,0.00027908939650731493,0.0,0.0,0.017429979664269717
2019-02-11,2019-02-12,test,hybrid_topology_fhs_scenario,0.94,0.1,1000,4162,5162,0.016520239241705894,0.017432256205584813,-0.007179405995145993,0.0,0.0,0.024233367098081052
2019-02-12,2019-02-13,test,hybrid_topology_fhs_scenario,0.94,0.1,1000,4163,5163,0.01671124275847604,0.017622406137346017,-0.0009512481307372587,0.0,0.0,0.018285937820273327
2019-02-13,2019-02-14,test,hybrid_topology_fhs_scenario,0.94,0.1,1000,4164,5164,0.01621445644058431,0.017121113481926162,-0.0005527897440902986,0.0,0.0,0.017399728107212794
2019-02-14,2019-02-15,test,hybrid_topology_fhs_scenario,0.94,0.1,1000,4165,5165,0.015724782705366716,0.016604075825388545,-0.006155747930169219,0.0,0.0,0.02240963346802418
2019-02-15,2019-02-19,test,hybrid_topology_fhs_scenario,0.94,0.1,1000,4166,5166,0.015784086610558815,0.01665536389462326,-0.0017278804472869334,0.0,0.0,0.0180987829039409
2019-02-19,2019-02-20,test,hybrid_topology_fhs_scenario,0.94,0.1,1000,4167,5167,0.015346550597540306,0.016210855011600613,-0.0011327606268892066,0.0,0.0,0.017074818359771867
2019-02-20,2019-02-21,test,hybrid_topology_fhs_scenario,0.94,0.1,1000,4168,5168,0.014898030192184863,0.015807980118818253,0.0033191079452008945,0.0,0.0,0.012292439591746763
2019-02-21,2019-02-22,test,hybrid_topology_fhs_scenario,0.94,0.1,1000,4169,5169,0.014611328690201465,0.0155743429423634,-0.004909112926668157,0.0,0.0,0.020166573888474468
2019-02-22,2019-02-25,test,hybrid_topology_fhs_scenario,0.94,0.1,1000,4170,5170,0.014612014816413497,0.01566507510760785,-0.00020464702724090058,0.0,0.0,0.015621145699914076
2019-02-25,2019-02-26,test,hybrid_topology_fhs_scenario,0.94,0.1,1000,4171,5171,0.014184492736460472,0.015251039503809833,-0.0007581121796186531,0.0,0.0,0.015758348940503566
2019-02-26,2019-02-27,test,hybrid_topology_fhs_scenario,0.94,0.1,1000,4172,5172,0.013763363814610628,0.014827073054292513,0.0016705772438132093,0.0,0.0,0.012948511280925295
2019-02-27,2019-02-28,test,hybrid_topology_fhs_scenario,0.94,0.1,1000,4173,5173,0.013390700118515213,0.014470521024442273,0.0021522681658739497,0.0,0.0,0.012122680856630527
2019-02-28,2019-03-01,test,hybrid_topology_fhs_scenario,0.94,0.1,1000,4174,5174,0.013175856801310544,0.014141893577328129,-0.002433684199260488,0.0,0.0,0.016317283742179615
2019-03-01,2019-03-04,test,hybrid_topology_fhs_scenario,0.94,0.1,1000,4175,5175,0.012751482515050417,0.013696546683291903,0.000946811526377167,0.0,0.0,0.0125490384878786
2019-03-04,2019-03-05,test,hybrid_topology_fhs_scenario,0.94,0.1,1000,4176,5176,0.012395475630890414,0.013344248826493326,0.0005848075245212358,0.0,0.0,0.01255856195048648
2019-03-05,2019-03-06,test,hybrid_topology_fhs_scenario,0.94,0.1,1000,4177,5177,0.01213302980919236,0.013259921028859943,0.0025182918105665303,0.0,0.0,0.010569235867822336
2019-03-06,2019-03-07,test,hybrid_topology_fhs_scenario,0.94,0.1,1000,4178,5178,0.01197942263851434,0.012965602043151343,0.0036763874772673955,0.0,0.0,0.009140014553349318
2019-03-07,2019-03-08,test,hybrid_topology_fhs_scenario,0.94,0.1,1000,4179,5179,0.011912647723184877,0.012847742154815269,0.0006261151600438719,0.0,0.0,0.012028951645533522
2019-03-08,2019-03-11,test,hybrid_topology_fhs_scenario,0.94,0.1,1000,4180,5180,0.0116248039077159,0.012889671744409036,-0.008395236276952244,0.0,0.0,0.020952985722673928
2019-03-11,2019-03-12,test,hybrid_topology_fhs_scenario,0.94,0.1,1000,4181,5181,0.012529510351531204,0.013781300113552542,-0.0033709043641109823,0.0,0.0,0.01688240351287836
2019-03-12,2019-03-13,test,hybrid_topology_fhs_scenario,0.94,0.1,1000,4182,5182,0.012375023797727414,0.013541715577279574,-0.0038189808244506462,0.0,0.0,0.017088619037908745
2019-03-13,2019-03-14,test,hybrid_topology_fhs_scenario,0.94,0.1,1000,4183,5183,0.01227958378240159,0.013194601648525903,0.0009555428940284162,0.0,0.0,0.012046322694518781
2019-03-14,2019-03-15,test,hybrid_topology_fhs_scenario,0.94,0.1,1000,4184,5184,0.011923200247137174,0.012780172552583768,-0.004224103897412368,0.0,0.0,0.016740642580191728
2019-03-15,2019-03-18,test,hybrid_topology_fhs_scenario,0.94,0.1,1000,4185,5185,0.012095204050063374,0.0129796007620683,-0.001642617581946082,0.0,0.0,0.014394041101734117
2019-03-18,2019-03-19,test,hybrid_topology_fhs_scenario,0.94,0.1,1000,4186,5186,0.011781411239123858,0.012678202937915982,0.0001179010504934297,0.0,0.0,0.012362929442123293
2019-03-19,2019-03-20,test,hybrid_topology_fhs_scenario,0.94,0.1,1000,4187,5187,0.011434210176434393,0.012403082732718363,-0.0009780829923384808,0.0,0.0,0.013170759513618152
2019-03-20,2019-03-21,test,hybrid_topology_fhs_scenario,0.94,0.1,1000,4188,5188,0.011106453890661271,0.01208911019528894,-0.006587551374096811,0.0,0.0,0.018386685082798688
2019-03-21,2019-03-22,test,hybrid_topology_fhs_scenario,0.94,0.1,1000,4189,5189,0.011690413662484658,0.012667376910568594,0.008592053793759113,0.0,0.0,0.004004423637576499
2019-03-22,2019-03-25,test,hybrid_topology_fhs_scenario,0.94,0.1,1000,4190,5190,0.012587398347711984,0.013534871691854522,-0.0005643043947931804,0.0,0.0,0.01387821371190656
2019-03-25,2019-03-26,test,hybrid_topology_fhs_scenario,0.94,0.1,1000,4191,5191,0.012249483608586303,0.013220259746428847,-0.004134695123525711,0.0,0.0,0.017084922785526813
2019-03-26,2019-03-27,test,hybrid_topology_fhs_scenario,0.94,0.1,1000,4192,5192,0.012206389776474159,0.013181798612473795,0.0019731747062372348,0.0,0.0,0.011030740459283015
2019-03-27,2019-03-28,test,hybrid_topology_fhs_scenario,0.94,0.1,1000,4193,5193,0.01197392657194565,0.012891378346259454,-0.0023116635741669443,0.0,0.0,0.014965821773876864
2019-03-28,2019-03-29,test,hybrid_topology_fhs_scenario,0.94,0.1,1000,4194,5194,0.011716807372595681,0.012666520699012664,-0.0031467269399811483,0.0,0.0,0.015566551791144734
2019-03-29,2019-04-01,test,hybrid_topology_fhs_scenario,0.94,0.1,1000,4195,5195,0.011562856731654091,0.012527806268926594,-0.0043651519333207656,0.0,0.0,0.01662991433384092
2019-04-01,2019-04-02,test,hybrid_topology_fhs_scenario,0.94,0.1,1000,4196,5196,0.011603093949405032,0.012575595469324111,-0.000975201643866619,0.0,0.0,0.013337810141293677
2019-04-02,2019-04-03,test,hybrid_topology_fhs_scenario,0.94,0.1,1000,4197,5197,0.011346494523506022,0.012288683911009993,0.00030270399624559034,0.0,0.0,0.011796768322167897
2019-04-03,2019-04-04,test,hybrid_topology_fhs_scenario,0.94,0.1,1000,4198,5198,0.01117935085520984,0.012085605757984503,-0.002008911822031578,0.0,0.0,0.013874037267288093
2019-04-04,2019-04-05,test,hybrid_topology_fhs_scenario,0.94,0.1,1000,4199,5199,0.011026021361912051,0.011824866387817832,-0.003093508913578491,0.0,0.0,0.014686611221616318
2019-04-05,2019-04-08,test,hybrid_topology_fhs_scenario,0.94,0.1,1000,4200,5200,0.010699906804380536,0.011539119749200036,0.00018588119013465145,0.0,0.0,0.011174547851231209
2019-04-08,2019-04-09,test,hybrid_topology_fhs_scenario,0.94,0.1,1000,4201,5201,0.01058022894082318,0.011675382982093495,0.0023548451430544176,0.0,0.0,0.009169778231040789
2019-04-09,2019-04-10,test,hybrid_topology_fhs_scenario,0.94,0.1,1000,4202,5202,0.01045360636734891,0.01152967406821299,-0.0029919140597524764,0.0,0.0,0.014293003629037343
2019-04-10,2019-04-11,test,hybrid_topology_fhs_scenario,0.94,0.1,1000,4203,5203,0.010412918399008111,0.01148150868769223,0.0010721501177024973,0.0,0.0,0.010242532288553045
2019-04-11,2019-04-12,test,hybrid_topology_fhs_scenario,0.94,0.1,1000,4204,5204,0.010041126433853268,0.011218403782649117,-0.0022064100964808817,0.0,0.0,0.01321166889745509
2019-04-12,2019-04-15,test,hybrid_topology_fhs_scenario,0.94,0.1,1000,4205,5205,0.009860320721026723,0.011052662609200877,-0.00013923199213987668,0.0,0.0,0.011012092763438902
2019-04-15,2019-04-16,test,hybrid_topology_fhs_scenario,0.94,0.1,1000,4206,5206,0.00960637069607708,0.011044647888790553,0.0009730665707249121,0.0,0.0,0.009906124826367522
2019-04-16,2019-04-17,test,hybrid_topology_fhs_scenario,0.94,0.1,1000,4207,5207,0.009372333436514136,0.010586557472989058,0.001391992311439538,0.0,0.0,0.009044504443761528
2019-04-17,2019-04-18,test,hybrid_topology_fhs_scenario,0.94,0.1,1000,4208,5208,0.009674096576605166,0.011037008167412769,-0.002133368649812617,0.0,0.0,0.012959192049058928
2019-04-18,2019-04-22,test,hybrid_topology_fhs_scenario,0.94,0.1,1000,4209,5209,0.00982640151890153,0.011164700960350589,5.255711953284787e-05,0.0,0.0,0.010932078688790986
2019-04-22,2019-04-23,test,hybrid_topology_fhs_scenario,0.94,0.1,1000,4210,5210,0.008906986689839745,0.010386806165307506,-0.006117574460785846,0.0,0.0,0.01624201672194727
2019-04-23,2019-04-24,test,hybrid_topology_fhs_scenario,0.94,0.1,1000,4211,5211,0.00978918815977281,0.011194730759651762,-0.00018690115853043916,0.0,0.0,0.011196852013410677
2019-04-24,2019-04-25,test,hybrid_topology_fhs_scenario,0.94,0.1,1000,4212,5212,0.010150357759364348,0.011389135403862731,0.0008612582257325752,0.0,0.0,0.01035757124401322
2019-04-25,2019-04-26,test,hybrid_topology_fhs_scenario,0.94,0.1,1000,4213,5213,0.009864438514598142,0.01119223302063998,-0.0038546270267991734,0.0,0.0,0.014807879201667148
2019-04-26,2019-04-29,test,hybrid_topology_fhs_scenario,0.94,0.1,1000,4214,5214,0.009656007586055922,0.01100697161752872,-0.00010987235879378321,0.0,0.0,0.010936581676362939
2019-04-29,2019-04-30,test,hybrid_topology_fhs_scenario,0.94,0.1,1000,4215,5215,0.00903690689833319,0.010578372170876083,-0.001100926876686126,0.0,0.0,0.011488694909123347
2019-04-30,2019-05-01,test,hybrid_topology_fhs_scenario,0.94,0.1,1000,4216,5216,0.008798477819805223,0.010140744944314379,0.004691659298568229,0.0,0.0,0.005353926689814865
2019-05-01,2019-05-02,test,hybrid_topology_fhs_scenario,0.94,0.1,1000,4217,5217,0.009193854590732306,0.010668619744564794,0.0024311336020876873,0.0,0.0,0.008099176198801624
2019-05-02,2019-05-03,test,hybrid_topology_fhs_scenario,0.94,0.1,1000,4218,5218,0.00909850051771508,0.010589933848042457,-0.006403930269919522,0.0,0.0,0.016724041822889273
2019-05-03,2019-05-06,test,hybrid_topology_fhs_scenario,0.94,0.1,1000,4219,5219,0.009925438456263605,0.011307266272291434,0.0014449403770253387,0.0,0.0,0.009700572728676825
2019-05-06,2019-05-07,test,hybrid_topology_fhs_scenario,0.94,0.1,1000,4220,5220,0.00978918815977281,0.01116874275641288,0.00865853157507026,0.0,0.0,0.0024587624676560816
2019-05-07,2019-05-08,test,hybrid_topology_fhs_scenario,0.94,0.1,1000,4221,5221,0.010996344902031085,0.012362620917823424,0.0015871476085899338,0.0,0.0,0.010600178449437064
2019-05-08,2019-05-09,test,hybrid_topology_fhs_scenario,0.94,0.1,1000,4222,5222,0.010762902336719837,0.01216587498993095,0.0007578820633973523,0.0,0.0,0.011222843306103483
2019-05-09,2019-05-10,test,hybrid_topology_fhs_scenario,0.94,0.1,1000,4223,5223,0.010489273402208949,0.011842072839011567,-0.0027504206631447925,0.0,0.0,0.014360078105255988
2019-05-10,2019-05-13,test,hybrid_topology_fhs_scenario,0.94,0.1,1000,4224,5224,0.010393452753655542,0.011774881771608098,0.013080515301802651,1.0,1.0,0.003965825452860192
2019-05-13,2019-05-14,test,hybrid_topology_fhs_scenario,0.94,0.1,1000,4225,5225,0.013176253254384937,0.01461108881344727,-0.005051177300154341,0.0,0.0,0.019352983766306966
2019-05-14,2019-05-15,test,hybrid_topology_fhs_scenario,0.94,0.1,1000,4226,5226,0.013235805651354958,0.014679003814428207,-0.004790792650941133,0.0,0.0,0.019163317536758064
2019-05-15,2019-05-16,test,hybrid_topology_fhs_scenario,0.94,0.1,1000,4227,5227,0.013336706035694345,0.014707005501584484,-0.004770916877018782,0.0,0.0,0.019172050548265318
2019-05-16,2019-05-17,test,hybrid_topology_fhs_scenario,0.94,0.1,1000,4228,5228,0.013140092179878266,0.014488995982221487,0.003691625140311738,0.0,0.0,0.01062192124125767
2019-05-17,2019-05-20,test,hybrid_topology_fhs_scenario,0.94,0.1,1000,4229,5229,0.012882580949687077,0.014278886840121198,0.004641855051095933,0.0,0.0,0.009478513253285544
2019-05-20,2019-05-21,test,hybrid_topology_fhs_scenario,0.94,0.1,1000,4230,5230,0.012871951761650428,0.014223003802150871,-0.004958996420661287,0.0,0.0,0.018880759699064973
2019-05-21,2019-05-22,test,hybrid_topology_fhs_scenario,0.94,0.1,1000,4231,5231,0.012924270971087084,0.014283960579704718,0.0006402449544467225,0.0,0.0,0.013425462994792949
2019-05-22,2019-05-23,test,hybrid_topology_fhs_scenario,0.94,0.1,1000,4232,5232,0.012637210972796778,0.013894389488881933,0.0048956986893211145,0.0,0.0,0.008851138652406556
2019-05-23,2019-05-24,test,hybrid_topology_fhs_scenario,0.94,0.1,1000,4233,5233,0.012596364727099725,0.013720789935506713,-0.0012495074326192678,0.0,0.0,0.014734498655520019
2019-05-24,2019-05-28,test,hybrid_topology_fhs_scenario,0.94,0.1,1000,4234,5234,0.012241662189112157,0.013350865038827332,0.003829692035027632,0.0,0.0,0.009367263380245553
2019-05-28,2019-05-29,test,hybrid_topology_fhs_scenario,0.94,0.1,1000,4235,5235,0.012146458833969758,0.013264731719611282,0.004174686916502157,0.0,0.0,0.008942511402206074
2019-05-29,2019-05-30,test,hybrid_topology_fhs_scenario,0.94,0.1,1000,4236,5236,0.012243582133902933,0.013418338777034229,-0.00308587312358668,0.0,0.0,0.016244901155680284
2019-05-30,2019-05-31,test,hybrid_topology_fhs_scenario,0.94,0.1,1000,4237,5237,0.01211957373218726,0.013244985846320757,0.005423028339320379,0.0,0.0,0.007693374023254037
2019-05-31,2019-06-03,test,hybrid_topology_fhs_scenario,0.94,0.1,1000,4238,5238,0.012324407028406353,0.013501421788768156,-0.00039861530603131374,0.0,0.0,0.01367976639077386
2019-06-03,2019-06-04,test,hybrid_topology_fhs_scenario,0.94,0.1,1000,4239,5239,0.012431174531916736,0.013875100120460481,-0.01155936905465511,0.0,0.0,0.025038512881603418
2019-06-04,2019-06-05,test,hybrid_topology_fhs_scenario,0.94,0.1,1000,4240,5240,0.014148295493508501,0.01565126863571866,-0.005197079258894321,0.0,0.0,0.02052059294477169
2019-06-05,2019-06-06,test,hybrid_topology_fhs_scenario,0.94,0.1,1000,4241,5241,0.01399489110423659,0.01531957603708493,-0.003828157712234281,0.0,0.0,0.018847270893750937
2019-06-06,2019-06-07,test,hybrid_topology_fhs_scenario,0.94,0.1,1000,4242,5242,0.013985579403399003,0.015390096725280146,-0.0075850036404694786,0.0,0.0,0.022616428687044568
2019-06-07,2019-06-10,test,hybrid_topology_fhs_scenario,0.94,0.1,1000,4243,5243,0.014436349951960756,0.01582068864103955,-0.000775776547748741,0.0,0.0,0.01633367482406568
2019-06-10,2019-06-11,test,hybrid_topology_fhs_scenario,0.94,0.1,1000,4244,5244,0.014006659825843164,0.01542478854053022,0.00014532280043932921,0.0,0.0,0.015036092466842656
2019-06-11,2019-06-12,test,hybrid_topology_fhs_scenario,0.94,0.1,1000,4245,5245,0.013673153825885308,0.015090506016599326,2.818929893790836e-05,0.0,0.0,0.014822208444989354
2019-06-12,2019-06-13,test,hybrid_topology_fhs_scenario,0.94,0.1,1000,4246,5246,0.013398570471537917,0.014774457455774909,-0.0034666336450055457,0.0,0.0,0.017953715864426376
2019-06-13,2019-06-14,test,hybrid_topology_fhs_scenario,0.94,0.1,1000,4247,5247,0.013139847205990795,0.014562434531280003,0.00037012786836498884,0.0,0.0,0.013965196189718398
2019-06-14,2019-06-17,test,hybrid_topology_fhs_scenario,0.94,0.1,1000,4248,5248,0.012775282580810465,0.01419206265712379,-0.00015488502183824693,0.0,0.0,0.014117575663014472
2019-06-17,2019-06-18,test,hybrid_topology_fhs_scenario,0.94,0.1,1000,4249,5249,0.012608184679650015,0.013938076327454994,-0.0070511136557631195,0.0,0.0,0.02066105321699179
2019-06-18,2019-06-19,test,hybrid_topology_fhs_scenario,0.94,0.1,1000,4250,5250,0.012997667509805754,0.01441659854008444,-0.002450123812554672,0.0,0.0,0.016599532207046738
2019-06-19,2019-06-20,test,hybrid_topology_fhs_scenario,0.94,0.1,1000,4251,5251,0.012796979004050744,0.01415961298902719,-0.006388452487993223,0.0,0.0,0.02022621815501534
2019-06-20,2019-06-21,test,hybrid_topology_fhs_scenario,0.94,0.1,1000,4252,5252,0.013048685214704604,0.014468837532905449,0.0025087767976927243,0.0,0.0,0.011766458301002527
2019-06-21,2019-06-24,test,hybrid_topology_fhs_scenario,0.94,0.1,1000,4253,5253,0.012997667509805754,0.014249234730750428,-0.0006532384530056001,0.0,0.0,0.014666420413790241
2019-06-24,2019-06-25,test,hybrid_topology_fhs_scenario,0.94,0.1,1000,4254,5254,0.012634952324699397,0.013943012606213653,0.0052663465705804925,0.0,0.0,0.008533435442283521
2019-06-25,2019-06-26,test,hybrid_topology_fhs_scenario,0.94,0.1,1000,4255,5255,0.01269247844130392,0.014033154070850174,0.002233433173739674,0.0,0.0,0.01160931832735838
2019-06-26,2019-06-27,test,hybrid_topology_fhs_scenario,0.94,0.1,1000,4256,5256,0.012221402047792708,0.013327063530816061,-0.003331395660313508,0.0,0.0,0.01639752568843239
2019-06-27,2019-06-28,test,hybrid_topology_fhs_scenario,0.94,0.1,1000,4257,5257,0.012119616644949267,0.01322115832613361,-0.003269200212204515,0.0,0.0,0.016231987743451207
2019-06-28,2019-07-01,test,hybrid_topology_fhs_scenario,0.94,0.1,1000,4258,5258,0.011965379494301674,0.013072258126148574,-0.004944415204971219,0.0,0.0,0.017735354444834532
2019-07-01,2019-07-02,test,hybrid_topology_fhs_scenario,0.94,0.1,1000,4259,5259,0.012050040650936754,0.013132033206616765,-0.002985058041009658,0.0,0.0,0.015864514953355224
2019-07-02,2019-07-03,test,hybrid_topology_fhs_scenario,0.94,0.1,1000,4260,5260,0.011911797634803477,0.012983427782674015,-0.005560414068436525,0.0,0.0,0.01825496792186518
2019-07-03,2019-07-05,test,hybrid_topology_fhs_scenario,0.94,0.1,1000,4261,5261,0.012176022561763354,0.013298546254034276,0.003222090226213825,0.0,0.0,0.009914083950480435
2019-07-05,2019-07-08,test,hybrid_topology_fhs_scenario,0.94,0.1,1000,4262,5262,0.011930655472555984,0.012715396527813571,0.00369839560795544,0.0,0.0,0.008873898495507683
2019-07-08,2019-07-09,test,hybrid_topology_fhs_scenario,0.94,0.1,1000,4263,5263,0.011787257611986391,0.012647685781835928,-0.0004925581164211046,0.0,0.0,0.012934535958084682
2019-07-09,2019-07-10,test,hybrid_topology_fhs_scenario,0.94,0.1,1000,4264,5264,0.01152281503920946,0.012591439617532887,-0.00308604430461763,0.0,0.0,0.015431635417535026
2019-07-10,2019-07-11,test,hybrid_topology_fhs_scenario,0.94,0.1,1000,4265,5265,0.011521766808611257,0.01238591413126085,0.0005665162617119357,0.0,0.0,0.011633465428279186
2019-07-11,2019-07-12,test,hybrid_topology_fhs_scenario,0.94,0.1,1000,4266,5266,0.011078727798399106,0.012147437978074112,-0.0031267472865077472,0.0,0.0,0.015034385383816382
2019-07-12,2019-07-15,test,hybrid_topology_fhs_scenario,0.94,0.1,1000,4267,5267,0.011002917756594632,0.012029473676341102,-0.0010429733294965882,0.0,0.0,0.012866094741552661
2019-07-15,2019-07-16,test,hybrid_topology_fhs_scenario,0.94,0.1,1000,4268,5268,0.010765104663614751,0.01180396907318771,0.00281349265580324,0.0,0.0,0.008845230627027974
2019-07-16,2019-07-17,test,hybrid_topology_fhs_scenario,0.94,0.1,1000,4269,5269,0.010730389839029209,0.011784256345032074,0.0022119926596983804,0.0,0.0,0.00941814106499366
2019-07-17,2019-07-18,test,hybrid_topology_fhs_scenario,0.94,0.1,1000,4270,5270,0.010506123212310375,0.011545328802321984,-0.00318226330325313,0.0,0.0,0.014496286168091371
2019-07-18,2019-07-19,test,hybrid_topology_fhs_scenario,0.94,0.1,1000,4271,5271,0.01055072028834677,0.011551083488998618,0.004061110888871666,0.0,0.0,0.007367619379118529
2019-07-19,2019-07-22,test,hybrid_topology_fhs_scenario,0.94,0.1,1000,4272,5272,0.010546102037319623,0.011572078732601658,-0.0016560044703708865,0.0,0.0,0.013019402187975137
2019-07-22,2019-07-23,test,hybrid_topology_fhs_scenario,0.94,0.1,1000,4273,5273,0.010171586238273113,0.011220711096092012,-0.003633640775751834,0.0,0.0,0.014621045345187999
2019-07-23,2019-07-24,test,hybrid_topology_fhs_scenario,0.94,0.1,1000,4274,5274,0.010306310123828547,0.011316662861961726,-0.003404321154611622,0.0,0.0,0.014490065728943416
2019-07-24,2019-07-25,test,hybrid_topology_fhs_scenario,0.94,0.1,1000,4275,5275,0.010280179079459986,0.011255667112891022,0.003559281339378306,0.0,0.0,0.007571185106575715
2019-07-25,2019-07-26,test,hybrid_topology_fhs_scenario,0.94,0.1,1000,4276,5276,0.010329860967086968,0.011270334911240189,-0.003946785510142181,0.0,0.0,0.014979458875620102
2019-07-26,2019-07-29,test,hybrid_topology_fhs_scenario,0.94,0.1,1000,4277,5277,0.010354690282929742,0.011329993958888963,0.0007272774858367413,0.0,0.0,0.010433922689196845
2019-07-29,2019-07-30,test,hybrid_topology_fhs_scenario,0.94,0.1,1000,4278,5278,0.01010078797035925,0.011071516564771705,0.0012901677057815862,0.0,0.0,0.009624921340161142
2019-07-30,2019-07-31,test,hybrid_topology_fhs_scenario,0.94,0.1,1000,4279,5279,0.009836184450865482,0.010879604177378255,0.005542381743724833,0.0,0.0,0.0052467298998834936
2019-07-31,2019-08-01,test,hybrid_topology_fhs_scenario,0.94,0.1,1000,4280,5280,0.010242406129506852,0.011234994271656718,0.0006876439676769541,0.0,0.0,0.01037921416799857
2019-08-01,2019-08-02,test,hybrid_topology_fhs_scenario,0.94,0.1,1000,4281,5281,0.00997245782586048,0.010961714958178489,0.00368836334288607,0.0,0.0,0.007154358769739851
2019-08-02,2019-08-05,test,hybrid_topology_fhs_scenario,0.94,0.1,1000,4282,5282,0.010016612993344044,0.010984889656716929,0.014588916602766046,1.0,1.0,0.0081306075193769
2019-08-05,2019-08-06,test,hybrid_topology_fhs_scenario,0.94,0.1,1000,4283,5283,0.013596390636567158,0.014738415171205457,-0.009055884907185518,0.0,0.0,0.023425965331868727
2019-08-06,2019-08-07,test,hybrid_topology_fhs_scenario,0.94,0.1,1000,4284,5284,0.014435265010542686,0.01564131322814503,-0.0003544435647196753,0.0,0.0,0.015743759958795712
2019-08-07,2019-08-08,test,hybrid_topology_fhs_scenario,0.94,0.1,1000,4285,5285,0.014107279902586674,0.015216565386240048,-0.011807650321881757,0.0,0.0,0.026607759617663443
2019-08-08,2019-08-09,test,hybrid_topology_fhs_scenario,0.94,0.1,1000,4286,5286,0.015592616139162362,0.01690906424044643,0.004692424350381197,0.0,0.0,0.012020225810701415
2019-08-09,2019-08-12,test,hybrid_topology_fhs_scenario,0.94,0.1,1000,4287,5287,0.01557377742077681,0.016865311279855293,0.004771289629201835,0.0,0.0,0.011899695987302871
2019-08-12,2019-08-13,test,hybrid_topology_fhs_scenario,0.94,0.1,1000,4288,5288,0.015438115193405981,0.016650536643437245,-0.007913304732581092,0.0,0.0,0.024183259540877747
2019-08-13,2019-08-14,test,hybrid_topology_fhs_scenario,0.94,0.1,1000,4289,5289,0.01589550550285081,0.017192797739996678,0.015072440277179066,0.0,0.0,0.0020755791785038893
2019-08-14,2019-08-15,test,hybrid_topology_fhs_scenario,0.94,0.1,1000,4290,5290,0.018461239300756913,0.019965002347753048,-0.004129318491889045,0.0,0.0,0.0237178683965775
2019-08-15,2019-08-16,test,hybrid_topology_fhs_scenario,0.94,0.1,1000,4291,5291,0.01825751129161857,0.019652642723473265,-0.007799376435229899,0.0,0.0,0.02702628755700407
2019-08-16,2019-08-19,test,hybrid_topology_fhs_scenario,0.94,0.1,1000,4292,5292,0.018332973123834157,0.01982153580859473,-0.005327522094453618,0.0,0.0,0.024756936407655018
2019-08-19,2019-08-20,test,hybrid_topology_fhs_scenario,0.94,0.1,1000,4293,5293,0.0181339206433815,0.019604004380027053,0.0028285744496689747,0.0,0.0,0.01650909764403625
2019-08-20,2019-08-21,test,hybrid_topology_fhs_scenario,0.94,0.1,1000,4294,5294,0.017684658418061106,0.019151204155928865,-0.003824511249420892,0.0,0.0,0.022616414216890833
2019-08-21,2019-08-22,test,hybrid_topology_fhs_scenario,0.94,0.1,1000,4295,5295,0.01733879892712996,0.018840561069308863,0.0010676456483289078,0.0,0.0,0.01749130406824347
2019-08-22,2019-08-23,test,hybrid_topology_fhs_scenario,0.94,0.1,1000,4296,5296,0.01695916584909268,0.018406045032506996,0.01272246589129815,0.0,0.0,0.00558385666225657
2019-08-23,2019-08-26,test,hybrid_topology_fhs_scenario,0.94,0.1,1000,4297,5297,0.018431885330419086,0.019898871281488314,-0.0062482086386692615,0.0,0.0,0.02574020386184452
2019-08-26,2019-08-27,test,hybrid_topology_fhs_scenario,0.94,0.1,1000,4298,5298,0.01850570113832544,0.019861466216605086,0.0006296933295436345,0.0,0.0,0.018929738642972732
2019-08-27,2019-08-28,test,hybrid_topology_fhs_scenario,0.94,0.1,1000,4299,5299,0.017947047047739497,0.019362210289294697,-0.004364784550406142,0.0,0.0,0.023356938284689772
2019-08-28,2019-08-29,test,hybrid_topology_fhs_scenario,0.94,0.1,1000,4300,5300,0.017651403832555826,0.019084726465069268,-0.006893341560610056,0.0,0.0,0.025574063778968998
2019-08-29,2019-08-30,test,hybrid_topology_fhs_scenario,0.94,0.1,1000,4301,5301,0.017604130638626217,0.019109616231103854,0.00016139052197956523,0.0,0.0,0.018648947467562647
2019-08-30,2019-09-03,test,hybrid_topology_fhs_scenario,0.94,0.1,1000,4302,5302,0.017068184892914912,0.018597567216982323,0.0026293437854052024,0.0,0.0,0.01571340625686279
2019-09-03,2019-09-04,test,hybrid_topology_fhs_scenario,0.94,0.1,1000,4303,5303,0.0166816236012447,0.018194302651508537,-0.007441080747459328,0.0,0.0,0.025235725857480705
2019-09-04,2019-09-05,test,hybrid_topology_fhs_scenario,0.94,0.1,1000,4304,5304,0.01703189698827316,0.0184779666509598,-0.004492100372805874,0.0,0.0,0.022611055321782324
2019-09-05,2019-09-06,test,hybrid_topology_fhs_scenario,0.94,0.1,1000,4305,5305,0.0167929352016362,0.01826936927034133,-0.0007105710354605499,0.0,0.0,0.0186804768605278
2019-09-06,2019-09-09,test,hybrid_topology_fhs_scenario,0.94,0.1,1000,4306,5306,0.016288516551518348,0.017798780568901617,0.0021671161910221228,0.0,0.0,0.01538208677203747
2019-09-09,2019-09-10,test,hybrid_topology_fhs_scenario,0.94,0.1,1000,4307,5307,0.015996555267134616,0.017408226707543124,0.003051230201828026,0.0,0.0,0.014127524843725286
2019-09-10,2019-09-11,test,hybrid_topology_fhs_scenario,0.94,0.1,1000,4308,5308,0.01564964378157293,0.017079650098079456,-0.0038733476394971155,0.0,0.0,0.020624402708347856
2019-09-11,2019-09-12,test,hybrid_topology_fhs_scenario,0.94,0.1,1000,4309,5309,0.01532222657068063,0.01676758833232067,-0.0011834966085246812,0.0,0.0,0.01766736504911627
2019-09-12,2019-09-13,test,hybrid_topology_fhs_scenario,0.94,0.1,1000,4310,5310,0.014956235698872338,0.01632328678691122,0.004056511005531016,0.0,0.0,0.012069103633779112
2019-09-13,2019-09-16,test,hybrid_topology_fhs_scenario,0.94,0.1,1000,4311,5311,0.014686961480949022,0.016010232868828495,0.0001158065420165499,0.0,0.0,0.015642777218030972
2019-09-16,2019-09-17,test,hybrid_topology_fhs_scenario,0.94,0.1,1000,4312,5312,0.014413108905924,0.015645526545253082,-0.0025643076177243266,0.0,0.0,0.017924362474139456
2019-09-17,2019-09-18,test,hybrid_topology_fhs_scenario,0.94,0.1,1000,4313,5313,0.013916247856244984,0.0149764474853291,-0.0005027474061701564,0.0,0.0,0.015236404971835926
2019-09-18,2019-09-19,test,hybrid_topology_fhs_scenario,0.94,0.1,1000,4314,5314,0.013568218420660921,0.014609910431771445,-0.00013984415601195902,0.0,0.0,0.014518091348855547
2019-09-19,2019-09-20,test,hybrid_topology_fhs_scenario,0.94,0.1,1000,4315,5315,0.013155225120835196,0.014146659407254148,0.0005359389141205368,0.0,0.0,0.013396645342872417
2019-09-20,2019-09-23,test,hybrid_topology_fhs_scenario,0.94,0.1,1000,4316,5316,0.012846973069753754,0.013900822319950506,-0.0004303382509621035,0.0,0.0,0.014105654669846953
2019-09-23,2019-09-24,test,hybrid_topology_fhs_scenario,0.94,0.1,1000,4317,5317,0.012522289781439915,0.013608274606987632,0.002710934212678828,0.0,0.0,0.010723020440138694
2019-09-24,2019-09-25,test,hybrid_topology_fhs_scenario,0.94,0.1,1000,4318,5318,0.01228559101277948,0.013331064097902285,-0.0009228946642679588,0.0,0.0,0.014029694649886463
2019-09-25,2019-09-26,test,hybrid_topology_fhs_scenario,0.94,0.1,1000,4319,5319,0.011960192499340994,0.01298694691918876,0.00039249800801435244,0.0,0.0,0.012395264633308313
2019-09-26,2019-09-27,test,hybrid_topology_fhs_scenario,0.94,0.1,1000,4320,5320,0.011568328611736397,0.012549288071227743,0.0026622438001808304,0.0,0.0,0.009728929012386294
2019-09-27,2019-09-30,test,hybrid_topology_fhs_scenario,0.94,0.1,1000,4321,5321,0.011320920641260748,0.012350174365837465,-0.003103129994488407,0.0,0.0,0.015211212257675214
2019-09-30,2019-10-01,test,hybrid_topology_fhs_scenario,0.94,0.1,1000,4322,5322,0.011228915238666143,0.012244293639058244,0.00602912901304542,0.0,0.0,0.00611178337261871
2019-10-01,2019-10-02,test,hybrid_topology_fhs_scenario,0.94,0.1,1000,4323,5323,0.011615347575393684,0.012602067613428046,0.009213700166127214,0.0,0.0,0.0033276747352109755
2019-10-02,2019-10-03,test,hybrid_topology_fhs_scenario,0.94,0.1,1000,4324,5324,0.012767723651275167,0.013750113277295958,-0.007004503045162513,0.0,0.0,0.02043347318136139
2019-10-03,2019-10-04,test,hybrid_topology_fhs_scenario,0.94,0.1,1000,4325,5325,0.013121613853344696,0.01421944033718332,-0.008893961290852603,0.0,0.0,0.022755722338776995
2019-10-04,2019-10-07,test,hybrid_topology_fhs_scenario,0.94,0.1,1000,4326,5326,0.013938648458912203,0.015109635923427603,0.003924204847668755,0.0,0.0,0.011005939734977311
2019-10-07,2019-10-08,test,hybrid_topology_fhs_scenario,0.94,0.1,1000,4327,5327,0.013766141249430153,0.014924069338714827,0.008468735817725937,0.0,0.0,0.00634692423728121
2019-10-08,2019-10-09,test,hybrid_topology_fhs_scenario,0.94,0.1,1000,4328,5328,0.014478110442104912,0.01561784472843565,-0.004677461526981474,0.0,0.0,0.01997947931872256
2019-10-09,2019-10-10,test,hybrid_topology_fhs_scenario,0.94,0.1,1000,4329,5329,0.014398964744835235,0.015533657834795024,-0.0015529974548121215,0.0,0.0,0.01681900852936344
2019-10-10,2019-10-11,test,hybrid_topology_fhs_scenario,0.94,0.1,1000,4330,5330,0.014043504352226897,0.015148518579809745,-0.003486828849861467,0.0,0.0,0.018344767075950317
2019-10-11,2019-10-14,test,hybrid_topology_fhs_scenario,0.94,0.1,1000,4331,5331,0.01389559675848241,0.015040825023582526,-0.0004395822161224806,0.0,0.0,0.01523674884845843
2019-10-14,2019-10-15,test,hybrid_topology_fhs_scenario,0.94,0.1,1000,4332,5332,0.013582191252941442,0.014686916322977186,-0.004015453229127485,0.0,0.0,0.018410786758122744
2019-10-15,2019-10-16,test,hybrid_topology_fhs_scenario,0.94,0.1,1000,4333,5333,0.013491812141365942,0.014564031548359951,0.00017547499660182093,0.0,0.0,0.01416200600941182
2019-10-16,2019-10-17,test,hybrid_topology_fhs_scenario,0.94,0.1,1000,4334,5334,0.013081344444133019,0.014172035346859914,-0.0016262894830844754,0.0,0.0,0.015550443048467956
2019-10-17,2019-10-18,test,hybrid_topology_fhs_scenario,0.94,0.1,1000,4335,5335,0.01288621147071003,0.013898382962161587,0.002268678817784031,0.0,0.0,0.011445136867297378
2019-10-18,2019-10-21,test,hybrid_topology_fhs_scenario,0.94,0.1,1000,4336,5336,0.012591385533791846,0.013588202595650927,-0.0026026035556873323,0.0,0.0,0.015937975888449595
2019-10-21,2019-10-22,test,hybrid_topology_fhs_scenario,0.94,0.1,1000,4337,5337,0.012351584716358362,0.013379587216959586,0.0010277989180543564,0.0,0.0,0.01215623144941564
2019-10-22,2019-10-23,test,hybrid_topology_fhs_scenario,0.94,0.1,1000,4338,5338,0.011996339941745092,0.013068510406078577,-0.0018888706229454487,0.0,0.0,0.01472229860894533
2019-10-23,2019-10-24,test,hybrid_topology_fhs_scenario,0.94,0.1,1000,4339,5339,0.011879769324208337,0.012853006170477042,-0.0009090515087617046,0.0,0.0,0.013545894445587478
2019-10-24,2019-10-25,test,hybrid_topology_fhs_scenario,0.94,0.1,1000,4340,5340,0.01135333559304285,0.012421383905708199,-0.001598196305882915,0.0,0.0,0.013798606025290592
2019-10-25,2019-10-28,test,hybrid_topology_fhs_scenario,0.94,0.1,1000,4341,5341,0.011062598455831192,0.012149252600451197,-0.0018765733842621476,0.0,0.0,0.013804572053496444
2019-10-28,2019-10-29,test,hybrid_topology_fhs_scenario,0.94,0.1,1000,4342,5342,0.01097684136709832,0.011967168404979385,-0.0001817066502445952,0.0,0.0,0.01195673865901681
2019-10-29,2019-10-30,test,hybrid_topology_fhs_scenario,0.94,0.1,1000,4343,5343,0.010730389839029209,0.011621563058806338,-0.0037817834624755964,0.0,0.0,0.015163384591264933
2019-10-30,2019-10-31,test,hybrid_topology_fhs_scenario,0.94,0.1,1000,4344,5344,0.010730389839029209,0.011669712058891226,-0.0009422147135715654,0.0,0.0,0.012413354648677228
2019-10-31,2019-11-01,test,hybrid_topology_fhs_scenario,0.94,0.1,1000,4345,5345,0.010441831688435986,0.011427116299988266,-0.004803282352138005,0.0,0.0,0.015977089826228853
2019-11-01,2019-11-04,test,hybrid_topology_fhs_scenario,0.94,0.1,1000,4346,5346,0.010585733324087746,0.011589007163649148,-0.0003775515088344948,0.0,0.0,0.011777027554000775
2019-11-04,2019-11-05,test,hybrid_topology_fhs_scenario,0.94,0.1,1000,4347,5347,0.010329860967086968,0.011324488184865589,0.002815091361064881,0.0,0.0,0.00837180959926591
2019-11-05,2019-11-06,test,hybrid_topology_fhs_scenario,0.94,0.1,1000,4348,5348,0.01023696663264873,0.0111729517177163,-0.0012902113641004576,0.0,0.0,0.01226685578473883
2019-11-06,2019-11-07,test,hybrid_topology_fhs_scenario,0.94,0.1,1000,4349,5349,0.01004525388971631,0.011015939555702866,0.0010886448798150374,0.0,0.0,0.009768678399089644
2019-11-07,2019-11-08,test,hybrid_topology_fhs_scenario,0.94,0.1,1000,4350,5350,0.009804435702417243,0.010844052658180591,-0.0009359782212477352,0.0,0.0,0.01159293424667927
2019-11-08,2019-11-11,test,hybrid_topology_fhs_scenario,0.94,0.1,1000,4351,5351,0.009644174043778264,0.010653005607647646,0.0007105306688793833,0.0,0.0,0.009783249499048045
2019-11-11,2019-11-12,test,hybrid_topology_fhs_scenario,0.94,0.1,1000,4352,5352,0.009364518297970997,0.010383516587558417,-0.001446165448098835,0.0,0.0,0.01164204682222652
2019-11-12,2019-11-13,test,hybrid_topology_fhs_scenario,0.94,0.1,1000,4353,5353,0.00960244633641243,0.010422094609353103,-0.0012811224178603366,0.0,0.0,0.01151947228907583
2019-11-13,2019-11-14,test,hybrid_topology_fhs_scenario,0.94,0.1,1000,4354,5354,0.009316489864558356,0.010146911230667575,-0.0028965308207609566,0.0,0.0,0.012839486206996011
2019-11-14,2019-11-15,test,hybrid_topology_fhs_scenario,0.94,0.1,1000,4355,5355,0.009596843151183502,0.01025062757965052,-0.004018294762541785,0.0,0.0,0.01404835066277475
2019-11-15,2019-11-18,test,hybrid_topology_fhs_scenario,0.94,0.1,1000,4356,5356,0.009511739916143114,0.010337174751727853,-0.0011263935995305286,0.0,0.0,0.01128336047763366
2019-11-18,2019-11-19,test,hybrid_topology_fhs_scenario,0.94,0.1,1000,4357,5357,0.009561944025280262,0.01043069475974049,-0.0005809425050985474,0.0,0.0,0.01083777519852185
2019-11-19,2019-11-20,test,hybrid_topology_fhs_scenario,0.94,0.1,1000,4358,5358,0.009281766768932548,0.010053163555999339,0.0007614455391233175,0.0,0.0,0.009144628278752214
2019-11-20,2019-11-21,test,hybrid_topology_fhs_scenario,0.94,0.1,1000,4359,5359,0.009142363539690872,0.009874710653438758,0.001965264679069767,0.0,0.0,0.007783480813615977
2019-11-21,2019-11-22,test,hybrid_topology_fhs_scenario,0.94,0.1,1000,4360,5360,0.008999641401194872,0.009726375381996381,-0.0012623078641636808,0.0,0.0,0.010816585657659646
2019-11-22,2019-11-25,test,hybrid_topology_fhs_scenario,0.94,0.1,1000,4361,5361,0.008719279868860267,0.009504316183481921,-0.004829298741467802,0.0,0.0,0.01411076033792926
2019-11-25,2019-11-26,test,hybrid_topology_fhs_scenario,0.94,0.1,1000,4362,5362,0.009209332032049712,0.009892589677164613,-0.0021110377649537606,0.0,0.0,0.011816740454035447
2019-11-26,2019-11-27,test,hybrid_topology_fhs_scenario,0.94,0.1,1000,4363,5363,0.009080020246380348,0.010015998763582825,-0.0016387102280684296,0.0,0.0,0.011470528571604462
2019-11-27,2019-11-29,test,hybrid_topology_fhs_scenario,0.94,0.1,1000,4364,5364,0.009003134055783011,0.009982671502908663,0.0025476754910931376,0.0,0.0,0.007313675697167035
2019-11-29,2019-12-02,test,hybrid_topology_fhs_scenario,0.94,0.1,1000,4365,5365,0.008973502143521161,0.010216703945384374,0.006533054022295648,0.0,0.0,0.0036159631562237625
2019-12-02,2019-12-03,test,hybrid_topology_fhs_scenario,0.94,0.1,1000,4366,5366,0.00960244633641243,0.010919305518074322,0.00045679994925360533,0.0,0.0,0.010292399393471787
2019-12-03,2019-12-04,test,hybrid_topology_fhs_scenario,0.94,0.1,1000,4367,5367,0.009384871495454418,0.010804881655859208,-0.002166764063864645,0.0,0.0,0.012762870932323948
2019-12-04,2019-12-05,test,hybrid_topology_fhs_scenario,0.94,0.1,1000,4368,5368,0.009245704763229836,0.01068222525126367,-0.00014660437879112634,0.0,0.0,0.010652031980723635
2019-12-05,2019-12-06,test,hybrid_topology_fhs_scenario,0.94,0.1,1000,4369,5369,0.009255311447744741,0.010509842666919959,-0.00425857312734843,0.0,0.0,0.01453434424516261
2019-12-06,2019-12-09,test,hybrid_topology_fhs_scenario,0.94,0.1,1000,4370,5370,0.009322243757514403,0.010698360503494311,0.0015621334145351938,0.0,0.0,0.008985422515164933
2019-12-09,2019-12-10,test,hybrid_topology_fhs_scenario,0.94,0.1,1000,4371,5371,0.009322243757514403,0.010527340616811638,0.001137411149676537,0.0,0.0,0.009237029556535102
2019-12-10,2019-12-11,test,hybrid_topology_fhs_scenario,0.94,0.1,1000,4372,5372,0.009375203578515111,0.010580712520198649,-0.003362289245448391,0.0,0.0,0.013721801649745497
2019-12-11,2019-12-12,test,hybrid_topology_fhs_scenario,0.94,0.1,1000,4373,5373,0.009375203578515111,0.010641508920591935,-0.002011075402257223,0.0,0.0,0.012450132504585654
2019-12-12,2019-12-13,test,hybrid_topology_fhs_scenario,0.94,0.1,1000,4374,5374,0.009322243757514403,0.010459963942757713,-0.0027122260149044846,0.0,0.0,0.01296322990644483
2019-12-13,2019-12-16,test,hybrid_topology_fhs_scenario,0.94,0.1,1000,4375,5375,0.009322243757514403,0.010452513223025456,-0.0022505785991464573,0.0,0.0,0.012501242750184225
2019-12-16,2019-12-17,test,hybrid_topology_fhs_scenario,0.94,0.1,1000,4376,5376,0.009255311447744741,0.010290494033982077,-0.00016796857534231435,0.0,0.0,0.010291233844322152
2019-12-17,2019-12-18,test,hybrid_topology_fhs_scenario,0.94,0.1,1000,4377,5377,0.009108384990563906,0.010112390820681078,0.0010470778265003755,0.0,0.0,0.00891929324096682
2019-12-18,2019-12-19,test,hybrid_topology_fhs_scenario,0.94,0.1,1000,4378,5378,0.00932187780824014,0.010135326783924615,-0.0027714995432542634,0.0,0.0,0.01270508944251435
2019-12-19,2019-12-20,test,hybrid_topology_fhs_scenario,0.94,0.1,1000,4379,5379,0.009249102365145577,0.010038669869486686,-0.0026307679420855654,0.0,0.0,0.012471500569355256
2019-12-20,2019-12-23,test,hybrid_topology_fhs_scenario,0.94,0.1,1000,4380,5380,0.009249102365145577,0.010145186594684911,-0.0005535624149548557,0.0,0.0,0.010529306932199778
2019-12-23,2019-12-24,test,hybrid_topology_fhs_scenario,0.94,0.1,1000,4381,5381,0.009255311447744741,0.010028534716363606,-0.0007086539209558041,0.0,0.0,0.010568398575073431
2019-12-24,2019-12-26,test,hybrid_topology_fhs_scenario,0.94,0.1,1000,4382,5382,0.008765072318492594,0.0097517359774564,-0.003773566846636056,0.0,0.0,0.01331255664514143
2019-12-26,2019-12-27,test,hybrid_topology_fhs_scenario,0.94,0.1,1000,4383,5383,0.009353529143164325,0.010334083950015976,-0.0004306328771303214,0.0,0.0,0.010593440526670586
2019-12-27,2019-12-30,test,hybrid_topology_fhs_scenario,0.94,0.1,1000,4384,5384,0.009090387609422731,0.010213700803606183,0.0035609316588284257,0.0,0.0,0.006541744475664256
2019-12-30,2019-12-31,test,hybrid_topology_fhs_scenario,0.94,0.1,1000,4385,5385,0.00932187780824014,0.0103355350820002,-1.1258589467821661e-05,0.0,0.0,0.0101814551936584
2019-12-31,2020-01-02,test,hybrid_topology_fhs_scenario,0.94,0.1,1000,4386,5386,0.009072259210466544,0.010231017046836955,-0.007462173200456413,0.0,0.0,0.017416204815220264
2020-01-02,2020-01-03,test,hybrid_topology_fhs_scenario,0.94,0.1,1000,4387,5387,0.009865116767078849,0.011243648617016629,0.0018702884003352072,0.0,0.0,0.009218974494931823
2020-01-03,2020-01-06,test,hybrid_topology_fhs_scenario,0.94,0.1,1000,4388,5388,0.009678750392867716,0.011120062378316644,-0.0018585318833741927,0.0,0.0,0.012769502227910986
2020-01-06,2020-01-07,test,hybrid_topology_fhs_scenario,0.94,0.1,1000,4389,5389,0.009651470139191187,0.01101885723620229,0.0022622723497982113,0.0,0.0,0.008611562242137908
2020-01-07,2020-01-08,test,hybrid_topology_fhs_scenario,0.94,0.1,1000,4390,5390,0.009651470139191187,0.010952885906063541,-0.002262711595491273,0.0,0.0,0.01300434938136277
2020-01-08,2020-01-09,test,hybrid_topology_fhs_scenario,0.94,0.1,1000,4391,5391,0.009596066885391701,0.010874143650529536,-0.004356685856157316,0.0,0.0,0.01498958629643517
2020-01-09,2020-01-10,test,hybrid_topology_fhs_scenario,0.94,0.1,1000,4392,5392,0.009629363613043016,0.01107768096609493,0.0008617310308176139,0.0,0.0,0.010048227512717637
2020-01-10,2020-01-13,test,hybrid_topology_fhs_scenario,0.94,0.1,1000,4393,5393,0.009577103655841412,0.010925163321067688,-0.003659026350579575,0.0,0.0,0.014351946229920292
2020-01-13,2020-01-14,test,hybrid_topology_fhs_scenario,0.94,0.1,1000,4394,5394,0.00960244633641243,0.011025516043081695,0.00012297312504248035,0.0,0.0,0.010724774077201935
2020-01-14,2020-01-15,test,hybrid_topology_fhs_scenario,0.94,0.1,1000,4395,5395,0.009561391134400027,0.010885149861860679,-0.0023619371177004745,0.0,0.0,0.013035143087593128
2020-01-15,2020-01-16,test,hybrid_topology_fhs_scenario,0.94,0.1,1000,4396,5396,0.009470390839216471,0.010806366693042545,-0.004166703219252321,0.0,0.0,0.014735114105072182
2020-01-16,2020-01-17,test,hybrid_topology_fhs_scenario,0.94,0.1,1000,4397,5397,0.00960244633641243,0.011028791307551748,-0.0015443058962356646,0.0,0.0,0.012370237296019208
2020-01-17,2020-01-21,test,hybrid_topology_fhs_scenario,0.94,0.1,1000,4398,5398,0.009577103655841412,0.010866579149147904,-0.00040669131712005617,0.0,0.0,0.011091276654340875
2020-01-21,2020-01-22,test,hybrid_topology_fhs_scenario,0.94,0.1,1000,4399,5399,0.009375203578515111,0.01068472457618369,-0.00014381132046352717,0.0,0.0,0.010653012648220824
2020-01-22,2020-01-23,test,hybrid_topology_fhs_scenario,0.94,0.1,1000,4400,5400,0.009322243757514403,0.010563540130013286,-0.00169048856565186,0.0,0.0,0.012057805301505181
2020-01-23,2020-01-24,test,hybrid_topology_fhs_scenario,0.94,0.1,1000,4401,5401,0.009577103655841412,0.01067641317861173,0.003907952835327788,0.0,0.0,0.00665594034290698
2020-01-24,2020-01-27,test,hybrid_topology_fhs_scenario,0.94,0.1,1000,4402,5402,0.009842525127251825,0.010834069559056327,0.00691392556784085,0.0,0.0,0.0038514263870291997
2020-01-27,2020-01-28,test,hybrid_topology_fhs_scenario,0.94,0.1,1000,4403,5403,0.010536272097174034,0.011689068386854327,-0.0049448607641847,0.0,0.0,0.01637289225087664
2020-01-28,2020-01-29,test,hybrid_topology_fhs_scenario,0.94,0.1,1000,4404,5404,0.010619340051989596,0.01188971308163304,-0.0014189482069164152,0.0,0.0,0.013096327638924777
2020-01-29,2020-01-30,test,hybrid_topology_fhs_scenario,0.94,0.1,1000,4405,5405,0.010421116649146134,0.011737060308400347,-0.0023350012446794466,0.0,0.0,0.013847821193191055
2020-01-30,2020-01-31,test,hybrid_topology_fhs_scenario,0.94,0.1,1000,4406,5406,0.010421116649146134,0.011629860293788648,0.008885271732190291,0.0,0.0,0.0026913322967279567
2020-01-31,2020-02-03,test,hybrid_topology_fhs_scenario,0.94,0.1,1000,4407,5407,0.01166995358106655,0.012933335864509714,-0.004116239088863338,0.0,0.0,0.016781197506238025
2020-02-03,2020-02-04,test,hybrid_topology_fhs_scenario,0.94,0.1,1000,4408,5408,0.011661517817814148,0.012895000533703757,-0.006824856130078727,0.0,0.0,0.01941172398666685
2020-02-04,2020-02-05,test,hybrid_topology_fhs_scenario,0.94,0.1,1000,4409,5409,0.012012841182822276,0.01345540498883137,-0.005196433206255069,0.0,0.0,0.01835763498410005
2020-02-05,2020-02-06,test,hybrid_topology_fhs_scenario,0.94,0.1,1000,4410,5410,0.012185784012049764,0.013647241347137325,-0.00230299136451344,0.0,0.0,0.015696364647625128
2020-02-06,2020-02-07,test,hybrid_topology_fhs_scenario,0.94,0.1,1000,4411,5411,0.011743263855039607,0.01315154554636526,0.0012816058810697804,0.0,0.0,0.01167780775340279
2020-02-07,2020-02-10,test,hybrid_topology_fhs_scenario,0.94,0.1,1000,4412,5412,0.01160655332902672,0.012888224670098905,-0.005256191574294444,0.0,0.0,0.017859433287316727
2020-02-10,2020-02-11,test,hybrid_topology_fhs_scenario,0.94,0.1,1000,4413,5413,0.011836518769092173,0.013031901002714947,-8.79809050856826e-05,0.0,0.0,0.012911129856847392
2020-02-11,2020-02-12,test,hybrid_topology_fhs_scenario,0.94,0.1,1000,4414,5414,0.011476107559241592,0.012577969255300641,-0.002840871679891421,0.0,0.0,0.01517653970420359
2020-02-12,2020-02-13,test,hybrid_topology_fhs_scenario,0.94,0.1,1000,4415,5415,0.01105436389738049,0.012394974668325679,0.00028554415747947807,0.0,0.0,0.011914382945474056
2020-02-13,2020-02-14,test,hybrid_topology_fhs_scenario,0.94,0.1,1000,4416,5416,0.010803682454106015,0.011805238777365765,-0.0019519587238546964,0.0,0.0,0.013540823975469558
2020-02-14,2020-02-18,test,hybrid_topology_fhs_scenario,0.94,0.1,1000,4417,5417,0.010516095478218614,0.01148807492108972,0.0009104354658536539,0.0,0.0,0.010409255068978813
2020-02-18,2020-02-19,test,hybrid_topology_fhs_scenario,0.94,0.1,1000,4418,5418,0.010265253551394708,0.011128247684626159,-0.002797932679685866,0.0,0.0,0.013708657717515029
2020-02-19,2020-02-20,test,hybrid_topology_fhs_scenario,0.94,0.1,1000,4419,5419,0.010150491147160637,0.010999690793620944,0.0013014588564735916,0.0,0.0,0.009544266461625539
2020-02-20,2020-02-21,test,hybrid_topology_fhs_scenario,0.94,0.1,1000,4420,5420,0.009919638782394671,0.010820472832963232,0.004561719033768585,0.0,0.0,0.006155864151701042
2020-02-21,2020-02-24,test,hybrid_topology_fhs_scenario,0.94,0.1,1000,4421,5421,0.010120633565280666,0.011027261664455038,0.01678319887093158,1.0,1.0,0.012351876859070946
2020-02-24,2020-02-25,test,hybrid_topology_fhs_scenario,0.94,0.1,1000,4422,5422,0.014752228239460105,0.015794365770468513,0.017069952411228016,1.0,1.0,0.003570133570809735
2020-02-25,2020-02-26,test,hybrid_topology_fhs_scenario,0.94,0.1,1000,4423,5423,0.01841694690227348,0.01970297301670706,0.0024145228170906695,0.0,0.0,0.017016263185477814
2020-02-26,2020-02-27,test,hybrid_topology_fhs_scenario,0.94,0.1,1000,4424,5424,0.017989193076292483,0.019310969507994196,0.02500584869349653,1.0,1.0,0.012641368246534343
2020-02-27,2020-02-28,test,hybrid_topology_fhs_scenario,0.94,0.1,1000,4425,5425,0.023905456505943824,0.025968176326184866,-0.0019631639547524676,0.0,0.0,0.027491742978520865
2020-02-28,2020-03-02,test,hybrid_topology_fhs_scenario,0.94,0.1,1000,4426,5426,0.023416293210047158,0.025274245589079782,-0.02571078433646545,0.0,0.0,0.05020167495287173
2020-03-02,2020-03-03,test,hybrid_topology_fhs_scenario,0.94,0.1,1000,4427,5427,0.028562706045890368,0.030586780021292236,0.012531496050947319,0.0,0.0,0.017764213971035725
2020-03-03,2020-03-04,test,hybrid_topology_fhs_scenario,0.94,0.1,1000,4428,5428,0.028952425600530952,0.030991403542805225,-0.02434163900584969,0.0,0.0,0.054482657131002345
2020-03-04,2020-03-05,test,hybrid_topology_fhs_scenario,0.94,0.1,1000,4429,5429,0.03251477845991066,0.03480632990585309,0.016390129035753608,0.0,0.0,0.01811704234258857
2020-03-05,2020-03-06,test,hybrid_topology_fhs_scenario,0.94,0.1,1000,4430,5430,0.033404448073986355,0.03573417910060812,0.0058576460241463344,0.0,0.0,0.029405087770048636
2020-03-06,2020-03-09,test,hybrid_topology_fhs_scenario,0.94,0.1,1000,4431,5431,0.032626652613493325,0.03494647901037451,0.04326894770528184,1.0,1.0,0.018858340835777965
2020-03-09,2020-03-10,test,hybrid_topology_fhs_scenario,0.94,0.1,1000,4432,5432,0.04265709875029843,0.045796103032740794,-0.023704405095474754,0.0,0.0,0.06842661046346789
2020-03-10,2020-03-11,test,hybrid_topology_fhs_scenario,0.94,0.1,1000,4433,5433,0.04428784457800055,0.047455203627144026,0.03324104754863453,0.0,0.0,0.013969270146840419
2020-03-11,2020-03-12,test,hybrid_topology_fhs_scenario,0.94,0.1,1000,4434,5434,0.048281416413362845,0.051764732219550025,0.05720272624754445,1.0,1.0,0.014270090763834219
2020-03-12,2020-03-13,test,hybrid_topology_fhs_scenario,0.94,0.1,1000,4435,5435,0.06040560598215334,0.06474265544752751,-0.04868403020351049,0.0,0.0,0.11168191487161869
2020-03-13,2020-03-16,test,hybrid_topology_fhs_scenario,0.94,0.1,1000,4436,5436,0.06697539562775662,0.0717352766729908,0.05508748679548059,0.0,0.0,0.016350474218895218
2020-03-16,2020-03-17,test,hybrid_topology_fhs_scenario,0.94,0.1,1000,4437,5437,0.07462146858154212,0.07991013466077797,-0.02236620110179079,0.0,0.0,0.10068930406533787
2020-03-17,2020-03-18,test,hybrid_topology_fhs_scenario,0.94,0.1,1000,4438,5438,0.07387219368904685,0.07910775622069395,0.03593202786777047,0.0,0.0,0.04247573680231315
2020-03-18,2020-03-19,test,hybrid_topology_fhs_scenario,0.94,0.1,1000,4439,5439,0.07553019994888222,0.08088327077448587,-0.0025876794516931146,0.0,0.0,0.08216535526453027
2020-03-19,2020-03-20,test,hybrid_topology_fhs_scenario,0.94,0.1,1000,4440,5440,0.07324960932190112,0.07844104727537285,0.015665666370809614,0.0,0.0,0.061781835811460066
2020-03-20,2020-03-23,test,hybrid_topology_fhs_scenario,0.94,0.1,1000,4441,5441,0.07178367707972252,0.07687121964931827,0.010606863944524857,0.0,0.0,0.06521951494352556
2020-03-23,2020-03-24,test,hybrid_topology_fhs_scenario,0.94,0.1,1000,4442,5442,0.06995597953845516,0.07491398724129815,-0.051641017813322684,0.0,0.0,0.12460709990177309
2020-03-24,2020-03-25,test,hybrid_topology_fhs_scenario,0.94,0.1,1000,4443,5443,0.07607992523646032,0.08147195688039922,-0.009215965068484345,0.0,0.0,0.08927368280321092
2020-03-25,2020-03-26,test,hybrid_topology_fhs_scenario,0.94,0.1,1000,4444,5444,0.07401824300546998,0.07926415652699095,-0.03600229198942259,0.0,0.0,0.11348499265345213
2020-03-26,2020-03-27,test,hybrid_topology_fhs_scenario,0.94,0.1,1000,4445,5445,0.07567936290537358,0.08104300539464548,0.01490697885127914,0.0,0.0,0.06509034972032313
2020-03-27,2020-03-30,test,hybrid_topology_fhs_scenario,0.94,0.1,1000,4446,5446,0.07404534360791673,0.07929317783723955,-0.020411331847530613,0.0,0.0,0.09815646369720536
2020-03-30,2020-03-31,test,hybrid_topology_fhs_scenario,0.94,0.1,1000,4447,5447,0.07307077488528772,0.07824953826083042,0.008217732328875503,0.0,0.0,0.06892954120922017
2020-03-31,2020-04-01,test,hybrid_topology_fhs_scenario,0.94,0.1,1000,4448,5448,0.07105673905568063,0.076092761164174,0.025374359594581453,0.0,0.0,0.04990726532496372
2020-04-01,2020-04-02,test,hybrid_topology_fhs_scenario,0.94,0.1,1000,4449,5449,0.07094313645641202,0.0759711071793634,-0.013911075751031898,0.0,0.0,0.08848367047920985
2020-04-02,2020-04-03,test,hybrid_topology_fhs_scenario,0.94,0.1,1000,4450,5450,0.06940574283518879,0.07425114777336055,0.00837722120574882,0.0,0.0,0.06483736361971583
2020-04-03,2020-04-06,test,hybrid_topology_fhs_scenario,0.94,0.1,1000,4451,5451,0.0675232480056636,0.0722432261711473,-0.03849544985597664,0.0,0.0,0.10903039610506224
2020-04-06,2020-04-07,test,hybrid_topology_fhs_scenario,0.94,0.1,1000,4452,5452,0.07032745150013742,0.07531178662859238,0.0011677609036419233,0.0,0.0,0.07298202198779165
2020-04-07,2020-04-08,test,hybrid_topology_fhs_scenario,0.94,0.1,1000,4453,5453,0.06818944833911753,0.07295377760323497,-0.01964446731656322,0.0,0.0,0.09116162795336005
2020-04-08,2020-04-09,test,hybrid_topology_fhs_scenario,0.94,0.1,1000,4454,5454,0.06739968476533623,0.07211138755121131,-0.0099922253084185,0.0,0.0,0.0808249416388766
2020-04-09,2020-04-13,test,hybrid_topology_fhs_scenario,0.94,0.1,1000,4455,5455,0.06568585132222422,0.07028337185761814,0.00633804787166583,0.0,0.0,0.06294016892080907
2020-04-13,2020-04-14,test,hybrid_topology_fhs_scenario,0.94,0.1,1000,4456,5456,0.06382513333963463,0.06829869025629193,-0.01822603630453652,0.0,0.0,0.08518212009324944
2020-04-14,2020-04-15,test,hybrid_topology_fhs_scenario,0.94,0.1,1000,4457,5457,0.06306508481793213,0.0674880010897076,0.009174242872762937,0.0,0.0,0.057394822680972735
2020-04-15,2020-04-16,test,hybrid_topology_fhs_scenario,0.94,0.1,1000,4458,5458,0.061449698221129584,0.06576499905726622,-0.003321092689546479,0.0,0.0,0.06800664736224914
2020-04-16,2020-04-17,test,hybrid_topology_fhs_scenario,0.94,0.1,1000,4459,5459,0.059618912609615896,0.063812253016193,-0.01516047663574578,0.0,0.0,0.07774620530309394
2020-04-17,2020-04-20,test,hybrid_topology_fhs_scenario,0.94,0.1,1000,4460,5460,0.05868163302138734,0.06281253348451352,0.009519240310590727,0.0,0.0,0.052452584771682687
2020-04-20,2020-04-21,test,hybrid_topology_fhs_scenario,0.94,0.1,1000,4461,5461,0.05724759948705368,0.061346645879897695,0.01710392810359842,0.0,0.0,0.04353808654572634
2020-04-21,2020-04-22,test,hybrid_topology_fhs_scenario,0.94,0.1,1000,4462,5462,0.05666539287423643,0.06072686952489342,-0.012075207661568754,0.0,0.0,0.07166943126215866
2020-04-22,2020-04-23,test,hybrid_topology_fhs_scenario,0.94,0.1,1000,4463,5463,0.055527122464612604,0.059515167864390935,-0.00021874889667987675,0.0,0.0,0.05879802755565696
2020-04-23,2020-04-24,test,hybrid_topology_fhs_scenario,0.94,0.1,1000,4464,5464,0.05383574059225765,0.05759732424976791,-0.00846164612902065,0.0,0.0,0.06503046998653164
2020-04-24,2020-04-27,test,hybrid_topology_fhs_scenario,0.94,0.1,1000,4465,5465,0.05250032696047306,0.05617860572192135,-0.006522447611496141,0.0,0.0,0.061723754745801745
2020-04-27,2020-04-28,test,hybrid_topology_fhs_scenario,0.94,0.1,1000,4466,5466,0.051086770392430036,0.054735195584417806,0.0010141290633919552,0.0,0.0,0.05287876627129059
2020-04-28,2020-04-29,test,hybrid_topology_fhs_scenario,0.94,0.1,1000,4467,5467,0.049535086128922406,0.05309001285642088,-0.015510365907795531,0.0,0.0,0.06753582381547817
2020-04-29,2020-04-30,test,hybrid_topology_fhs_scenario,0.94,0.1,1000,4468,5468,0.049129073495785595,0.052659527162010084,0.00653750262384194,0.0,0.0,0.045394889633433376
2020-04-30,2020-05-01,test,hybrid_topology_fhs_scenario,0.94,0.1,1000,4469,5469,0.04783183389601361,0.051284130786281905,0.015331200606581328,0.0,0.0,0.03537911325810238
2020-05-01,2020-05-04,test,hybrid_topology_fhs_scenario,0.94,0.1,1000,4470,5470,0.04749015031569034,0.05092185617722122,-0.0017206583191804903,0.0,0.0,0.05181855972034037
2020-05-04,2020-05-05,test,hybrid_topology_fhs_scenario,0.94,0.1,1000,4471,5471,0.04605772864253482,0.04940314737215493,-0.005248001932712265,0.0,0.0,0.05379792787799798
2020-05-05,2020-05-06,test,hybrid_topology_fhs_scenario,0.94,0.1,1000,4472,5472,0.04485081879774431,0.04806095294191399,0.005547117647138999,0.0,0.0,0.04184402642391166
2020-05-06,2020-05-07,test,hybrid_topology_fhs_scenario,0.94,0.1,1000,4473,5473,0.04364221957901569,0.046781249096118,-0.009682681362880217,0.0,0.0,0.055585581206942215
2020-05-07,2020-05-08,test,hybrid_topology_fhs_scenario,0.94,0.1,1000,4474,5474,0.04280465560158014,0.045894414852607285,-0.00861520435122598,0.0,0.0,0.05366107732326549
2020-05-08,2020-05-11,test,hybrid_topology_fhs_scenario,0.94,0.1,1000,4475,5475,0.04189814005919932,0.04493457766019475,0.0009959008175619121,0.0,0.0,0.043249232313983386
2020-05-11,2020-05-12,test,hybrid_topology_fhs_scenario,0.94,0.1,1000,4476,5476,0.0406272060477831,0.04354559910902759,0.010638546014935633,0.0,0.0,0.03238426336706813
2020-05-12,2020-05-13,test,hybrid_topology_fhs_scenario,0.94,0.1,1000,4477,5477,0.04002605464848873,0.04291162261755187,0.009789226723961918,0.0,0.0,0.03259670427549547
2020-05-13,2020-05-14,test,hybrid_topology_fhs_scenario,0.94,0.1,1000,4478,5478,0.039354292816130725,0.0422031847002835,-0.007804341718713114,0.0,0.0,0.04922892460387014
2020-05-14,2020-05-15,test,hybrid_topology_fhs_scenario,0.94,0.1,1000,4479,5479,0.03851023470932909,0.04131304839725295,-0.0024958444378119,0.0,0.0,0.04312373130565964
2020-05-15,2020-05-18,test,hybrid_topology_fhs_scenario,0.94,0.1,1000,4480,5480,0.03737429695931786,0.040115103632071825,-0.015815799645621676,0.0,0.0,0.05506453166180055
2020-05-18,2020-05-19,test,hybrid_topology_fhs_scenario,0.94,0.1,1000,4481,5481,0.03774584024214873,0.04057108506896003,0.005040514691516873,0.0,0.0,0.0349693593735134
2020-05-19,2020-05-20,test,hybrid_topology_fhs_scenario,0.94,0.1,1000,4482,5482,0.03675066079460742,0.03944346169983119,-0.010291662354591447,0.0,0.0,0.04896216918455406
2020-05-20,2020-05-21,test,hybrid_topology_fhs_scenario,0.94,0.1,1000,4483,5483,0.0362888559033133,0.03895839580285831,0.003879279614237174,0.0,0.0,0.03452623404679637
2020-05-21,2020-05-22,test,hybrid_topology_fhs_scenario,0.94,0.1,1000,4484,5484,0.03558570206630561,0.03789739218593106,-0.001895853745908038,0.0,0.0,0.039173230341665255
2020-05-22,2020-05-26,test,hybrid_topology_fhs_scenario,0.94,0.1,1000,4485,5485,0.03452528109553085,0.03679316613134941,-0.0063418610555731275,0.0,0.0,0.04246532292876051
2020-05-26,2020-05-27,test,hybrid_topology_fhs_scenario,0.94,0.1,1000,4486,5486,0.03345431990280715,0.035985059547215,-0.009256742161828457,0.0,0.0,0.044537867286963725
2020-05-27,2020-05-28,test,hybrid_topology_fhs_scenario,0.94,0.1,1000,4487,5487,0.0330198550755701,0.03552967394629221,0.0014688354584666552,0.0,0.0,0.03352482772180095
2020-05-28,2020-05-29,test,hybrid_topology_fhs_scenario,0.94,0.1,1000,4488,5488,0.032307669167803595,0.034491080427214174,-0.003956981156155193,0.0,0.0,0.03784950654702472
2020-05-29,2020-06-01,test,hybrid_topology_fhs_scenario,0.94,0.1,1000,4489,5489,0.031436822938174014,0.03358617893802792,-0.0022672909854132063,0.0,0.0,0.03529417431459097
2020-06-01,2020-06-02,test,hybrid_topology_fhs_scenario,0.94,0.1,1000,4490,5490,0.030517429482299567,0.032599341577985656,-0.004311132159067066,0.0,0.0,0.036335997510040074
2020-06-02,2020-06-03,test,hybrid_topology_fhs_scenario,0.94,0.1,1000,4491,5491,0.029730133581651216,0.0318170396795609,-0.005616016626145503,0.0,0.0,0.03685069140014171
2020-06-03,2020-06-04,test,hybrid_topology_fhs_scenario,0.94,0.1,1000,4492,5492,0.029071994330284737,0.03110650582921794,0.003164772735322785,0.0,0.0,0.027502261982497393
2020-06-04,2020-06-05,test,hybrid_topology_fhs_scenario,0.94,0.1,1000,4493,5493,0.02826696964503746,0.03028128364323961,-0.013383898694489903,0.0,0.0,0.04299006146268155
2020-06-05,2020-06-08,test,hybrid_topology_fhs_scenario,0.94,0.1,1000,4494,5494,0.028852789649180314,0.030881067182296638,-0.007686647834821736,0.0,0.0,0.03796891651653043
2020-06-08,2020-06-09,test,hybrid_topology_fhs_scenario,0.94,0.1,1000,4495,5495,0.02844968932810146,0.030505793161563398,0.003039539464387375,0.0,0.0,0.02703369885338376
2020-06-09,2020-06-10,test,hybrid_topology_fhs_scenario,0.94,0.1,1000,4496,5496,0.027887539398209992,0.03000069373407945,0.00035608707013095025,0.0,0.0,0.029178806020630572
2020-06-10,2020-06-11,test,hybrid_topology_fhs_scenario,0.94,0.1,1000,4497,5497,0.027126578376622818,0.02915492532070876,0.03317069062011721,1.0,1.0,0.009999436420467899
2020-06-11,2020-06-12,test,hybrid_topology_fhs_scenario,0.94,0.1,1000,4498,5498,0.03429349056628841,0.036718902502224655,-0.006297789883457172,0.0,0.0,0.04234718788053724
2020-06-12,2020-06-15,test,hybrid_topology_fhs_scenario,0.94,0.1,1000,4499,5499,0.03351872521171074,0.0359150822457815,-0.005272015730146861,0.0,0.0,0.04054532793594872
2020-06-15,2020-06-16,test,hybrid_topology_fhs_scenario,0.94,0.1,1000,4500,5500,0.03270266927751647,0.034986704895563714,-0.010723884927931948,0.0,0.0,0.045002090619962756
2020-06-16,2020-06-17,test,hybrid_topology_fhs_scenario,0.94,0.1,1000,4501,5501,0.03252067307877566,0.034798545780955946,0.0018643926763082905,0.0,0.0,0.03241736208105614
2020-06-17,2020-06-18,test,hybrid_topology_fhs_scenario,0.94,0.1,1000,4502,5502,0.031555019144491346,0.03380013993874084,-0.0011220021552297067,0.0,0.0,0.0343758587546185
2020-06-18,2020-06-19,test,hybrid_topology_fhs_scenario,0.94,0.1,1000,4503,5503,0.030845282925648376,0.03290954949639735,0.003297358959150354,0.0,0.0,0.0291473650134808
2020-06-19,2020-06-22,test,hybrid_topology_fhs_scenario,0.94,0.1,1000,4504,5504,0.029989473288421054,0.03207014879888903,-0.0034870921716271043,0.0,0.0,0.03500307560085371
2020-06-22,2020-06-23,test,hybrid_topology_fhs_scenario,0.94,0.1,1000,4505,5505,0.029172315531981224,0.031202843606781393,-0.0026305615865800827,0.0,0.0,0.033305598834713054
2020-06-23,2020-06-24,test,hybrid_topology_fhs_scenario,0.94,0.1,1000,4506,5506,0.028340066894361686,0.03036554334305069,0.014547311454507494,0.0,0.0,0.015560703645728157
2020-06-24,2020-06-25,test,hybrid_topology_fhs_scenario,0.94,0.1,1000,4507,5507,0.029296168336376355,0.031280019241596124,-0.006498126456731068,0.0,0.0,0.037191635003800086
2020-06-25,2020-06-26,test,hybrid_topology_fhs_scenario,0.94,0.1,1000,4508,5508,0.028654482577703446,0.030659690039596905,0.013165857876681985,0.0,0.0,0.01721137260585226
2020-06-26,2020-06-29,test,hybrid_topology_fhs_scenario,0.94,0.1,1000,4509,5509,0.02918722703863604,0.031194140541162357,-0.00921214212698178,0.0,0.0,0.03978011929309671
2020-06-29,2020-06-30,test,hybrid_topology_fhs_scenario,0.94,0.1,1000,4510,5510,0.02898250988826945,0.031019738911151413,-0.006964779498932039,0.0,0.0,0.03739437834370338
2020-06-30,2020-07-01,test,hybrid_topology_fhs_scenario,0.94,0.1,1000,4511,5511,0.028587790179233914,0.030644759335320924,-0.003578545813394784,0.0,0.0,0.03368938587992411
2020-07-01,2020-07-02,test,hybrid_topology_fhs_scenario,0.94,0.1,1000,4512,5512,0.02782409965856979,0.029888060182268347,-0.003798011584604488,0.0,0.0,0.03316014108513275
2020-07-02,2020-07-06,test,hybrid_topology_fhs_scenario,0.94,0.1,1000,4513,5513,0.027179987149520368,0.029125637184995952,-0.008670771402227028,0.0,0.0,0.037210005958059886
2020-07-06,2020-07-07,test,hybrid_topology_fhs_scenario,0.94,0.1,1000,4514,5514,0.02707472300053176,0.02896539016348165,0.004904833705214395,0.0,0.0,0.023680741439763744
2020-07-07,2020-07-08,test,hybrid_topology_fhs_scenario,0.94,0.1,1000,4515,5515,0.02646437673320377,0.02837267140551671,-0.003965953153919788,0.0,0.0,0.03183446224432182
2020-07-08,2020-07-09,test,hybrid_topology_fhs_scenario,0.94,0.1,1000,4516,5516,0.025801796650830697,0.027732078735646447,0.002134250660157377,0.0,0.0,0.025194557833508574
2020-07-09,2020-07-10,test,hybrid_topology_fhs_scenario,0.94,0.1,1000,4517,5517,0.02520923167677899,0.02712653751024026,-0.005340162576855922,0.0,0.0,0.031960526527455124
2020-07-10,2020-07-13,test,hybrid_topology_fhs_scenario,0.94,0.1,1000,4518,5518,0.024717151702692945,0.026658217545972036,0.004768712599821833,0.0,0.0,0.02154175171352516
2020-07-13,2020-07-14,test,hybrid_topology_fhs_scenario,0.94,0.1,1000,4519,5519,0.024188768778967123,0.02601991313650924,-0.007742622822574407,0.0,0.0,0.033237786476121974
2020-07-14,2020-07-15,test,hybrid_topology_fhs_scenario,0.94,0.1,1000,4520,5520,0.024052057845606316,0.026003385693140958,-0.005381310363561598,0.0,0.0,0.03089441233737667
2020-07-15,2020-07-16,test,hybrid_topology_fhs_scenario,0.94,0.1,1000,4521,5521,0.02363205674635818,0.02547022601081123,0.0016811152298236598,0.0,0.0,0.023413892426628224
2020-07-16,2020-07-17,test,hybrid_topology_fhs_scenario,0.94,0.1,1000,4522,5522,0.022964422041698566,0.024904897804598997,-0.001641256797608026,0.0,0.0,0.026128557525544913
2020-07-17,2020-07-20,test,hybrid_topology_fhs_scenario,0.94,0.1,1000,4523,5523,0.0222936888900582,0.024151398480378925,-0.0051112512469009275,0.0,0.0,0.028805132885467447
2020-07-20,2020-07-21,test,hybrid_topology_fhs_scenario,0.94,0.1,1000,4524,5524,0.021861384638730084,0.02351031071615666,-0.0017020085484851675,0.0,0.0,0.024817645214897936
2020-07-21,2020-07-22,test,hybrid_topology_fhs_scenario,0.94,0.1,1000,4525,5525,0.021245196526576568,0.022853392233376606,-0.0035463612131866108,0.0,0.0,0.02598767518779677
2020-07-22,2020-07-23,test,hybrid_topology_fhs_scenario,0.94,0.1,1000,4526,5526,0.020763636619743234,0.02239403848230216,0.006766333740959118,0.0,0.0,0.015376985151597307
2020-07-23,2020-07-24,test,hybrid_topology_fhs_scenario,0.94,0.1,1000,4527,5527,0.02066673926657302,0.022301210188564912,0.004060540312078342,0.0,0.0,0.017950715119119356
2020-07-24,2020-07-27,test,hybrid_topology_fhs_scenario,0.94,0.1,1000,4528,5528,0.020232580009014577,0.021885625615961832,-0.0037542988239988692,0.0,0.0,0.025238795117291817
2020-07-27,2020-07-28,test,hybrid_topology_fhs_scenario,0.94,0.1,1000,4529,5529,0.019786954080948167,0.021463098345835954,0.0028558127461757233,0.0,0.0,0.01831141487301645
2020-07-28,2020-07-29,test,hybrid_topology_fhs_scenario,0.94,0.1,1000,4530,5530,0.019363744379324803,0.020990340054524336,-0.007902078103020304,0.0,0.0,0.028442765928429474
2020-07-29,2020-07-30,test,hybrid_topology_fhs_scenario,0.94,0.1,1000,4531,5531,0.019524328404200597,0.021171965630780387,0.0015860861461198582,0.0,0.0,0.01927561492012482
2020-07-30,2020-07-31,test,hybrid_topology_fhs_scenario,0.94,0.1,1000,4532,5532,0.018993827863106088,0.020644329416866995,-0.004838898762707356,0.0,0.0,0.025084474741343125
2020-07-31,2020-08-03,test,hybrid_topology_fhs_scenario,0.94,0.1,1000,4533,5533,0.018923047108695603,0.020365750456828695,-0.00397575441725424,0.0,0.0,0.02396195526749036
2020-08-03,2020-08-04,test,hybrid_topology_fhs_scenario,0.94,0.1,1000,4534,5534,0.018557211688229453,0.020051037045427544,-0.0036875209460354606,0.0,0.0,0.02336754136801908
2020-08-04,2020-08-05,test,hybrid_topology_fhs_scenario,0.94,0.1,1000,4535,5535,0.01833653307708909,0.019856808222392927,-0.0023936849257731206,0.0,0.0,0.02190153299949052
2020-08-05,2020-08-06,test,hybrid_topology_fhs_scenario,0.94,0.1,1000,4536,5536,0.017912582762718163,0.01943630946993601,-0.0044675223816767135,0.0,0.0,0.023530037106766353
2020-08-06,2020-08-07,test,hybrid_topology_fhs_scenario,0.94,0.1,1000,4537,5537,0.01765384384031907,0.019238211329972513,0.0004163551613380889,0.0,0.0,0.018523684651208374
2020-08-07,2020-08-10,test,hybrid_topology_fhs_scenario,0.94,0.1,1000,4538,5538,0.017200817061114874,0.01876037272596675,-0.0013690609503669736,0.0,0.0,0.0198118966145402
2020-08-10,2020-08-11,test,hybrid_topology_fhs_scenario,0.94,0.1,1000,4539,5539,0.016705353395697443,0.018303422884135702,0.006325456219897152,0.0,0.0,0.011782316469390588
2020-08-11,2020-08-12,test,hybrid_topology_fhs_scenario,0.94,0.1,1000,4540,5540,0.01687168491909303,0.018457804815329448,-0.007184836102599988,0.0,0.0,0.025242140105198128
2020-08-12,2020-08-13,test,hybrid_topology_fhs_scenario,0.94,0.1,1000,4541,5541,0.017086439971327635,0.018694995063571463,0.001906714252154873,0.0,0.0,0.016520371048322904
2020-08-13,2020-08-14,test,hybrid_topology_fhs_scenario,0.94,0.1,1000,4542,5542,0.016948934747927087,0.01876136955334553,-0.0002156688463660572,0.0,0.0,0.018674258475661724
2020-08-14,2020-08-17,test,hybrid_topology_fhs_scenario,0.94,0.1,1000,4543,5543,0.01652062112545907,0.018348342059496463,-0.0025647332660025056,0.0,0.0,0.02058110198627611
2020-08-17,2020-08-18,test,hybrid_topology_fhs_scenario,0.94,0.1,1000,4544,5544,0.01625531774680962,0.01803005374874955,-0.001986822993185022,0.0,0.0,0.019698876230786155
2020-08-18,2020-08-19,test,hybrid_topology_fhs_scenario,0.94,0.1,1000,4545,5545,0.015827941637772406,0.017444359249970454,0.003023520639730215,0.0,0.0,0.014188361854964655
2020-08-19,2020-08-20,test,hybrid_topology_fhs_scenario,0.94,0.1,1000,4546,5546,0.015676435882826387,0.017169369280785506,-0.003018702685672059,0.0,0.0,0.019870321552981112
2020-08-20,2020-08-21,test,hybrid_topology_fhs_scenario,0.94,0.1,1000,4547,5547,0.0151977839178565,0.016935367926257026,-0.0024232838438431156,0.0,0.0,0.019050896153464635
2020-08-21,2020-08-24,test,hybrid_topology_fhs_scenario,0.94,0.1,1000,4548,5548,0.015072440277179066,0.016656117765972245,-0.005523145303775711,0.0,0.0,0.021830737348813804
2020-08-24,2020-08-25,test,hybrid_topology_fhs_scenario,0.94,0.1,1000,4549,5549,0.014954604255891265,0.0165149583686335,-0.0011484450093540485,0.0,0.0,0.01738284878619031
2020-08-25,2020-08-26,test,hybrid_topology_fhs_scenario,0.94,0.1,1000,4550,5550,0.01492741712783133,0.01651689787165049,-0.005850975670390701,0.0,0.0,0.022016460631472386
2020-08-26,2020-08-27,test,hybrid_topology_fhs_scenario,0.94,0.1,1000,4551,5551,0.015072440277179066,0.016685275256975985,0.00010253628015504139,0.0,0.0,0.01631786954237066
2020-08-27,2020-08-28,test,hybrid_topology_fhs_scenario,0.94,0.1,1000,4552,5552,0.014547311454507494,0.016262657051897993,-0.004535664577822906,0.0,0.0,0.02046919334930118
2020-08-28,2020-08-31,test,hybrid_topology_fhs_scenario,0.94,0.1,1000,4553,5553,0.01454322189427988,0.01616291882658719,0.0017447388392451523,0.0,0.0,0.014185710318208833
2020-08-31,2020-09-01,test,hybrid_topology_fhs_scenario,0.94,0.1,1000,4554,5554,0.01425178017122383,0.015867192732461958,-0.006962002725689675,0.0,0.0,0.022470603400666974
2020-09-01,2020-09-02,test,hybrid_topology_fhs_scenario,0.94,0.1,1000,4555,5555,0.014547311454507494,0.016435609111911817,-0.009236763039643402,0.0,0.0,0.02526840359270785
2020-09-02,2020-09-03,test,hybrid_topology_fhs_scenario,0.94,0.1,1000,4556,5556,0.015521900637681047,0.017371482664022986,0.020124028315750997,1.0,1.0,0.007308652053017261
2020-09-03,2020-09-04,test,hybrid_topology_fhs_scenario,0.94,0.1,1000,4557,5557,0.02044471046682795,0.02206116417366943,0.007125705764582824,0.0,0.0,0.014695261995881894
2020-09-04,2020-09-08,test,hybrid_topology_fhs_scenario,0.94,0.1,1000,4558,5558,0.020462617991765634,0.022017044347888558,0.015537371760998364,0.0,0.0,0.006366933234525611
2020-09-08,2020-09-09,test,hybrid_topology_fhs_scenario,0.94,0.1,1000,4559,5559,0.022129420334540552,0.02407403897050811,-0.01165090220390228,0.0,0.0,0.03516962087043456
2020-09-09,2020-09-10,test,hybrid_topology_fhs_scenario,0.94,0.1,1000,4560,5560,0.022907318086711162,0.024853576842206432,0.009924827545999992,0.0,0.0,0.01468535546920839
2020-09-10,2020-09-11,test,hybrid_topology_fhs_scenario,0.94,0.1,1000,4561,5561,0.02315797849686506,0.02517855882313879,-0.0009294737652894903,0.0,0.0,0.02569620629633912
2020-09-11,2020-09-14,test,hybrid_topology_fhs_scenario,0.94,0.1,1000,4562,5562,0.02246167438226329,0.024348063510832768,-0.007542083928760324,0.0,0.0,0.031392931336713496
2020-09-14,2020-09-15,test,hybrid_topology_fhs_scenario,0.94,0.1,1000,4563,5563,0.02239210919368447,0.024174038790958478,-0.0028342460674553927,0.0,0.0,0.026585341289564926
2020-09-15,2020-09-16,test,hybrid_topology_fhs_scenario,0.94,0.1,1000,4564,5564,0.02179808341037996,0.023505573756799517,0.002610762559954605,0.0,0.0,0.020564314125428043
2020-09-16,2020-09-17,test,hybrid_topology_fhs_scenario,0.94,0.1,1000,4565,5565,0.021218105258339823,0.022941108131833105,0.005145724146609209,0.0,0.0,0.017511223196710606
2020-09-17,2020-09-18,test,hybrid_topology_fhs_scenario,0.94,0.1,1000,4566,5566,0.020954545658824927,0.022587637791909403,0.007269012753512305,0.0,0.0,0.015072514741490298
2020-09-18,2020-09-21,test,hybrid_topology_fhs_scenario,0.94,0.1,1000,4567,5567,0.020827041331629808,0.022246019184219024,0.005954459431935888,0.0,0.0,0.016032996577472994
2020-09-21,2020-09-22,test,hybrid_topology_fhs_scenario,0.94,0.1,1000,4568,5568,0.020466642370103177,0.021950115443257867,-0.006110532444407291,0.0,0.0,0.027624903438618634
2020-09-22,2020-09-23,test,hybrid_topology_fhs_scenario,0.94,0.1,1000,4569,5569,0.020173486274353673,0.02156459885573384,0.013914605456821771,0.0,0.0,0.007521332372114584
2020-09-23,2020-09-24,test,hybrid_topology_fhs_scenario,0.94,0.1,1000,4570,5570,0.021668726795924076,0.02313934618567989,-0.0017963144898114792,0.0,0.0,0.02454691957146144
2020-09-24,2020-09-25,test,hybrid_topology_fhs_scenario,0.94,0.1,1000,4571,5571,0.021089242663113204,0.02249624776735147,-0.010027977684745126,0.0,0.0,0.03202229201927277
2020-09-25,2020-09-28,test,hybrid_topology_fhs_scenario,0.94,0.1,1000,4572,5572,0.021342439130029,0.02287723457068831,-0.009900021358577015,0.0,0.0,0.032270249135919755
2020-09-28,2020-09-29,test,hybrid_topology_fhs_scenario,0.94,0.1,1000,4573,5573,0.021742592918606536,0.02329033376773469,0.002972511648198894,0.0,0.0,0.01999757737925148
2020-09-29,2020-09-30,test,hybrid_topology_fhs_scenario,0.94,0.1,1000,4574,5574,0.021175317047231582,0.022599588043624354,-0.0034684888940399445,0.0,0.0,0.025662813073635406
2020-09-30,2020-10-01,test,hybrid_topology_fhs_scenario,0.94,0.1,1000,4575,5575,0.020826575089549597,0.02221212659933041,-0.004078776844685672,0.0,0.0,0.025882684377258033
2020-10-01,2020-10-02,test,hybrid_topology_fhs_scenario,0.94,0.1,1000,4576,5576,0.020381539636279148,0.021735438826207848,0.006090816592008141,0.0,0.0,0.015396413908787421
2020-10-02,2020-10-05,test,hybrid_topology_fhs_scenario,0.94,0.1,1000,4577,5577,0.0200311013871987,0.02139737349183132,-0.008108747863354403,0.0,0.0,0.029049866813811612
2020-10-05,2020-10-06,test,hybrid_topology_fhs_scenario,0.94,0.1,1000,4578,5578,0.020176005667762037,0.021544495931957088,0.007603332480376479,0.0,0.0,0.01371836109716495
2020-10-06,2020-10-07,test,hybrid_topology_fhs_scenario,0.94,0.1,1000,4579,5579,0.020222179834349666,0.02159226300251553,-0.009289019797200914,0.0,0.0,0.030404362726039035
2020-10-07,2020-10-08,test,hybrid_topology_fhs_scenario,0.94,0.1,1000,4580,5580,0.020582497603177926,0.02196502811658684,-0.0060455204412379615,0.0,0.0,0.02757656502432334
2020-10-08,2020-10-09,test,hybrid_topology_fhs_scenario,0.94,0.1,1000,4581,5581,0.020184983980902172,0.02166249024799752,-0.005159779173605061,0.0,0.0,0.02640516031760759
2020-10-09,2020-10-12,test,hybrid_topology_fhs_scenario,0.94,0.1,1000,4582,5582,0.020044451502981425,0.021357222046151855,-0.010082438905062708,0.0,0.0,0.030954938331514636
2020-10-12,2020-10-13,test,hybrid_topology_fhs_scenario,0.94,0.1,1000,4583,5583,0.020595210987633505,0.021950470882342282,0.0030242376851204564,0.0,0.0,0.01862878710031641
2020-10-13,2020-10-14,test,hybrid_topology_fhs_scenario,0.94,0.1,1000,4584,5584,0.02007167501627939,0.021426435688562215,0.003638102801736309,0.0,0.0,0.01750796028680069
2020-10-14,2020-10-15,test,hybrid_topology_fhs_scenario,0.94,0.1,1000,4585,5585,0.019614250880612794,0.020952607828522787,0.0011696257462311844,0.0,0.0,0.019472853781578127
2020-10-15,2020-10-16,test,hybrid_topology_fhs_scenario,0.94,0.1,1000,4586,5586,0.019033071790054843,0.0203189208375247,0.0005935977102933032,0.0,0.0,0.019416584789848226
2020-10-16,2020-10-19,test,hybrid_topology_fhs_scenario,0.94,0.1,1000,4587,5587,0.018663885908451056,0.019930005192103212,0.009781800103875636,0.0,0.0,0.00998332081906764
2020-10-19,2020-10-20,test,hybrid_topology_fhs_scenario,0.94,0.1,1000,4588,5588,0.019065747197117386,0.020345261908662995,-0.0015444388039187462,0.0,0.0,0.02154856005477756
2020-10-20,2020-10-21,test,hybrid_topology_fhs_scenario,0.94,0.1,1000,4589,5589,0.018520626385092755,0.01975821177226864,0.0016657723393277424,0.0,0.0,0.017808676987575024
2020-10-21,2020-10-22,test,hybrid_topology_fhs_scenario,0.94,0.1,1000,4590,5590,0.017985297060088116,0.019200842700177287,-0.0018986129863006072,0.0,0.0,0.020770808394779832
2020-10-22,2020-10-23,test,hybrid_topology_fhs_scenario,0.94,0.1,1000,4591,5591,0.01749034656587178,0.018699625893945564,-0.002602726064354055,0.0,0.0,0.02097072388564439
2020-10-23,2020-10-26,test,hybrid_topology_fhs_scenario,0.94,0.1,1000,4592,5592,0.017048110619205997,0.018250620960617785,0.010024876861973597,0.0,0.0,0.008090332833750408
2020-10-26,2020-10-27,test,hybrid_topology_fhs_scenario,0.94,0.1,1000,4593,5593,0.017999151688204873,0.01918048379247236,0.001173394970998931,0.0,0.0,0.017725169168108654
2020-10-27,2020-10-28,test,hybrid_topology_fhs_scenario,0.94,0.1,1000,4594,5594,0.017469040451851745,0.01864776697815075,0.020540461721003146,1.0,1.0,0.004933401799312281
2020-10-28,2020-10-29,test,hybrid_topology_fhs_scenario,0.94,0.1,1000,4595,5595,0.021776950985231566,0.023274141239317245,-0.004411649341301116,0.0,0.0,0.02725553181936823
2020-10-29,2020-10-30,test,hybrid_topology_fhs_scenario,0.94,0.1,1000,4596,5596,0.02132210529846966,0.022920679971512987,0.007550170003503975,0.0,0.0,0.015123966571758444
2020-10-30,2020-11-02,test,hybrid_topology_fhs_scenario,0.94,0.1,1000,4597,5597,0.021290315169717865,0.022778957776228827,-0.007411818271001814,0.0,0.0,0.02972302798045707
2020-11-02,2020-11-03,test,hybrid_topology_fhs_scenario,0.94,0.1,1000,4598,5598,0.021238239019877602,0.022713056499289643,-0.00969479221316978,0.0,0.0,0.031906982806978415
2020-11-03,2020-11-04,test,hybrid_topology_fhs_scenario,0.94,0.1,1000,4599,5599,0.021604186877609427,0.02309353293457828,-0.016778722292434354,0.0,0.0,0.03925927793803776
2020-11-04,2020-11-05,test,hybrid_topology_fhs_scenario,0.94,0.1,1000,4600,5600,0.023798519712514284,0.02538212415859458,-0.011635377694463678,0.0,0.0,0.03644640328080158
2020-11-05,2020-11-06,test,hybrid_topology_fhs_scenario,0.94,0.1,1000,4601,5601,0.024370275218454737,0.025980425204443512,0.0014932777058507265,0.0,0.0,0.024103738786254006
2020-11-06,2020-11-09,test,hybrid_topology_fhs_scenario,0.94,0.1,1000,4602,5602,0.023649292597023613,0.025355529294208472,-0.004585095463145405,0.0,0.0,0.02947445301902172
2020-11-09,2020-11-10,test,hybrid_topology_fhs_scenario,0.94,0.1,1000,4603,5603,0.02314423581340839,0.02481108221516921,0.002017057104264919,0.0,0.0,0.02243544627022312
2020-11-10,2020-11-11,test,hybrid_topology_fhs_scenario,0.94,0.1,1000,4604,5604,0.022480357811178246,0.024122374757388428,-0.005094333817252572,0.0,0.0,0.028762037776559286
2020-11-11,2020-11-12,test,hybrid_topology_fhs_scenario,0.94,0.1,1000,4605,5605,0.022064595597573882,0.023691071235837198,0.0035435989654824637,0.0,0.0,0.01982899542991678
2020-11-12,2020-11-13,test,hybrid_topology_fhs_scenario,0.94,0.1,1000,4606,5606,0.0215254728949927,0.02301265460227848,-0.00777390267562792,0.0,0.0,0.030309887101664948
2020-11-13,2020-11-16,test,hybrid_topology_fhs_scenario,0.94,0.1,1000,4607,5607,0.02151807663935211,0.02300496342323931,-0.0071894605123404174,0.0,0.0,0.029726638708707162
2020-11-16,2020-11-17,test,hybrid_topology_fhs_scenario,0.94,0.1,1000,4608,5608,0.021418483602581116,0.022901420436100065,0.0021927644881784445,0.0,0.0,0.020383196740367603
2020-11-17,2020-11-18,test,hybrid_topology_fhs_scenario,0.94,0.1,1000,4609,5609,0.020818571238922886,0.022286578915120713,0.007353796857914218,0.0,0.0,0.014694110249586419
2020-11-18,2020-11-19,test,hybrid_topology_fhs_scenario,0.94,0.1,1000,4610,5610,0.020784620856955222,0.022251146517981518,-0.0029587253294972803,0.0,0.0,0.02481705851315635
2020-11-19,2020-11-20,test,hybrid_topology_fhs_scenario,0.94,0.1,1000,4611,5611,0.020410236637186177,0.021685628101151086,0.003410396125362269,0.0,0.0,0.017988349581512336
2020-11-20,2020-11-23,test,hybrid_topology_fhs_scenario,0.94,0.1,1000,4612,5612,0.01992376213318133,0.021234257568405555,-0.0028000917620861097,0.0,0.0,0.023660729136182047
2020-11-23,2020-11-24,test,hybrid_topology_fhs_scenario,0.94,0.1,1000,4613,5613,0.019473163648788608,0.020710505213569014,-0.00903628898301827,0.0,0.0,0.029288218867990667
2020-11-24,2020-11-25,test,hybrid_topology_fhs_scenario,0.94,0.1,1000,4614,5614,0.019795914071782543,0.021033016047172514,0.0007919792151501737,0.0,0.0,0.019925050259788107
2020-11-25,2020-11-27,test,hybrid_topology_fhs_scenario,0.94,0.1,1000,4615,5615,0.019200398163163605,0.020446497031407045,-0.002870057873986953,0.0,0.0,0.022954345593130653
2020-11-27,2020-11-30,test,hybrid_topology_fhs_scenario,0.94,0.1,1000,4616,5616,0.018777995608042972,0.019954818444790964,0.002922031878479392,0.0,0.0,0.01676552653944942
2020-11-30,2020-12-01,test,hybrid_topology_fhs_scenario,0.94,0.1,1000,4617,5617,0.018314650515761612,0.01952066313747796,-0.004434844782842972,0.0,0.0,0.023584115175298955
2020-12-01,2020-12-02,test,hybrid_topology_fhs_scenario,0.94,0.1,1000,4618,5618,0.018012382336223084,0.019208849242289886,-0.0005935074116669268,0.0,0.0,0.019493356635086792
2020-12-02,2020-12-03,test,hybrid_topology_fhs_scenario,0.94,0.1,1000,4619,5619,0.017468341383719648,0.01866196450391834,-0.0009078391159258903,0.0,0.0,0.01926432033434458
2020-12-03,2020-12-04,test,hybrid_topology_fhs_scenario,0.94,0.1,1000,4620,5620,0.016947495209367197,0.018132255323198666,-0.0036012592369346393,0.0,0.0,0.021395664240592988
2020-12-04,2020-12-07,test,hybrid_topology_fhs_scenario,0.94,0.1,1000,4621,5621,0.01661369449904041,0.017823032149305737,-7.454418220409747e-06,0.0,0.0,0.0175509358925106
2020-12-07,2020-12-08,test,hybrid_topology_fhs_scenario,0.94,0.1,1000,4622,5622,0.016059170105709054,0.01719787959128457,-0.0021565771317096248,0.0,0.0,0.019052752777293527
2020-12-08,2020-12-09,test,hybrid_topology_fhs_scenario,0.94,0.1,1000,4623,5623,0.015512576392112181,0.016624238756083275,0.005948833740971171,0.0,0.0,0.010504157316245712
2020-12-09,2020-12-10,test,hybrid_topology_fhs_scenario,0.94,0.1,1000,4624,5624,0.01568901213551889,0.016779761692963767,-0.0007064751367707345,0.0,0.0,0.017213035781714035
2020-12-10,2020-12-11,test,hybrid_topology_fhs_scenario,0.94,0.1,1000,4625,5625,0.01522386563786595,0.016227783863087982,-9.712767686558281e-05,0.0,0.0,0.01606999868460204
2020-12-11,2020-12-14,test,hybrid_topology_fhs_scenario,0.94,0.1,1000,4626,5626,0.014755165646420912,0.015704910893532466,0.0029195216515618847,0.0,0.0,0.012584110950869904
2020-12-14,2020-12-15,test,hybrid_topology_fhs_scenario,0.94,0.1,1000,4627,5627,0.014489386099475797,0.015385963694535978,-0.007712060198641301,0.0,0.0,0.022742587758829015
2020-12-15,2020-12-16,test,hybrid_topology_fhs_scenario,0.94,0.1,1000,4628,5628,0.015000021001837676,0.01599835897223811,-0.0006082148753833393,0.0,0.0,0.016347491860203123
2020-12-16,2020-12-17,test,hybrid_topology_fhs_scenario,0.94,0.1,1000,4629,5629,0.014588916602766046,0.01550872832357137,-0.0030645603524604324,0.0,0.0,0.018285491228683275
2020-12-17,2020-12-18,test,hybrid_topology_fhs_scenario,0.94,0.1,1000,4630,5630,0.014335307984039996,0.015231655350384848,0.002729921024834847,0.0,0.0,0.012305244837003302
2020-12-18,2020-12-21,test,hybrid_topology_fhs_scenario,0.94,0.1,1000,4631,5631,0.014108364984353463,0.014979876279384857,0.0018777003717805885,0.0,0.0,0.01289692815603989
2020-12-21,2020-12-22,test,hybrid_topology_fhs_scenario,0.94,0.1,1000,4632,5632,0.013585547876376522,0.014494445551376613,0.0003428586971262026,0.0,0.0,0.013930224074686654
2020-12-22,2020-12-23,test,hybrid_topology_fhs_scenario,0.94,0.1,1000,4633,5633,0.013243600952514171,0.014085741644300421,0.00029488484348489947,0.0,0.0,0.013575572541885426
2020-12-23,2020-12-24,test,hybrid_topology_fhs_scenario,0.94,0.1,1000,4634,5634,0.012942002737587454,0.013739532904136624,-0.0029027632655718614,0.0,0.0,0.016384686425497366
2020-12-24,2020-12-28,test,hybrid_topology_fhs_scenario,0.94,0.1,1000,4635,5635,0.012694721941558254,0.013465978775877718,-0.005187726403792547,0.0,0.0,0.018366187033632016
2020-12-28,2020-12-29,test,hybrid_topology_fhs_scenario,0.94,0.1,1000,4636,5636,0.012831035100777159,0.013644860355800321,0.0012114295934873454,0.0,0.0,0.012238791048328049
2020-12-29,2020-12-30,test,hybrid_topology_fhs_scenario,0.94,0.1,1000,4637,5637,0.01265566690191898,0.013381139782876136,-0.0011233362746937646,0.0,0.0,0.01427965418789678
2020-12-30,2020-12-31,test,hybrid_topology_fhs_scenario,0.94,0.1,1000,4638,5638,0.01229538584965937,0.013044384921793521,-0.003315391671013046,0.0,0.0,0.016106889953193128
2020-12-31,2021-01-04,test,hybrid_topology_fhs_scenario,0.94,0.1,1000,4639,5639,0.012252179340458082,0.013016401894558017,0.008068481601726483,0.0,0.0,0.004866059262898061
2021-01-04,2021-01-05,test,hybrid_topology_fhs_scenario,0.94,0.1,1000,4640,5640,0.012942002737587454,0.0138453432159017,-0.0031991068835334866,0.0,0.0,0.01677974994316052
2021-01-05,2021-01-06,test,hybrid_topology_fhs_scenario,0.94,0.1,1000,4641,5641,0.012775975739119793,0.013628590579216171,-0.0012477719185313148,0.0,0.0,0.01464469091188031
2021-01-06,2021-01-07,test,hybrid_topology_fhs_scenario,0.94,0.1,1000,4642,5642,0.012317097184322258,0.013200484533485771,-0.0075028014994711345,0.0,0.0,0.02038390286897092
2021-01-07,2021-01-08,test,hybrid_topology_fhs_scenario,0.94,0.1,1000,4643,5643,0.013005351458349924,0.0139237770630718,-0.0022716512509861173,0.0,0.0,0.01594331263329983
2021-01-08,2021-01-11,test,hybrid_topology_fhs_scenario,0.94,0.1,1000,4644,5644,0.012770659400566617,0.01366078512173979,0.0048224383603286064,0.0,0.0,0.008696870302778284
2021-01-11,2021-01-12,test,hybrid_topology_fhs_scenario,0.94,0.1,1000,4645,5645,0.012942002737587454,0.013799114030924072,-5.884277110852487e-05,0.0,0.0,0.01364151633706874
2021-01-12,2021-01-13,test,hybrid_topology_fhs_scenario,0.94,0.1,1000,4646,5646,0.012570716879400628,0.013441792690461063,-0.003005711121573507,0.0,0.0,0.016192080496743446
2021-01-13,2021-01-14,test,hybrid_topology_fhs_scenario,0.94,0.1,1000,4647,5647,0.012477399366308421,0.013275873839086101,0.0030132049518797554,0.0,0.0,0.010100744109170473
2021-01-14,2021-01-15,test,hybrid_topology_fhs_scenario,0.94,0.1,1000,4648,5648,0.012320929914833044,0.013125559906461843,0.0032921193065851943,0.0,0.0,0.009677892690962211
2021-01-15,2021-01-19,test,hybrid_topology_fhs_scenario,0.94,0.1,1000,4649,5649,0.012171850504901705,0.01298242645230082,-0.0049475452516873014,0.0,0.0,0.01765291636895431
2021-01-19,2021-01-20,test,hybrid_topology_fhs_scenario,0.94,0.1,1000,4650,5650,0.012414767148507566,0.013393445008488297,-0.008471935436058597,0.0,0.0,0.021527612959278884
2021-01-20,2021-01-21,test,hybrid_topology_fhs_scenario,0.94,0.1,1000,4651,5651,0.013429533562463817,0.014517755328146592,2.658059968898576e-05,0.0,0.0,0.014262924889873914
2021-01-21,2021-01-22,test,hybrid_topology_fhs_scenario,0.94,0.1,1000,4652,5652,0.012966224028681084,0.013898224963989311,0.0015155493341122872,0.0,0.0,0.012187615486075784
2021-01-22,2021-01-25,test,hybrid_topology_fhs_scenario,0.94,0.1,1000,4653,5653,0.012669937361146058,0.013604957570375314,-0.003985554300860272,0.0,0.0,0.01731730399107476
2021-01-25,2021-01-26,test,hybrid_topology_fhs_scenario,0.94,0.1,1000,4654,5654,0.012608354436367928,0.013551548640351043,0.0010709810614319304,0.0,0.0,0.012283927123195494
2021-01-26,2021-01-27,test,hybrid_topology_fhs_scenario,0.94,0.1,1000,4655,5655,0.012291103231580927,0.013267743448212906,0.014193714507788568,1.0,1.0,0.002809556223021225
2021-01-27,2021-01-28,test,hybrid_topology_fhs_scenario,0.94,0.1,1000,4656,5656,0.015179933122704325,0.016230661736744454,-0.004119429650668449,0.0,0.0,0.020034332730461308
2021-01-28,2021-01-29,test,hybrid_topology_fhs_scenario,0.94,0.1,1000,4657,5657,0.014992347613065131,0.016000458828875696,0.012718549924635725,0.0,0.0,0.003222599158518266
2021-01-29,2021-02-01,test,hybrid_topology_fhs_scenario,0.94,0.1,1000,4658,5658,0.016904138070934153,0.01796597234525904,-0.010486779870259609,0.0,0.0,0.02801534258954262
2021-02-01,2021-02-02,test,hybrid_topology_fhs_scenario,0.94,0.1,1000,4659,5659,0.017806769305697568,0.01894447171843712,-0.007473292923375795,0.0,0.0,0.026010121148058327
2021-02-02,2021-02-03,test,hybrid_topology_fhs_scenario,0.94,0.1,1000,4660,5660,0.018008366040935652,0.019143271866126042,0.0005079424924054,0.0,0.0,0.01834445037486293
2021-02-03,2021-02-04,test,hybrid_topology_fhs_scenario,0.94,0.1,1000,4661,5661,0.01756826352381684,0.018658134852354905,-0.00668408834752765,0.0,0.0,0.024951191138598935
2021-02-04,2021-02-05,test,hybrid_topology_fhs_scenario,0.94,0.1,1000,4662,5662,0.017677822296661972,0.018974038595747224,-0.0015146394459067292,0.0,0.0,0.02016838570803829
2021-02-05,2021-02-08,test,hybrid_topology_fhs_scenario,0.94,0.1,1000,4663,5663,0.01717120001709766,0.018440743557848253,-0.004502724943815161,0.0,0.0,0.022586621038730957
2021-02-08,2021-02-09,test,hybrid_topology_fhs_scenario,0.94,0.1,1000,4664,5664,0.016936248738204547,0.018219358305061568,9.40417264391424e-05,0.0,0.0,0.01784060573427452
2021-02-09,2021-02-10,test,hybrid_topology_fhs_scenario,0.94,0.1,1000,4665,5665,0.01642043091329396,0.01775152592150103,-0.00075570918974881,0.0,0.0,0.01821631563449902
2021-02-10,2021-02-11,test,hybrid_topology_fhs_scenario,0.94,0.1,1000,4666,5666,0.015993501600561337,0.017284459373583725,-0.0006646411271759689,0.0,0.0,0.017666954415518073
2021-02-11,2021-02-12,test,hybrid_topology_fhs_scenario,0.94,0.1,1000,4667,5667,0.0155131279891463,0.016776944301788384,-0.0016438474137121957,0.0,0.0,0.01813184167664165
2021-02-12,2021-02-16,test,hybrid_topology_fhs_scenario,0.94,0.1,1000,4668,5668,0.015248425474309654,0.016384302294089624,0.003406032013391558,0.0,0.0,0.012772237458289796
2021-02-16,2021-02-17,test,hybrid_topology_fhs_scenario,0.94,0.1,1000,4669,5669,0.014975603991395654,0.016060216249544318,-0.0004113430942950469,0.0,0.0,0.016213639831100284
2021-02-17,2021-02-18,test,hybrid_topology_fhs_scenario,0.94,0.1,1000,4670,5670,0.014649894192955175,0.01565846528079813,0.0025878697950101116,0.0,0.0,0.012864450842622771
2021-02-18,2021-02-19,test,hybrid_topology_fhs_scenario,0.94,0.1,1000,4671,5671,0.014435265010542686,0.015457324788985661,0.002666115544476222,0.0,0.0,0.012589120508057366
2021-02-19,2021-02-22,test,hybrid_topology_fhs_scenario,0.94,0.1,1000,4672,5672,0.014171976048237429,0.01518295777610557,0.005267290280526082,0.0,0.0,0.009756822665867115
2021-02-22,2021-02-23,test,hybrid_topology_fhs_scenario,0.94,0.1,1000,4673,5673,0.014247710534487514,0.015265611354319529,-0.0010380531798997784,0.0,0.0,0.016048930558007695
2021-02-23,2021-02-24,test,hybrid_topology_fhs_scenario,0.94,0.1,1000,4674,5674,0.014000362140795714,0.014960154150956292,-0.006062050849521893,0.0,0.0,0.020697274005369404
2021-02-24,2021-02-25,test,hybrid_topology_fhs_scenario,0.94,0.1,1000,4675,5675,0.014096077009498482,0.01511311110545242,0.01978943457626379,1.0,1.0,0.010312747461909022
2021-02-25,2021-02-26,test,hybrid_topology_fhs_scenario,0.94,0.1,1000,4676,5676,0.018983116533527692,0.02024295367198278,-0.0004995296279374896,0.0,0.0,0.02041874767903691
2021-02-26,2021-03-01,test,hybrid_topology_fhs_scenario,0.94,0.1,1000,4677,5677,0.01842644415350536,0.019659629445803236,-0.014094560449667393,0.0,0.0,0.03323554519411559
2021-03-01,2021-03-02,test,hybrid_topology_fhs_scenario,0.94,0.1,1000,4678,5678,0.02030971459292856,0.02156570655785223,0.003955048462942633,0.0,0.0,0.017333938303836713
2021-03-02,2021-03-03,test,hybrid_topology_fhs_scenario,0.94,0.1,1000,4679,5679,0.01987900407430591,0.02108942716354416,0.010089635657340867,0.0,0.0,0.010822690402717862
2021-03-03,2021-03-04,test,hybrid_topology_fhs_scenario,0.94,0.1,1000,4680,5680,0.020368459312713545,0.02172473436132115,0.00940488739248695,0.0,0.0,0.012121486513815609
2021-03-04,2021-03-05,test,hybrid_topology_fhs_scenario,0.94,0.1,1000,4681,5681,0.02077370928049223,0.02215855126126052,-0.010479380057776266,0.0,0.0,0.03213451392944355
2021-03-05,2021-03-08,test,hybrid_topology_fhs_scenario,0.94,0.1,1000,4682,5682,0.02138362834656266,0.022755235644560997,0.004560492678151551,0.0,0.0,0.01790810574893332
2021-03-08,2021-03-09,test,hybrid_topology_fhs_scenario,0.94,0.1,1000,4683,5683,0.02087388504226648,0.022310283315360387,-0.010461839864906251,0.0,0.0,0.0322661773498317
2021-03-09,2021-03-10,test,hybrid_topology_fhs_scenario,0.94,0.1,1000,4684,5684,0.02144215373646839,0.022814164881669433,-0.004573086384797165,0.0,0.0,0.02696272238601759
2021-03-10,2021-03-11,test,hybrid_topology_fhs_scenario,0.94,0.1,1000,4685,5685,0.020953690308734896,0.022361881575932115,-0.0059439455608891745,0.0,0.0,0.027867157817096998
2021-03-11,2021-03-12,test,hybrid_topology_fhs_scenario,0.94,0.1,1000,4686,5686,0.020780223453128237,0.0221450866220632,0.002086184640592004,0.0,0.0,0.019744369820059778
2021-03-12,2021-03-15,test,hybrid_topology_fhs_scenario,0.94,0.1,1000,4687,5687,0.02019733345971845,0.021548170859444226,-0.004069913608880959,0.0,0.0,0.025220304827303048
2021-03-15,2021-03-16,test,hybrid_topology_fhs_scenario,0.94,0.1,1000,4688,5688,0.019882586232113725,0.021120975831274796,0.000826933037680444,0.0,0.0,0.019977248255698826
2021-03-16,2021-03-17,test,hybrid_topology_fhs_scenario,0.94,0.1,1000,4689,5689,0.019285215605714574,0.020519904760356963,-0.0013793274617643903,0.0,0.0,0.02155839684724311
2021-03-17,2021-03-18,test,hybrid_topology_fhs_scenario,0.94,0.1,1000,4690,5690,0.018834204499847077,0.01996187108855277,0.01122534425901036,0.0,0.0,0.008594202261212214
2021-03-18,2021-03-19,test,hybrid_topology_fhs_scenario,0.94,0.1,1000,4691,5691,0.019715028258710895,0.020929102560997837,0.0013576640928156802,0.0,0.0,0.019265726148136552
2021-03-19,2021-03-22,test,hybrid_topology_fhs_scenario,0.94,0.1,1000,4692,5692,0.019137073432741205,0.02035951227796493,-0.006100517757451929,0.0,0.0,0.02605090519643337
2021-03-22,2021-03-23,test,hybrid_topology_fhs_scenario,0.94,0.1,1000,4693,5693,0.01902512447768403,0.02024171543331926,0.0027473123164621915,0.0,0.0,0.01721982116054786
2021-03-23,2021-03-24,test,hybrid_topology_fhs_scenario,0.94,0.1,1000,4694,5694,0.018662745318204502,0.019737764558843855,0.0025235845859210124,0.0,0.0,0.016945217080922607
2021-03-24,2021-03-25,test,hybrid_topology_fhs_scenario,0.94,0.1,1000,4695,5695,0.01817784108717095,0.01929611964262531,-0.0028495749247992915,0.0,0.0,0.021802326363358687
2021-03-25,2021-03-26,test,hybrid_topology_fhs_scenario,0.94,0.1,1000,4696,5696,0.017733471224870775,0.01882394702497774,-0.00833513927719074,0.0,0.0,0.02674079524963488
2021-03-26,2021-03-29,test,hybrid_topology_fhs_scenario,0.94,0.1,1000,4697,5697,0.01813016161264055,0.019212157388687878,0.0016765561199826307,0.0,0.0,0.017261747291914195
2021-03-29,2021-03-30,test,hybrid_topology_fhs_scenario,0.94,0.1,1000,4698,5698,0.01761589008734629,0.018708772920204137,0.0019451746895862599,0.0,0.0,0.01650121542883003
2021-03-30,2021-03-31,test,hybrid_topology_fhs_scenario,0.94,0.1,1000,4699,5699,0.017117955764163313,0.01821959629205657,-0.0018661457705908989,0.0,0.0,0.019773439526428824
2021-03-31,2021-04-01,test,hybrid_topology_fhs_scenario,0.94,0.1,1000,4700,5700,0.01665988030690306,0.01782370185092322,-0.008251681963410595,0.0,0.0,0.02567261484167861
2021-04-01,2021-04-05,test,hybrid_topology_fhs_scenario,0.94,0.1,1000,4701,5701,0.017113043302266262,0.018225205171237942,-0.007482619271900858,0.0,0.0,0.025311085457802
2021-04-05,2021-04-06,test,hybrid_topology_fhs_scenario,0.94,0.1,1000,4702,5702,0.01737564222228738,0.01848341191409929,-0.0015918950134558019,0.0,0.0,0.019763099626723648
2021-04-06,2021-04-07,test,hybrid_topology_fhs_scenario,0.94,0.1,1000,4703,5703,0.0168820428798348,0.017996022823548737,-0.00044771394420721754,0.0,0.0,0.018155940916802477
2021-04-07,2021-04-08,test,hybrid_topology_fhs_scenario,0.94,0.1,1000,4704,5704,0.016370659741258262,0.017480382759815546,-0.004222511074933788,0.0,0.0,0.02136625319704252
2021-04-08,2021-04-09,test,hybrid_topology_fhs_scenario,0.94,0.1,1000,4705,5705,0.01613685726427003,0.01716809688216693,-0.003308428819344211,0.0,0.0,0.020159065419809507
2021-04-09,2021-04-12,test,hybrid_topology_fhs_scenario,0.94,0.1,1000,4706,5706,0.01582365577468063,0.01685216219642807,2.7674741417627074e-05,0.0,0.0,0.016561835078967812
2021-04-12,2021-04-13,test,hybrid_topology_fhs_scenario,0.94,0.1,1000,4707,5707,0.0153416153646121,0.01637500009513624,-0.0034340516666478303,0.0,0.0,0.019501582138052066
2021-04-13,2021-04-14,test,hybrid_topology_fhs_scenario,0.94,0.1,1000,4708,5708,0.015138240222853913,0.01613311225707368,0.0025402007814473437,0.0,0.0,0.013379069083149743
2021-04-14,2021-04-15,test,hybrid_topology_fhs_scenario,0.94,0.1,1000,4709,5709,0.014861544901059244,0.015804097388227068,-0.00900971582769614,0.0,0.0,0.02443218049281268
2021-04-15,2021-04-16,test,hybrid_topology_fhs_scenario,0.94,0.1,1000,4710,5710,0.01555675672615117,0.01658339727299306,-0.0009234827884217367,0.0,0.0,0.017234010455025157
2021-04-16,2021-04-19,test,hybrid_topology_fhs_scenario,0.94,0.1,1000,4711,5711,0.015172808968425714,0.01624129047239782,0.003367915257008258,0.0,0.0,0.012669589772119
2021-04-19,2021-04-20,test,hybrid_topology_fhs_scenario,0.94,0.1,1000,4712,5712,0.015048279745307914,0.016002243153850324,0.003201618820356433,0.0,0.0,0.01259907533440606
2021-04-20,2021-04-21,test,hybrid_topology_fhs_scenario,0.94,0.1,1000,4713,5713,0.01477053419018519,0.015645545145713834,-0.005886854274227592,0.0,0.0,0.021200663319087015
2021-04-21,2021-04-22,test,hybrid_topology_fhs_scenario,0.94,0.1,1000,4714,5714,0.014861544901059244,0.015792626028777675,0.005165815068970891,0.0,0.0,0.010458097984132497
2021-04-22,2021-04-23,test,hybrid_topology_fhs_scenario,0.94,0.1,1000,4715,5715,0.014861544901059244,0.015817456966268205,-0.005982317204482702,0.0,0.0,0.021463218437537554
2021-04-23,2021-04-26,test,hybrid_topology_fhs_scenario,0.94,0.1,1000,4716,5716,0.015040005356161137,0.016023346780845077,-0.0008333892937220978,0.0,0.0,0.016594051619201827
2021-04-26,2021-04-27,test,hybrid_topology_fhs_scenario,0.94,0.1,1000,4717,5717,0.014593533207672298,0.015529157545380652,0.0017029001216259721,0.0,0.0,0.013609507319021276
2021-04-27,2021-04-28,test,hybrid_topology_fhs_scenario,0.94,0.1,1000,4718,5718,0.014324064611150475,0.01531198133593215,-0.0003541735072709385,0.0,0.0,0.015421283353307225
2021-04-28,2021-04-29,test,hybrid_topology_fhs_scenario,0.94,0.1,1000,4719,5719,0.013889955874160155,0.01490444085779908,-0.003122322102219721,0.0,0.0,0.017746216665782133
2021-04-29,2021-04-30,test,hybrid_topology_fhs_scenario,0.94,0.1,1000,4720,5720,0.013688164678752657,0.014507796139510244,0.003590927386785592,0.0,0.0,0.010744919406826205
2021-04-30,2021-05-03,test,hybrid_topology_fhs_scenario,0.94,0.1,1000,4721,5721,0.013513563653078032,0.014357663627013061,-0.0019751481794066717,0.0,0.0,0.016079378629584085
2021-05-03,2021-05-04,test,hybrid_topology_fhs_scenario,0.94,0.1,1000,4722,5722,0.013239928982044027,0.014012908789512887,0.0031756997169684717,0.0,0.0,0.01066692113838156
2021-05-04,2021-05-05,test,hybrid_topology_fhs_scenario,0.94,0.1,1000,4723,5723,0.01303474976618827,0.013847945420122281,-0.0006776717861172177,0.0,0.0,0.014299600991606565
2021-05-05,2021-05-06,test,hybrid_topology_fhs_scenario,0.94,0.1,1000,4724,5724,0.013067867754424341,0.01410509144639761,-0.004966365638453274,0.0,0.0,0.018775012991658388
2021-05-06,2021-05-07,test,hybrid_topology_fhs_scenario,0.94,0.1,1000,4725,5725,0.013019602562654909,0.014075752801773932,-0.00450651376628417,0.0,0.0,0.01829297106714604
2021-05-07,2021-05-10,test,hybrid_topology_fhs_scenario,0.94,0.1,1000,4726,5726,0.013019602562654909,0.013919166663751259,0.006744995759705819,0.0,0.0,0.007057562699473795
2021-05-10,2021-05-11,test,hybrid_topology_fhs_scenario,0.94,0.1,1000,4727,5727,0.013398570471537917,0.014495750264110471,0.006020134698563906,0.0,0.0,0.00833750953413764
2021-05-11,2021-05-12,test,hybrid_topology_fhs_scenario,0.94,0.1,1000,4728,5728,0.013633579946129872,0.014761351994678039,0.014675728600704051,1.0,0.0,0.0011152099771530749
2021-05-12,2021-05-13,test,hybrid_topology_fhs_scenario,0.94,0.1,1000,4729,5729,0.01636699658748164,0.017832569277471115,-0.008546561625491255,0.0,0.0,0.025968788212518044
2021-05-13,2021-05-14,test,hybrid_topology_fhs_scenario,0.94,0.1,1000,4730,5730,0.016939746552710317,0.018388368090715437,-0.010091067772157647,0.0,0.0,0.028037758109549935
2021-05-14,2021-05-17,test,hybrid_topology_fhs_scenario,0.94,0.1,1000,4731,5731,0.017780986249387204,0.019005853486773774,0.0019119973732905971,0.0,0.0,0.016825199599407065
2021-05-17,2021-05-18,test,hybrid_topology_fhs_scenario,0.94,0.1,1000,4732,5732,0.017272575542512113,0.01839030874021389,0.005169472279696108,0.0,0.0,0.013011346581632999
2021-05-18,2021-05-19,test,hybrid_topology_fhs_scenario,0.94,0.1,1000,4733,5733,0.01713936706444465,0.018296884290299867,0.0027656123452427074,0.0,0.0,0.01528672769362275
2021-05-19,2021-05-20,test,hybrid_topology_fhs_scenario,0.94,0.1,1000,4734,5734,0.016726722820059107,0.017924675735199708,-0.008108184092088333,0.0,0.0,0.025630387400727313
2021-05-20,2021-05-21,test,hybrid_topology_fhs_scenario,0.94,0.1,1000,4735,5735,0.017157402833008782,0.01833888464514913,0.00035115263269869235,0.0,0.0,0.017706101214142275
2021-05-21,2021-05-24,test,hybrid_topology_fhs_scenario,0.94,0.1,1000,4736,5736,0.016619874855934007,0.01771280247024344,-0.006501790824637642,0.0,0.0,0.023840445119314775
2021-05-24,2021-05-25,test,hybrid_topology_fhs_scenario,0.94,0.1,1000,4737,5737,0.016726762537417436,0.017800202150141997,-0.00013847143099861032,0.0,0.0,0.017658859081296253
2021-05-25,2021-05-26,test,hybrid_topology_fhs_scenario,0.94,0.1,1000,4738,5738,0.016022425182609934,0.01715939678380447,-0.0007375738942718256,0.0,0.0,0.017617146401893206
2021-05-26,2021-05-27,test,hybrid_topology_fhs_scenario,0.94,0.1,1000,4739,5739,0.015718841539308758,0.016823301237150937,0.0003831761061492856,0.0,0.0,0.016182478657058207
2021-05-27,2021-05-28,test,hybrid_topology_fhs_scenario,0.94,0.1,1000,4740,5740,0.015151146016845774,0.016223724573095,-0.0010382689583057214,0.0,0.0,0.01699233784286722
2021-05-28,2021-06-01,test,hybrid_topology_fhs_scenario,0.94,0.1,1000,4741,5741,0.01479526822774618,0.015678170019728405,0.0006018259969478913,0.0,0.0,0.014841369844518984
2021-06-01,2021-06-02,test,hybrid_topology_fhs_scenario,0.94,0.1,1000,4742,5742,0.014362258184335919,0.015192176577528556,-0.0013984283812051856,0.0,0.0,0.016333446700420806
2021-06-02,2021-06-03,test,hybrid_topology_fhs_scenario,0.94,0.1,1000,4743,5743,0.013972089201860225,0.014830275581748601,0.003240549051357888,0.0,0.0,0.011407298768635967
2021-06-03,2021-06-04,test,hybrid_topology_fhs_scenario,0.94,0.1,1000,4744,5744,0.01371649358255466,0.014618818440412077,-0.007695317350679609,0.0,0.0,0.021970400505646737
2021-06-04,2021-06-07,test,hybrid_topology_fhs_scenario,0.94,0.1,1000,4745,5745,0.014392601247743273,0.015364884913613729,0.0008957419641042241,0.0,0.0,0.014242382968608157
2021-06-07,2021-06-08,test,hybrid_topology_fhs_scenario,0.94,0.1,1000,4746,5746,0.013967972317893634,0.014995923415558216,-0.001278998975471568,0.0,0.0,0.01602051904418769
2021-06-08,2021-06-09,test,hybrid_topology_fhs_scenario,0.94,0.1,1000,4747,5747,0.013719693516049052,0.01461807605210787,-0.0003568923740976394,0.0,0.0,0.014741360074451839
2021-06-09,2021-06-10,test,hybrid_topology_fhs_scenario,0.94,0.1,1000,4748,5748,0.013304090692928898,0.014287933529014961,-0.004210502137276384,0.0,0.0,0.018211120702936113
2021-06-10,2021-06-11,test,hybrid_topology_fhs_scenario,0.94,0.1,1000,4749,5749,0.01323243143617872,0.01421747140213413,-0.000404156887600271,0.0,0.0,0.01439245346572883
2021-06-11,2021-06-14,test,hybrid_topology_fhs_scenario,0.94,0.1,1000,4750,5750,0.012945238360022085,0.013825339651136703,-9.781406697184614e-05,0.0,0.0,0.013705505399425773
2021-06-14,2021-06-15,test,hybrid_topology_fhs_scenario,0.94,0.1,1000,4751,5751,0.012589149676454347,0.013485449370128414,0.0010310576091473456,0.0,0.0,0.01225861288762961
2021-06-15,2021-06-16,test,hybrid_topology_fhs_scenario,0.94,0.1,1000,4752,5752,0.012286276803294702,0.013150112579762516,0.006091379361524462,0.0,0.0,0.006944213862199805
2021-06-16,2021-06-17,test,hybrid_topology_fhs_scenario,0.94,0.1,1000,4753,5753,0.012618410082170512,0.01347025461257181,-0.0012335388325571907,0.0,0.0,0.014474718098148053
2021-06-17,2021-06-18,test,hybrid_topology_fhs_scenario,0.94,0.1,1000,4754,5754,0.012265274156657647,0.013135593444482799,0.005831291520805037,0.0,0.0,0.007186034201944344
2021-06-18,2021-06-21,test,hybrid_topology_fhs_scenario,0.94,0.1,1000,4755,5755,0.012559384954466069,0.013378781341699399,-0.007308904964770058,0.0,0.0,0.020369177048000082
2021-06-21,2021-06-22,test,hybrid_topology_fhs_scenario,0.94,0.1,1000,4756,5756,0.013108025790052935,0.014028192861268574,-0.003936918406577883,0.0,0.0,0.0176864329281166
2021-06-22,2021-06-23,test,hybrid_topology_fhs_scenario,0.94,0.1,1000,4757,5757,0.013005125738873169,0.013922719282252879,0.0015205866972090253,0.0,0.0,0.012206924660834399
2021-06-23,2021-06-24,test,hybrid_topology_fhs_scenario,0.94,0.1,1000,4758,5758,0.01272246589129815,0.013580724144766552,-0.0034800949879652877,0.0,0.0,0.016796324263206177
2021-06-24,2021-06-25,test,hybrid_topology_fhs_scenario,0.94,0.1,1000,4759,5759,0.012618780002543142,0.013450398623097892,-0.0012973101126976692,0.0,0.0,0.014518176918553082
2021-06-25,2021-06-28,test,hybrid_topology_fhs_scenario,0.94,0.1,1000,4760,5760,0.01230596340760558,0.013132051934811928,-0.002462746610670497,0.0,0.0,0.015352615682028123
2021-06-28,2021-06-29,test,hybrid_topology_fhs_scenario,0.94,0.1,1000,4761,5761,0.012058371156549985,0.012941573988145159,-0.0005311407676603874,0.0,0.0,0.01326179200615251
2021-06-29,2021-06-30,test,hybrid_topology_fhs_scenario,0.94,0.1,1000,4762,5762,0.011753286076626126,0.012631905602847313,-0.0011295705294981583,0.0,0.0,0.013546267795098077
2021-06-30,2021-07-01,test,hybrid_topology_fhs_scenario,0.94,0.1,1000,4763,5763,0.011463786361155267,0.01248036072212679,-0.0030342071331134865,0.0,0.0,0.015271683593801957
2021-07-01,2021-07-02,test,hybrid_topology_fhs_scenario,0.94,0.1,1000,4764,5764,0.011329098111887138,0.012358758565440843,-0.00604291491841753,0.0,0.0,0.018115351777064963
2021-07-02,2021-07-06,test,hybrid_topology_fhs_scenario,0.94,0.1,1000,4765,5765,0.011800229464441899,0.012769107605374117,-0.0010151836450974726,0.0,0.0,0.013567838100305193
2021-07-06,2021-07-07,test,hybrid_topology_fhs_scenario,0.94,0.1,1000,4766,5766,0.011648618921847195,0.01261777937408206,-0.0032890216128381054,0.0,0.0,0.015658507367594016
2021-07-07,2021-07-08,test,hybrid_topology_fhs_scenario,0.94,0.1,1000,4767,5767,0.01149788069029324,0.012435015043554546,0.0038602932176369674,0.0,0.0,0.0084367296549962
2021-07-08,2021-07-09,test,hybrid_topology_fhs_scenario,0.94,0.1,1000,4768,5768,0.01135585351561925,0.01239291454593071,-0.004387581456106915,0.0,0.0,0.016518417951703945
2021-07-09,2021-07-12,test,hybrid_topology_fhs_scenario,0.94,0.1,1000,4769,5769,0.011586711877523173,0.01250897944453262,-0.0019429795764974056,0.0,0.0,0.014225956960044481
2021-07-12,2021-07-13,test,hybrid_topology_fhs_scenario,0.94,0.1,1000,4770,5770,0.011321495250056128,0.012274094504921047,0.003283039939107968,0.0,0.0,0.008846662754777232
2021-07-13,2021-07-14,test,hybrid_topology_fhs_scenario,0.94,0.1,1000,4771,5771,0.011336134906217592,0.012274886828025126,-0.0026196649426025957,0.0,0.0,0.01466174597485023
2021-07-14,2021-07-15,test,hybrid_topology_fhs_scenario,0.94,0.1,1000,4772,5772,0.011245329523234364,0.012137860060448466,0.0003667668440785919,0.0,0.0,0.011585601512752184
2021-07-15,2021-07-16,test,hybrid_topology_fhs_scenario,0.94,0.1,1000,4773,5773,0.01091929989194329,0.011878634084344714,0.004774629873150204,0.0,0.0,0.006987850806102578
2021-07-16,2021-07-19,test,hybrid_topology_fhs_scenario,0.94,0.1,1000,4774,5774,0.011143591523350021,0.012085796760786726,0.005440686880075594,0.0,0.0,0.006536011180126098
2021-07-19,2021-07-20,test,hybrid_topology_fhs_scenario,0.94,0.1,1000,4775,5775,0.011432456611736403,0.012354146291121755,-0.008089635978335962,0.0,0.0,0.020127908638622
2021-07-20,2021-07-21,test,hybrid_topology_fhs_scenario,0.94,0.1,1000,4776,5776,0.012446144027868858,0.013223486442819794,-0.0025490143155756594,0.0,0.0,0.015528139822870012
2021-07-21,2021-07-22,test,hybrid_topology_fhs_scenario,0.94,0.1,1000,4777,5777,0.012061946703547119,0.012970317134631017,-0.0021784373679110567,0.0,0.0,0.014912439480693105
2021-07-22,2021-07-23,test,hybrid_topology_fhs_scenario,0.94,0.1,1000,4778,5778,0.011940107604789866,0.012739153831166758,-0.005559560316698863,0.0,0.0,0.01801624297338387
2021-07-23,2021-07-26,test,hybrid_topology_fhs_scenario,0.94,0.1,1000,4779,5779,0.012110410693460189,0.013033467915928715,-0.0011998723255672416,0.0,0.0,0.01401060956564883
2021-07-26,2021-07-27,test,hybrid_topology_fhs_scenario,0.94,0.1,1000,4780,5780,0.011914724459041287,0.012736008590414887,0.0010271872212078256,0.0,0.0,0.011524976207355219
2021-07-27,2021-07-28,test,hybrid_topology_fhs_scenario,0.94,0.1,1000,4781,5781,0.011622229933389292,0.012521336547617659,-9.386506663817685e-05,0.0,0.0,0.012416982523899714
2021-07-28,2021-07-29,test,hybrid_topology_fhs_scenario,0.94,0.1,1000,4782,5782,0.011268376632252934,0.012208321157953844,-0.0012654362943387727,0.0,0.0,0.013262251645251216
2021-07-29,2021-07-30,test,hybrid_topology_fhs_scenario,0.94,0.1,1000,4783,5783,0.011021989308917336,0.012006622852763181,0.0017891542681126803,0.0,0.0,0.010054360220442284
2021-07-30,2021-08-02,test,hybrid_topology_fhs_scenario,0.94,0.1,1000,4784,5784,0.01091929989194329,0.011807570040702434,-0.0004957013442538295,0.0,0.0,0.012109839612694328
2021-08-02,2021-08-03,test,hybrid_topology_fhs_scenario,0.94,0.1,1000,4785,5785,0.010820210222030174,0.011540739642249408,-0.0049829112561452504,0.0,0.0,0.016268590840716544
2021-08-03,2021-08-04,test,hybrid_topology_fhs_scenario,0.94,0.1,1000,4786,5786,0.010846942783656019,0.01173842307351637,0.003053058978442835,0.0,0.0,0.008546168830748829
2021-08-04,2021-08-05,test,hybrid_topology_fhs_scenario,0.94,0.1,1000,4787,5787,0.010754343285440712,0.011680638796195806,-0.0023439609721789267,0.0,0.0,0.013804967816741561
2021-08-05,2021-08-06,test,hybrid_topology_fhs_scenario,0.94,0.1,1000,4788,5788,0.010744662325612308,0.0115226235013941,0.0013530842986670957,0.0,0.0,0.010009216502928282
2021-08-06,2021-08-09,test,hybrid_topology_fhs_scenario,0.94,0.1,1000,4789,5789,0.010730389839029209,0.01133902399603774,0.0013426337354333962,0.0,0.0,0.009840358065125194
2021-08-09,2021-08-10,test,hybrid_topology_fhs_scenario,0.94,0.1,1000,4790,5790,0.010486021830528035,0.011191752726327997,7.110994495285335e-06,0.0,0.0,0.01100981479689722
2021-08-10,2021-08-11,test,hybrid_topology_fhs_scenario,0.94,0.1,1000,4791,5791,0.01031961437543994,0.0109248087520402,-0.0019371139705947281,0.0,0.0,0.012662941938029401
2021-08-11,2021-08-12,test,hybrid_topology_fhs_scenario,0.94,0.1,1000,4792,5792,0.010180066011854533,0.010801807911015591,-0.0013867086496633706,0.0,0.0,0.011999471393277167
2021-08-12,2021-08-13,test,hybrid_topology_fhs_scenario,0.94,0.1,1000,4793,5793,0.009885719358598787,0.010460905598750828,-0.003391034136591609,0.0,0.0,0.01363840877691078
2021-08-13,2021-08-16,test,hybrid_topology_fhs_scenario,0.94,0.1,1000,4794,5794,0.009885719358598787,0.010544421621155799,-0.0022999937314961195,0.0,0.0,0.01264516209973657
2021-08-16,2021-08-17,test,hybrid_topology_fhs_scenario,0.94,0.1,1000,4795,5795,0.009794287822085983,0.010458529927206216,0.004137403616451407,0.0,0.0,0.006219666995042284
2021-08-17,2021-08-18,test,hybrid_topology_fhs_scenario,0.94,0.1,1000,4796,5796,0.01003167530593419,0.010640950919173489,0.0067715221797977725,0.0,0.0,0.0038052945521526876
2021-08-18,2021-08-19,test,hybrid_topology_fhs_scenario,0.94,0.1,1000,4797,5797,0.010725297836124094,0.01137369580136333,-0.0018152105656366936,0.0,0.0,0.01298458879184263
2021-08-19,2021-08-20,test,hybrid_topology_fhs_scenario,0.94,0.1,1000,4798,5798,0.010386050930706346,0.011143134441508417,-0.004400084641233226,0.0,0.0,0.015302499961392498
2021-08-20,2021-08-23,test,hybrid_topology_fhs_scenario,0.94,0.1,1000,4799,5799,0.010411907351701222,0.01134286127217212,-0.00537996869200148,0.0,0.0,0.016462677975506285
2021-08-23,2021-08-24,test,hybrid_topology_fhs_scenario,0.94,0.1,1000,4800,5800,0.010844945911119003,0.011731581519457362,0.00013627019553799093,0.0,0.0,0.011412515297977197
2021-08-24,2021-08-25,test,hybrid_topology_fhs_scenario,0.94,0.1,1000,4801,5801,0.010807338402562757,0.01141813661979441,0.00031049374646610075,0.0,0.0,0.01093492024805607
2021-08-25,2021-08-26,test,hybrid_topology_fhs_scenario,0.94,0.1,1000,4802,5802,0.010744662325612308,0.011188475085374005,0.003541958783432264,0.0,0.0,0.007527380429814997
2021-08-26,2021-08-27,test,hybrid_topology_fhs_scenario,0.94,0.1,1000,4803,5803,0.010730389839029209,0.011282972176852183,-0.006666286493170758,0.0,0.0,0.01767449396659437
2021-08-27,2021-08-30,test,hybrid_topology_fhs_scenario,0.94,0.1,1000,4804,5804,0.01101888733030485,0.011908017648840023,-0.003423752943778835,0.0,0.0,0.015092902730544224
2021-08-30,2021-08-31,test,hybrid_topology_fhs_scenario,0.94,0.1,1000,4805,5805,0.011019032510187132,0.011931425920703986,0.0016384686946313786,0.0,0.0,0.01012943893357635
2021-08-31,2021-09-01,test,hybrid_topology_fhs_scenario,0.94,0.1,1000,4806,5806,0.010916303082873325,0.011721835101168657,-0.000489527296593284,0.0,0.0,0.012020136641612559
2021-09-01,2021-09-02,test,hybrid_topology_fhs_scenario,0.94,0.1,1000,4807,5807,0.010903788832386829,0.011523847671473674,-0.0023241419086611702,0.0,0.0,0.013634069148041952
2021-09-02,2021-09-03,test,hybrid_topology_fhs_scenario,0.94,0.1,1000,4808,5808,0.010730389839029209,0.011310664010848952,0.0011005026326730949,0.0,0.0,0.010051206215785024
2021-09-03,2021-09-07,test,hybrid_topology_fhs_scenario,0.94,0.1,1000,4809,5809,0.010586949726486355,0.011122197726451306,0.0037182550966228913,0.0,0.0,0.007287531010381339
2021-09-07,2021-09-08,test,hybrid_topology_fhs_scenario,0.94,0.1,1000,4810,5810,0.010730389839029209,0.01121064322488184,-0.00036759135633324114,0.0,0.0,0.011399758528638329
2021-09-08,2021-09-09,test,hybrid_topology_fhs_scenario,0.94,0.1,1000,4811,5811,0.010409331578016375,0.011017766110466143,0.0014385860734102529,0.0,0.0,0.009429407991175556
2021-09-09,2021-09-10,test,hybrid_topology_fhs_scenario,0.94,0.1,1000,4812,5812,0.010210634453340499,0.010854243293400193,0.005993646963913158,0.0,0.0,0.004781251296144132
2021-09-10,2021-09-13,test,hybrid_topology_fhs_scenario,0.94,0.1,1000,4813,5813,0.010851029834881004,0.011326544618280724,-0.0020148247362351324,0.0,0.0,0.013136493666364123
2021-09-13,2021-09-14,test,hybrid_topology_fhs_scenario,0.94,0.1,1000,4814,5814,0.010701714685723255,0.011176449711039059,0.0017330393230317708,0.0,0.0,0.009297011881934021
2021-09-14,2021-09-15,test,hybrid_topology_fhs_scenario,0.94,0.1,1000,4815,5815,0.010386050930706346,0.010981514838503377,-0.004330040590639283,0.0,0.0,0.015075927458627549
2021-09-15,2021-09-16,test,hybrid_topology_fhs_scenario,0.94,0.1,1000,4816,5816,0.010638315771000854,0.011021529255137087,0.0022138260522806654,0.0,0.0,0.008671755519972214
2021-09-16,2021-09-17,test,hybrid_topology_fhs_scenario,0.94,0.1,1000,4817,5817,0.010303331577326743,0.010829705912027712,0.007008831947483385,0.0,0.0,0.0037582971117291523
2021-09-17,2021-09-20,test,hybrid_topology_fhs_scenario,0.94,0.1,1000,4818,5818,0.010916303082873325,0.011640077364725913,0.00797857807105422,0.0,0.0,0.003599339061448092
2021-09-20,2021-09-21,test,hybrid_topology_fhs_scenario,0.94,0.1,1000,4819,5819,0.01185354281934806,0.012551899092075727,0.000805999684461467,0.0,0.0,0.011562727353772772
2021-09-21,2021-09-22,test,hybrid_topology_fhs_scenario,0.94,0.1,1000,4820,5820,0.011370197028090449,0.012133528737421972,-0.006228857753023175,0.0,0.0,0.018079317375995156
2021-09-22,2021-09-23,test,hybrid_topology_fhs_scenario,0.94,0.1,1000,4821,5821,0.011890606965821818,0.012670915937047103,-0.0036700934508038675,0.0,0.0,0.01608809115732095
2021-09-23,2021-09-24,test,hybrid_topology_fhs_scenario,0.94,0.1,1000,4822,5822,0.011588607845508716,0.012411089566993784,0.00021814734136054196,0.0,0.0,0.012001823275033891
2021-09-24,2021-09-27,test,hybrid_topology_fhs_scenario,0.94,0.1,1000,4823,5823,0.011369772761337714,0.012123071029684823,0.002788127641226756,0.0,0.0,0.009187386254947725
2021-09-27,2021-09-28,test,hybrid_topology_fhs_scenario,0.94,0.1,1000,4824,5824,0.01116564858076175,0.011960476563709653,0.013616140017552802,1.0,1.0,0.00408164997626629
2021-09-28,2021-09-29,test,hybrid_topology_fhs_scenario,0.94,0.1,1000,4825,5825,0.01436428977339158,0.0152173684562452,-0.0014273549560446241,0.0,0.0,0.01638652177427694
2021-09-29,2021-09-30,test,hybrid_topology_fhs_scenario,0.94,0.1,1000,4826,5826,0.013962620265235865,0.014802906267048216,0.006846922448994429,0.0,0.0,0.007828241200764858
2021-09-30,2021-10-01,test,hybrid_topology_fhs_scenario,0.94,0.1,1000,4827,5827,0.01436356657371938,0.015175039808071857,-0.008763437225363014,0.0,0.0,0.023571285145589826
2021-10-01,2021-10-04,test,hybrid_topology_fhs_scenario,0.94,0.1,1000,4828,5828,0.014996323294729283,0.016042710697826805,0.00822200910059585,0.0,0.0,0.007692927199241515
2021-10-04,2021-10-05,test,hybrid_topology_fhs_scenario,0.94,0.1,1000,4829,5829,0.015594145242663336,0.016584632080672405,-0.004995901431207273,0.0,0.0,0.021246920640821388
2021-10-05,2021-10-06,test,hybrid_topology_fhs_scenario,0.94,0.1,1000,4830,5830,0.015402020190336822,0.01641510300234896,-0.0025978443107156136,0.0,0.0,0.018717622275248487
2021-10-06,2021-10-07,test,hybrid_topology_fhs_scenario,0.94,0.1,1000,4831,5831,0.01512907675397209,0.016076051746420586,-0.0035893488738719444,0.0,0.0,0.019360949861063657
2021-10-07,2021-10-08,test,hybrid_topology_fhs_scenario,0.94,0.1,1000,4832,5832,0.014887717826861697,0.015830162402274032,0.0019663637824640203,0.0,0.0,0.01364641719475874
2021-10-08,2021-10-11,test,hybrid_topology_fhs_scenario,0.94,0.1,1000,4833,5833,0.014512333546391285,0.015376258665921839,0.005322465157565959,0.0,0.0,0.009894347354535236
2021-10-11,2021-10-12,test,hybrid_topology_fhs_scenario,0.94,0.1,1000,4834,5834,0.01454322189427988,0.015451039737735815,-0.00034528322765363666,0.0,0.0,0.01555029994247405
2021-10-12,2021-10-13,test,hybrid_topology_fhs_scenario,0.94,0.1,1000,4835,5835,0.01408770727770388,0.014933650099766757,-0.0029259837167894265,0.0,0.0,0.01758327988108721
2021-10-13,2021-10-14,test,hybrid_topology_fhs_scenario,0.94,0.1,1000,4836,5836,0.014028552704768828,0.01488192461753529,-0.011032268705247806,0.0,0.0,0.025516946703813683
2021-10-14,2021-10-15,test,hybrid_topology_fhs_scenario,0.94,0.1,1000,4837,5837,0.015415880406437347,0.016474055086276383,-0.0025898423473162064,0.0,0.0,0.01876735722529031
2021-10-15,2021-10-18,test,hybrid_topology_fhs_scenario,0.94,0.1,1000,4838,5838,0.015052970468187522,0.016108158834899602,-0.001217702486464578,0.0,0.0,0.017055421517876597
2021-10-18,2021-10-19,test,hybrid_topology_fhs_scenario,0.94,0.1,1000,4839,5839,0.014675728600704051,0.015632065717697576,-0.0031956642050163355,0.0,0.0,0.018535750602703266
2021-10-19,2021-10-20,test,hybrid_topology_fhs_scenario,0.94,0.1,1000,4840,5840,0.014402516109409192,0.015347372336202196,-0.002181248257039492,0.0,0.0,0.017256242722075134
2021-10-20,2021-10-21,test,hybrid_topology_fhs_scenario,0.94,0.1,1000,4841,5841,0.014045498570755491,0.015004555278982836,-0.0005121243986709876,0.0,0.0,0.015274338915406744
2021-10-21,2021-10-22,test,hybrid_topology_fhs_scenario,0.94,0.1,1000,4842,5842,0.013622249268770018,0.014551425299095757,-0.0003987380305835454,0.0,0.0,0.014716619119430854
2021-10-22,2021-10-25,test,hybrid_topology_fhs_scenario,0.94,0.1,1000,4843,5843,0.013354420581810317,0.014160238068023752,-0.003708965511203033,0.0,0.0,0.01759310735067625
2021-10-25,2021-10-26,test,hybrid_topology_fhs_scenario,0.94,0.1,1000,4844,5844,0.013206255230258595,0.014030487621091417,-0.00103110603919756,0.0,0.0,0.014827427431476314
2021-10-26,2021-10-27,test,hybrid_topology_fhs_scenario,0.94,0.1,1000,4845,5845,0.012824340582431837,0.013638964559758862,0.000417391387198607,0.0,0.0,0.01301510333519858
2021-10-27,2021-10-28,test,hybrid_topology_fhs_scenario,0.94,0.1,1000,4846,5846,0.012546419295437808,0.013276389550169434,-0.004744788978936399,0.0,0.0,0.017743561148621932
2021-10-28,2021-10-29,test,hybrid_topology_fhs_scenario,0.94,0.1,1000,4847,5847,0.01261882280960499,0.01335877290113388,-0.0013919930622869447,0.0,0.0,0.014522104973054223
2021-10-29,2021-11-01,test,hybrid_topology_fhs_scenario,0.94,0.1,1000,4848,5848,0.012311212924798334,0.01305978976710362,-0.0010005788693430607,0.0,0.0,0.013841977338476929
2021-11-01,2021-11-02,test,hybrid_topology_fhs_scenario,0.94,0.1,1000,4849,5849,0.011957260897778536,0.012760725985199303,-0.0034037888961237165,0.0,0.0,0.015914012507228965
2021-11-02,2021-11-03,test,hybrid_topology_fhs_scenario,0.94,0.1,1000,4850,5850,0.011898798971254145,0.012701781725641093,-0.002409038117055928,0.0,0.0,0.014876127717512696
2021-11-03,2021-11-04,test,hybrid_topology_fhs_scenario,0.94,0.1,1000,4851,5851,0.011663477696749396,0.01246783162533746,-0.004994350298888995,0.0,0.0,0.017192205656077177
2021-11-04,2021-11-05,test,hybrid_topology_fhs_scenario,0.94,0.1,1000,4852,5852,0.011798891422173488,0.012569442186138686,-0.00427132585997656,0.0,0.0,0.016580451017783868
2021-11-05,2021-11-08,test,hybrid_topology_fhs_scenario,0.94,0.1,1000,4853,5853,0.011878358377001085,0.012634543448719572,0.0012161620451082824,0.0,0.0,0.011239543831839933
2021-11-08,2021-11-09,test,hybrid_topology_fhs_scenario,0.94,0.1,1000,4854,5854,0.011643569573054124,0.012485951503025164,0.0001430703173561196,0.0,0.0,0.012149314148584297
2021-11-09,2021-11-10,test,hybrid_topology_fhs_scenario,0.94,0.1,1000,4855,5855,0.011384529712475989,0.0121321622059272,0.00824835833445139,0.0,0.0,0.003818070488469162
2021-11-10,2021-11-11,test,hybrid_topology_fhs_scenario,0.94,0.1,1000,4856,5856,0.012357215476297955,0.013059447609696608,0.0010955882497041714,0.0,0.0,0.011777379148258563
2021-11-11,2021-11-12,test,hybrid_topology_fhs_scenario,0.94,0.1,1000,4857,5857,0.01204837728503453,0.0129069002474497,-0.005367339133779359,0.0,0.0,0.017991540560886473
2021-11-12,2021-11-15,test,hybrid_topology_fhs_scenario,0.94,0.1,1000,4858,5858,0.012253351755916622,0.0131338756854219,0.0013649831634277468,0.0,0.0,0.011583553894869187
2021-11-15,2021-11-16,test,hybrid_topology_fhs_scenario,0.94,0.1,1000,4859,5859,0.011919861365063206,0.012707881927354772,-0.0020244748757041187,0.0,0.0,0.01450349124539009
2021-11-16,2021-11-17,test,hybrid_topology_fhs_scenario,0.94,0.1,1000,4860,5860,0.0115908483925918,0.012309250816890516,1.9937531395952668e-05,0.0,0.0,0.012097789561969158
2021-11-17,2021-11-18,test,hybrid_topology_fhs_scenario,0.94,0.1,1000,4861,5861,0.011237753361592603,0.011982782130853796,-0.0022824257994727756,0.0,0.0,0.01404377952367906
2021-11-18,2021-11-19,test,hybrid_topology_fhs_scenario,0.94,0.1,1000,4862,5862,0.011093457237406356,0.011784951268742795,-9.59242587912374e-06,0.0,0.0,0.011610710598889226
2021-11-19,2021-11-22,test,hybrid_topology_fhs_scenario,0.94,0.1,1000,4863,5863,0.010942178842306279,0.011545437531679574,0.00461452607919326,0.0,0.0,0.0068209151938052855
2021-11-22,2021-11-23,test,hybrid_topology_fhs_scenario,0.94,0.1,1000,4864,5864,0.011588415655287945,0.012036590971534963,0.0008532516229679655,0.0,0.0,0.011011107505176023
2021-11-23,2021-11-24,test,hybrid_topology_fhs_scenario,0.94,0.1,1000,4865,5865,0.011403812097843446,0.011764687412273466,-0.002834996173064974,0.0,0.0,0.014377079578414062
2021-11-24,2021-11-26,test,hybrid_topology_fhs_scenario,0.94,0.1,1000,4866,5866,0.011481219994915588,0.011830050890662655,0.0082195588499832,0.0,0.0,0.003552846351111792
2021-11-26,2021-11-29,test,hybrid_topology_fhs_scenario,0.94,0.1,1000,4867,5867,0.012022325808269518,0.012741876346588488,-0.006458561645947425,0.0,0.0,0.018905235917264684
2021-11-29,2021-11-30,test,hybrid_topology_fhs_scenario,0.94,0.1,1000,4868,5868,0.012503926912409511,0.013213248551609129,0.009276978434573467,0.0,0.0,0.00387013284888813
2021-11-30,2021-12-01,test,hybrid_topology_fhs_scenario,0.94,0.1,1000,4869,5869,0.013651060214275335,0.014505003925105231,0.005910605402963686,0.0,0.0,0.008456943107201123
2021-12-01,2021-12-02,test,hybrid_topology_fhs_scenario,0.94,0.1,1000,4870,5870,0.013781134107452511,0.014650777680819365,-0.008327188217537883,0.0,0.0,0.02262459997414822
2021-12-02,2021-12-03,test,hybrid_topology_fhs_scenario,0.94,0.1,1000,4871,5871,0.014609522697192368,0.015585267605148022,0.002869518620032929,0.0,0.0,0.012515255301258809
2021-12-03,2021-12-06,test,hybrid_topology_fhs_scenario,0.94,0.1,1000,4872,5872,0.01437879734039239,0.015311487281730898,-0.0051121579033357005,0.0,0.0,0.020107963607877213
2021-12-06,2021-12-07,test,hybrid_topology_fhs_scenario,0.94,0.1,1000,4873,5873,0.014459990688258163,0.015351758259498758,-0.010890729317390279,0.0,0.0,0.025839932587523297
2021-12-07,2021-12-08,test,hybrid_topology_fhs_scenario,0.94,0.1,1000,4874,5874,0.01585878456915926,0.016884696640867208,-0.00030563413339979007,0.0,0.0,0.016922216691935915
2021-12-08,2021-12-09,test,hybrid_topology_fhs_scenario,0.94,0.1,1000,4875,5875,0.015423842437245906,0.0164647608541205,0.0030420024297983074,0.0,0.0,0.013211007863788614
2021-12-09,2021-12-10,test,hybrid_topology_fhs_scenario,0.94,0.1,1000,4876,5876,0.015108954003604258,0.01616488090947092,-0.005925805396255557,0.0,0.0,0.021748766742081916
2021-12-10,2021-12-13,test,hybrid_topology_fhs_scenario,0.94,0.1,1000,4877,5877,0.015194109315652573,0.016251431426789885,0.0034076726153093647,0.0,0.0,0.012640529208196938
2021-12-13,2021-12-14,test,hybrid_topology_fhs_scenario,0.94,0.1,1000,4878,5878,0.014972475589974792,0.01602459306921908,0.004818211103965964,0.0,0.0,0.011027765060981876
2021-12-14,2021-12-15,test,hybrid_topology_fhs_scenario,0.94,0.1,1000,4879,5879,0.014913528692404225,0.015936541462823858,-0.008787066372522823,0.0,0.0,0.024342523590112283
2021-12-15,2021-12-16,test,hybrid_topology_fhs_scenario,0.94,0.1,1000,4880,5880,0.015746269077577986,0.016724881308228887,0.004126388550254444,0.0,0.0,0.012399729244298316
2021-12-16,2021-12-17,test,hybrid_topology_fhs_scenario,0.94,0.1,1000,4881,5881,0.015135285169875482,0.016084255169860357,0.0054873769077044224,0.0,0.0,0.010428435388223746
2021-12-17,2021-12-20,test,hybrid_topology_fhs_scenario,0.94,0.1,1000,4882,5882,0.015140885013222152,0.01609594802653814,0.006724694316786084,0.0,0.0,0.009221134273972614
2021-12-20,2021-12-21,test,hybrid_topology_fhs_scenario,0.94,0.1,1000,4883,5883,0.01522386563786595,0.016220311585438192,-0.009067766669835508,0.0,0.0,0.02489879262196887
2021-12-21,2021-12-22,test,hybrid_topology_fhs_scenario,0.94,0.1,1000,4884,5884,0.016075925415249024,0.017073155963692847,-0.006380469742727746,0.0,0.0,0.023091849015339845
2021-12-22,2021-12-23,test,hybrid_topology_fhs_scenario,0.94,0.1,1000,4885,5885,0.01592489456830918,0.017031352015589703,-0.0029024088123224432,0.0,0.0,0.01962368984102066
2021-12-23,2021-12-27,test,hybrid_topology_fhs_scenario,0.94,0.1,1000,4886,5886,0.015563321216248012,0.01666250150363713,-0.008630161025962747,0.0,0.0,0.02490228078878199
2021-12-27,2021-12-28,test,hybrid_topology_fhs_scenario,0.94,0.1,1000,4887,5887,0.01616703737198067,0.017235688156534302,0.0005598047392218363,0.0,0.0,0.016415058658207242
2021-12-28,2021-12-29,test,hybrid_topology_fhs_scenario,0.94,0.1,1000,4888,5888,0.015808619377682243,0.01677575731080267,0.0012786263737361472,0.0,0.0,0.015255002593679321
2021-12-29,2021-12-30,test,hybrid_topology_fhs_scenario,0.94,0.1,1000,4889,5889,0.015351644374365654,0.016383545009912633,0.00033409333127978327,0.0,0.0,0.015798390897097888
2021-12-30,2021-12-31,test,hybrid_topology_fhs_scenario,0.94,0.1,1000,4890,5890,0.014933887024604102,0.01591090503408889,0.0019636333476521052,0.0,0.0,0.013728292431045386
2021-12-31,2022-01-03,test,hybrid_topology_fhs_scenario,0.94,0.1,1000,4891,5891,0.014732450628920951,0.015843738364329136,0.0002480603951334542,0.0,0.0,0.015350629922303663
2022-01-03,2022-01-04,test,hybrid_topology_fhs_scenario,0.94,0.1,1000,4892,5892,0.014435265010542686,0.015426194846596969,0.00041139184740115466,0.0,0.0,0.014779671655847334
2022-01-04,2022-01-05,test,hybrid_topology_fhs_scenario,0.94,0.1,1000,4893,5893,0.014060613757109531,0.01502702180406895,0.013207571182998736,0.0,0.0,0.0017824947812845671
2022-01-05,2022-01-06,test,hybrid_topology_fhs_scenario,0.94,0.1,1000,4894,5894,0.01611064305105773,0.01735703628485105,0.0015511352367439724,0.0,0.0,0.015556348600047535
2022-01-06,2022-01-07,test,hybrid_topology_fhs_scenario,0.94,0.1,1000,4895,5895,0.015655998443194936,0.01688427990395262,0.003680625567206519,0.0,0.0,0.012993316707087331
2022-01-07,2022-01-10,test,hybrid_topology_fhs_scenario,0.94,0.1,1000,4896,5896,0.01525678215646925,0.016443789944216376,0.0008529796084550068,0.0,0.0,0.015345078102847477
2022-01-10,2022-01-11,test,hybrid_topology_fhs_scenario,0.94,0.1,1000,4897,5897,0.014930016675442288,0.01600002025971324,-0.006422982769424701,0.0,0.0,0.022075957947858164
2022-01-11,2022-01-12,test,hybrid_topology_fhs_scenario,0.94,0.1,1000,4898,5898,0.015072440277179066,0.01619196607143628,-0.0016930121424007627,0.0,0.0,0.01760550828268691
2022-01-12,2022-01-13,test,hybrid_topology_fhs_scenario,0.94,0.1,1000,4899,5899,0.014815520108349177,0.01586271215027637,0.006992712447216354,0.0,0.0,0.008726477787094842
2022-01-13,2022-01-14,test,hybrid_topology_fhs_scenario,0.94,0.1,1000,4900,5900,0.015140961682633961,0.01614982110522451,0.0025069401282598494,0.0,0.0,0.013428149168084286
2022-01-14,2022-01-18,test,hybrid_topology_fhs_scenario,0.94,0.1,1000,4901,5901,0.014692792012639956,0.015639365088070206,0.013645934467020093,0.0,0.0,0.001954063430980059
2022-01-18,2022-01-19,test,hybrid_topology_fhs_scenario,0.94,0.1,1000,4902,5902,0.016952123162896203,0.018062906205131242,0.005263476466967098,0.0,0.0,0.01259633046166933
2022-01-19,2022-01-20,test,hybrid_topology_fhs_scenario,0.94,0.1,1000,4903,5903,0.016768735230556914,0.01787049992666942,0.0057837803678054914,0.0,0.0,0.011894401118519844
2022-01-20,2022-01-21,test,hybrid_topology_fhs_scenario,0.94,0.1,1000,4904,5904,0.01659508602290222,0.017795618246227163,0.009461887235668298,0.0,0.0,0.008196719723167233
2022-01-21,2022-01-24,test,hybrid_topology_fhs_scenario,0.94,0.1,1000,4905,5905,0.017445536719204853,0.018603890111117412,-0.0021938079498599714,0.0,0.0,0.020474149056143597
2022-01-24,2022-01-25,test,hybrid_topology_fhs_scenario,0.94,0.1,1000,4906,5906,0.016979674996046846,0.018091442476676368,0.007857485537211195,0.0,0.0,0.0100693299105669
2022-01-25,2022-01-26,test,hybrid_topology_fhs_scenario,0.94,0.1,1000,4907,5907,0.017307036527646764,0.0184552926319262,0.004346140549340305,0.0,0.0,0.013886032240304314
2022-01-26,2022-01-27,test,hybrid_topology_fhs_scenario,0.94,0.1,1000,4908,5908,0.01703783505389494,0.018163153404754696,0.001281687143110832,0.0,0.0,0.01661699108421061
2022-01-27,2022-01-28,test,hybrid_topology_fhs_scenario,0.94,0.1,1000,4909,5909,0.016595292858683355,0.01768154588780365,-0.015827162804011197,0.0,0.0,0.03299521553114642
2022-01-28,2022-01-31,test,hybrid_topology_fhs_scenario,0.94,0.1,1000,4910,5910,0.01937409626565475,0.020603666508763413,-0.010806727869621424,0.0,0.0,0.03092694276027798
2022-01-31,2022-02-01,test,hybrid_topology_fhs_scenario,0.94,0.1,1000,4911,5911,0.020177628057856452,0.021407328112950545,-0.003513377837704823,0.0,0.0,0.0245345983608446
2022-02-01,2022-02-02,test,hybrid_topology_fhs_scenario,0.94,0.1,1000,4912,5912,0.01964549526541996,0.02083328639687452,-0.006647704068224992,0.0,0.0,0.027056897696808472
2022-02-02,2022-02-03,test,hybrid_topology_fhs_scenario,0.94,0.1,1000,4913,5913,0.019575611944743675,0.020742413266260598,0.015809037802453973,0.0,0.0,0.004847706818634357
2022-02-03,2022-02-04,test,hybrid_topology_fhs_scenario,0.94,0.1,1000,4914,5914,0.021809931118265534,0.02313541118360765,0.0002485627444944517,0.0,0.0,0.022530290911873082
2022-02-04,2022-02-07,test,hybrid_topology_fhs_scenario,0.94,0.1,1000,4915,5915,0.021146187656493984,0.022480071844928007,0.0018174645870365767,0.0,0.0,0.020339329307138717
2022-02-07,2022-02-08,test,hybrid_topology_fhs_scenario,0.94,0.1,1000,4916,5916,0.020540461721003146,0.021853008469680205,-0.003642011336674766,0.0,0.0,0.025099469041772873
2022-02-08,2022-02-09,test,hybrid_topology_fhs_scenario,0.94,0.1,1000,4917,5917,0.0201316912694409,0.021360522353496544,-0.009322902914680409,0.0,0.0,0.03021088557831374
2022-02-09,2022-02-10,test,hybrid_topology_fhs_scenario,0.94,0.1,1000,4918,5918,0.020527591126516427,0.021751493293342528,0.014454412736401646,0.0,0.0,0.007175385326918507
2022-02-10,2022-02-11,test,hybrid_topology_fhs_scenario,0.94,0.1,1000,4919,5919,0.02196367096762414,0.02350411255054316,0.007685928070968395,0.0,0.0,0.015565507296551952
2022-02-11,2022-02-14,test,hybrid_topology_fhs_scenario,0.94,0.1,1000,4920,5920,0.02191626271686524,0.023454747636726232,0.004732757637797036,0.0,0.0,0.01842577529974665
2022-02-14,2022-02-15,test,hybrid_topology_fhs_scenario,0.94,0.1,1000,4921,5921,0.02148695528171538,0.02300775940314875,-0.008480330575809302,0.0,0.0,0.031000560588059344
2022-02-15,2022-02-16,test,hybrid_topology_fhs_scenario,0.94,0.1,1000,4922,5922,0.021774027855878664,0.023201526935233835,-0.0015084030454544984,0.0,0.0,0.024325006040184456
2022-02-16,2022-02-17,test,hybrid_topology_fhs_scenario,0.94,0.1,1000,4923,5923,0.021135584368217584,0.022477597010275928,0.010676671643348245,0.0,0.0,0.011610491360003184
2022-02-17,2022-02-18,test,hybrid_topology_fhs_scenario,0.94,0.1,1000,4924,5924,0.021738719283731903,0.023098146419728148,0.00258607779868818,0.0,0.0,0.020190793320364404
2022-02-18,2022-02-22,test,hybrid_topology_fhs_scenario,0.94,0.1,1000,4925,5925,0.021149639087472152,0.022535080273292766,0.00647518148778623,0.0,0.0,0.015805145891865734
2022-02-22,2022-02-23,test,hybrid_topology_fhs_scenario,0.94,0.1,1000,4926,5926,0.021040217122040874,0.022392902339598137,0.012729044820125624,0.0,0.0,0.009505372804504851
2022-02-23,2022-02-24,test,hybrid_topology_fhs_scenario,0.94,0.1,1000,4927,5927,0.022097566115712845,0.023550617967307633,-0.009969506056453702,0.0,0.0,0.033002791644888965
2022-02-24,2022-02-25,test,hybrid_topology_fhs_scenario,0.94,0.1,1000,4928,5928,0.022470447467304946,0.023934266882214558,-0.013130138474122298,0.0,0.0,0.03649380108184271
2022-02-25,2022-02-28,test,hybrid_topology_fhs_scenario,0.94,0.1,1000,4929,5929,0.02337647288999167,0.025037725910690624,-0.0030110345018280254,0.0,0.0,0.027611416476123883
2022-02-28,2022-03-01,test,hybrid_topology_fhs_scenario,0.94,0.1,1000,4930,5930,0.022737370901372917,0.024265161060920675,0.005242323976146324,0.0,0.0,0.01872221662690726
2022-03-01,2022-03-02,test,hybrid_topology_fhs_scenario,0.94,0.1,1000,4931,5931,0.022326358457113865,0.02383796025501132,-0.005025750281215524,0.0,0.0,0.028415638860204463
2022-03-02,2022-03-03,test,hybrid_topology_fhs_scenario,0.94,0.1,1000,4932,5932,0.02190991908440505,0.023405123739390233,0.0012635444856589294,0.0,0.0,0.02179450351837548
2022-03-03,2022-03-04,test,hybrid_topology_fhs_scenario,0.94,0.1,1000,4933,5933,0.021259537058212347,0.022729142906510843,0.0009065494322054056,0.0,0.0,0.021480558513707868
2022-03-04,2022-03-07,test,hybrid_topology_fhs_scenario,0.94,0.1,1000,4934,5934,0.02078415022730833,0.022073420324597817,0.019386713746495542,0.0,0.0,0.002633513278457846
2022-03-07,2022-03-08,test,hybrid_topology_fhs_scenario,0.94,0.1,1000,4935,5935,0.023887799906312242,0.0255705924772369,0.007144189125774348,0.0,0.0,0.018133179375481367
2022-03-08,2022-03-09,test,hybrid_topology_fhs_scenario,0.94,0.1,1000,4936,5936,0.023655860764446632,0.025329295024518257,-0.013617692629401379,0.0,0.0,0.038346048496510125
2022-03-09,2022-03-10,test,hybrid_topology_fhs_scenario,0.94,0.1,1000,4937,5937,0.02469680502187283,0.026340984837758947,0.004545512480875313,0.0,0.0,0.02145209847337152
2022-03-10,2022-03-11,test,hybrid_topology_fhs_scenario,0.94,0.1,1000,4938,5938,0.024139712809805314,0.025779025308543185,0.0077375021486518975,0.0,0.0,0.01775450718750554
2022-03-11,2022-03-14,test,hybrid_topology_fhs_scenario,0.94,0.1,1000,4939,5939,0.023978511347043454,0.025610580516344822,0.009450062149976656,0.0,0.0,0.015901789899179626
2022-03-14,2022-03-15,test,hybrid_topology_fhs_scenario,0.94,0.1,1000,4940,5940,0.02410506151776194,0.02572125992990001,-0.013010866898241335,0.0,0.0,0.038134982941597846
2022-03-15,2022-03-16,test,hybrid_topology_fhs_scenario,0.94,0.1,1000,4941,5941,0.024962361501515436,0.02661904621367087,-0.01275468991127644,0.0,0.0,0.03876656323595154
2022-03-16,2022-03-17,test,hybrid_topology_fhs_scenario,0.94,0.1,1000,4942,5942,0.02568387655221341,0.027354028655824824,-0.006735602153051001,0.0,0.0,0.03356158482570657
2022-03-17,2022-03-18,test,hybrid_topology_fhs_scenario,0.94,0.1,1000,4943,5943,0.025312032549011546,0.026963737639732394,-0.007748753495352512,0.0,0.0,0.03417528671715143
2022-03-18,2022-03-21,test,hybrid_topology_fhs_scenario,0.94,0.1,1000,4944,5944,0.025090696489375428,0.026753409214807296,0.005383118218852046,0.0,0.0,0.021033109503761603
2022-03-21,2022-03-22,test,hybrid_topology_fhs_scenario,0.94,0.1,1000,4945,5945,0.02459551178945398,0.026234832282062366,-0.004828392725480191,0.0,0.0,0.030580883427503334
2022-03-22,2022-03-23,test,hybrid_topology_fhs_scenario,0.94,0.1,1000,4946,5946,0.024067350689335486,0.025681726234029596,0.005036787334539028,0.0,0.0,0.020319121060551268
2022-03-23,2022-03-24,test,hybrid_topology_fhs_scenario,0.94,0.1,1000,4947,5947,0.023579904746510408,0.02517126189690579,-0.006817865948772451,0.0,0.0,0.03149337735648911
2022-03-24,2022-03-25,test,hybrid_topology_fhs_scenario,0.94,0.1,1000,4948,5948,0.023327047377183753,0.02487377016040878,0.0011750823841369501,0.0,0.0,0.023327740231795503
2022-03-25,2022-03-28,test,hybrid_topology_fhs_scenario,0.94,0.1,1000,4949,5949,0.022630289516799764,0.024172137705554406,-0.005172710531322488,0.0,0.0,0.028889257031436192
2022-03-28,2022-03-29,test,hybrid_topology_fhs_scenario,0.94,0.1,1000,4950,5950,0.022216435883950617,0.02374160844963829,-0.009416406063639072,0.0,0.0,0.03264539256992133
2022-03-29,2022-03-30,test,hybrid_topology_fhs_scenario,0.94,0.1,1000,4951,5951,0.02245614080503215,0.02395488124002864,0.0021325405313335375,0.0,0.0,0.02148001819371471
2022-03-30,2022-03-31,test,hybrid_topology_fhs_scenario,0.94,0.1,1000,4952,5952,0.02181193725971189,0.023215632107833457,0.008488862458219403,0.0,0.0,0.014491831156388628
2022-03-31,2022-04-01,test,hybrid_topology_fhs_scenario,0.94,0.1,1000,4953,5953,0.02190804062730681,0.023316488384409154,0.0009042970023739997,0.0,0.0,0.022061924033733603
2022-04-01,2022-04-04,test,hybrid_topology_fhs_scenario,0.94,0.1,1000,4954,5954,0.021249379493157305,0.02261236400546399,-0.0048774687865178025,0.0,0.0,0.027063855454979
2022-04-04,2022-04-05,test,hybrid_topology_fhs_scenario,0.94,0.1,1000,4955,5955,0.020862764516792646,0.02220405879678603,0.012345201936121274,0.0,0.0,0.009697561064954853
2022-04-05,2022-04-06,test,hybrid_topology_fhs_scenario,0.94,0.1,1000,4956,5956,0.021872312679568056,0.02324101923514843,0.007404965965329046,0.0,0.0,0.01558482540521629
2022-04-06,2022-04-07,test,hybrid_topology_fhs_scenario,0.94,0.1,1000,4957,5957,0.021785607649931808,0.02314924761087301,-0.002032215071854848,0.0,0.0,0.02479010434287753
2022-04-07,2022-04-08,test,hybrid_topology_fhs_scenario,0.94,0.1,1000,4958,5958,0.021166311152615434,0.022493765329154775,0.003629467060754954,0.0,0.0,0.018568059252608432
2022-04-08,2022-04-11,test,hybrid_topology_fhs_scenario,0.94,0.1,1000,4959,5959,0.020666840855161017,0.021965111645713232,0.012175566574571505,0.0,0.0,0.009629719187169077
2022-04-11,2022-04-12,test,hybrid_topology_fhs_scenario,0.94,0.1,1000,4960,5960,0.021653160172427972,0.023009060638605482,0.00029378603232039775,0.0,0.0,0.022360986482529033
2022-04-12,2022-04-13,test,hybrid_topology_fhs_scenario,0.94,0.1,1000,4961,5961,0.020994451826897558,0.022311865462860722,-0.007755692483790533,0.0,0.0,0.029603370441091854
2022-04-13,2022-04-14,test,hybrid_topology_fhs_scenario,0.94,0.1,1000,4962,5962,0.021015610295377848,0.022334260551334452,0.01107337460202873,0.0,0.0,0.01107878615750657
2022-04-14,2022-04-18,test,hybrid_topology_fhs_scenario,0.94,0.1,1000,4963,5963,0.021699763476019162,0.02305838630509446,0.0009134093797042555,0.0,0.0,0.0217992160432186
2022-04-18,2022-04-19,test,hybrid_topology_fhs_scenario,0.94,0.1,1000,4964,5964,0.021047710026316842,0.02236823647485316,-0.007048320759166237,0.0,0.0,0.028962103611023745
2022-04-19,2022-04-20,test,hybrid_topology_fhs_scenario,0.94,0.1,1000,4965,5965,0.02095236875173581,0.02231190742707767,-0.0026783567474202522,0.0,0.0,0.024601814825127032
2022-04-20,2022-04-21,test,hybrid_topology_fhs_scenario,0.94,0.1,1000,4966,5966,0.02039415642766564,0.021722392178512823,0.011180093398838343,0.0,0.0,0.01037088194047089
2022-04-21,2022-04-22,test,hybrid_topology_fhs_scenario,0.94,0.1,1000,4967,5967,0.021160547315911063,0.022517548129424098,0.01626887486311406,0.0,0.0,0.006141373159180259
2022-04-22,2022-04-25,test,hybrid_topology_fhs_scenario,0.94,0.1,1000,4968,5968,0.023263319189643885,0.024743628034271558,-0.0060482920240608525,0.0,0.0,0.030315238169011147
2022-04-25,2022-04-26,test,hybrid_topology_fhs_scenario,0.94,0.1,1000,4969,5969,0.022920194873743863,0.024381258850028918,0.014707391208430318,0.0,0.0,0.00951414898721177
2022-04-26,2022-04-27,test,hybrid_topology_fhs_scenario,0.94,0.1,1000,4970,5970,0.024333389364944058,0.025852971314201043,0.0005416812304643861,0.0,0.0,0.024916424912988035
2022-04-27,2022-04-28,test,hybrid_topology_fhs_scenario,0.94,0.1,1000,4971,5971,0.023594922095930823,0.025071362518472168,-0.014575910835829164,0.0,0.0,0.039037799849761405
2022-04-28,2022-04-29,test,hybrid_topology_fhs_scenario,0.94,0.1,1000,4972,5972,0.02468234756255348,0.026408985868002405,0.024301910507346113,0.0,0.0,0.0020582028471919592
2022-04-29,2022-05-02,test,hybrid_topology_fhs_scenario,0.94,0.1,1000,4973,5973,0.028921258963685994,0.031011499528868145,-0.0006318673981850595,0.0,0.0,0.031147814017495584
2022-05-02,2022-05-03,test,hybrid_topology_fhs_scenario,0.94,0.1,1000,4974,5974,0.02804338046838091,0.03004505660302412,-0.003221454508098054,0.0,0.0,0.03274749668310891
2022-05-03,2022-05-04,test,hybrid_topology_fhs_scenario,0.94,0.1,1000,4975,5975,0.027274170477938772,0.029226089268764317,-0.020858828195321297,0.0,0.0,0.049314124514216066
2022-05-04,2022-05-05,test,hybrid_topology_fhs_scenario,0.94,0.1,1000,4976,5976,0.029892701501238034,0.0320498775964696,0.02533739284495784,0.0,0.0,0.006590225719286768
2022-05-05,2022-05-06,test,hybrid_topology_fhs_scenario,0.94,0.1,1000,4977,5977,0.03356621005923576,0.03596886109147897,0.005863254136799912,0.0,0.0,0.02962999634003644
2022-05-06,2022-05-09,test,hybrid_topology_fhs_scenario,0.94,0.1,1000,4978,5978,0.03277870164705344,0.035124983256115086,0.016242716010385825,0.0,0.0,0.018575570420952706
2022-05-09,2022-05-10,test,hybrid_topology_fhs_scenario,0.94,0.1,1000,4979,5979,0.03358288422150209,0.03598672878119775,-0.002721839738266141,0.0,0.0,0.03810390154607497
2022-05-10,2022-05-11,test,hybrid_topology_fhs_scenario,0.94,0.1,1000,4980,5980,0.03261058647149758,0.034944834487866686,0.0070654271325821145,0.0,0.0,0.02743787376479161
2022-05-11,2022-05-12,test,hybrid_topology_fhs_scenario,0.94,0.1,1000,4981,5981,0.03196778668214156,0.034256023439727015,-0.0006964923412002389,0.0,0.0,0.03440534567663749
2022-05-12,2022-05-13,test,hybrid_topology_fhs_scenario,0.94,0.1,1000,4982,5982,0.0309974141632558,0.03324427170078556,-0.012250607427425696,0.0,0.0,0.04478998736591278
2022-05-13,2022-05-16,test,hybrid_topology_fhs_scenario,0.94,0.1,1000,4983,5983,0.031148336667759804,0.03340563452953054,0.0007581864642923983,0.0,0.0,0.032135163365641865
2022-05-16,2022-05-17,test,hybrid_topology_fhs_scenario,0.94,0.1,1000,4984,5984,0.030203683389414225,0.03239558788475342,-0.009314292129493218,0.0,0.0,0.04106231276907954
2022-05-17,2022-05-18,test,hybrid_topology_fhs_scenario,0.94,0.1,1000,4985,5985,0.029937850392787364,0.032111349059685365,0.021331682383899573,0.0,0.0,0.010596236688980024
2022-05-18,2022-05-19,test,hybrid_topology_fhs_scenario,0.94,0.1,1000,4986,5986,0.03233782246581879,0.03465254618323826,0.0022375666504134803,0.0,0.0,0.031905607602658204
2022-05-19,2022-05-20,test,hybrid_topology_fhs_scenario,0.94,0.1,1000,4987,5987,0.03138832326909227,0.033635082351210245,-0.0021194636616710394,0.0,0.0,0.035195760231866886
2022-05-20,2022-05-23,test,hybrid_topology_fhs_scenario,0.94,0.1,1000,4988,5988,0.030465054752081416,0.03261670263817581,-0.008799215271175553,0.0,0.0,0.040773162661850146
2022-05-23,2022-05-24,test,hybrid_topology_fhs_scenario,0.94,0.1,1000,4989,5989,0.030116664997731513,0.03224485245827193,0.0011309384741175817,0.0,0.0,0.03062592339978663
2022-05-24,2022-05-25,test,hybrid_topology_fhs_scenario,0.94,0.1,1000,4990,5990,0.02920897043437748,0.03130397445442999,-0.006107848563264717,0.0,0.0,0.036829695632228765
2022-05-25,2022-05-26,test,hybrid_topology_fhs_scenario,0.94,0.1,1000,4991,5991,0.0286118181816471,0.030638686456925614,-0.011797003884672908,0.0,0.0,0.041778886303721764
2022-05-26,2022-05-27,test,hybrid_topology_fhs_scenario,0.94,0.1,1000,4992,5992,0.028838786919330766,0.030880930602677957,-0.015304890399998427,0.0,0.0,0.04547261225080276
2022-05-27,2022-05-31,test,hybrid_topology_fhs_scenario,0.94,0.1,1000,4993,5993,0.02977237572646654,0.03187736378568038,0.007542482697050578,0.0,0.0,0.023948807991708215
2022-05-31,2022-06-01,test,hybrid_topology_fhs_scenario,0.94,0.1,1000,4994,5994,0.02930220543635418,0.031375537030130254,0.007105094296258496,0.0,0.0,0.02388565277692592
2022-06-01,2022-06-02,test,hybrid_topology_fhs_scenario,0.94,0.1,1000,4995,5995,0.02880363171151067,0.03087226015595363,-0.012010836032027905,0.0,0.0,0.04221916346071738
2022-06-02,2022-06-03,test,hybrid_topology_fhs_scenario,0.94,0.1,1000,4996,5996,0.029056869502365724,0.031141933788369637,0.010625452315631344,0.0,0.0,0.02018788360778718
2022-06-03,2022-06-06,test,hybrid_topology_fhs_scenario,0.94,0.1,1000,4997,5997,0.029052858438896517,0.031137652149790657,0.0011763716714590093,0.0,0.0,0.02949101333404773
2022-06-06,2022-06-07,test,hybrid_topology_fhs_scenario,0.94,0.1,1000,4998,5998,0.02817876048105601,0.03020678229522658,-0.007366599186925527,0.0,0.0,0.03698950054177812
2022-06-07,2022-06-08,test,hybrid_topology_fhs_scenario,0.94,0.1,1000,4999,5999,0.027760355697690038,0.02976119942486686,0.008010434997654681,0.0,0.0,0.021404494523532228
2022-06-08,2022-06-09,test,hybrid_topology_fhs_scenario,0.94,0.1,1000,5000,6000,0.027441907085705652,0.029402865704343084,0.014623430680139382,0.0,0.0,0.014538133912654272
2022-06-09,2022-06-10,test,hybrid_topology_fhs_scenario,0.94,0.1,1000,5001,6001,0.028344046427551034,0.03038277485029197,0.02132936141364683,0.0,0.0,0.008897224950868053
2022-06-10,2022-06-13,test,hybrid_topology_fhs_scenario,0.94,0.1,1000,5002,6002,0.030957616433744565,0.03314233845070562,0.029888948671194182,0.0,0.0,0.0031827417126491547
2022-06-13,2022-06-14,test,hybrid_topology_fhs_scenario,0.94,0.1,1000,5003,6003,0.03605372657328269,0.03864096130721301,0.0050020837406921535,0.0,0.0,0.03310842205568375
2022-06-14,2022-06-15,test,hybrid_topology_fhs_scenario,0.94,0.1,1000,5004,6004,0.03511486966758393,0.03763782562888426,-0.01413719218720506,0.0,0.0,0.05097316298923497
2022-06-15,2022-06-16,test,hybrid_topology_fhs_scenario,0.94,0.1,1000,5005,6005,0.03533178557576483,0.0378695847056778,0.017245097219708884,0.0,0.0,0.020289742182380253
2022-06-16,2022-06-17,test,hybrid_topology_fhs_scenario,0.94,0.1,1000,5006,6006,0.036142229967791414,0.038735502368628126,-0.001413321119271682,0.0,0.0,0.03952065841157294
2022-06-17,2022-06-21,test,hybrid_topology_fhs_scenario,0.94,0.1,1000,5007,6007,0.035053919604040945,0.03757268472304123,-0.013028432094073228,0.0,0.0,0.049816912413667744
2022-06-21,2022-06-22,test,hybrid_topology_fhs_scenario,0.94,0.1,1000,5008,6008,0.035083646011152846,0.03760443990718151,-0.003968362941210102,0.0,0.0,0.040924002866705445
2022-06-22,2022-06-23,test,hybrid_topology_fhs_scenario,0.94,0.1,1000,5009,6009,0.03411808940562219,0.036572781666255806,-0.00814031518784839,0.0,0.0,0.044017853478686295
2022-06-23,2022-06-24,test,hybrid_topology_fhs_scenario,0.94,0.1,1000,5010,6010,0.03352308795917137,0.03593704561873843,-0.01765766640618165,0.0,0.0,0.05276665176795061
2022-06-24,2022-06-27,test,hybrid_topology_fhs_scenario,0.94,0.1,1000,5011,6011,0.034577837325208145,0.0370639894022731,0.004546001082528362,0.0,0.0,0.03200535697417792
2022-06-27,2022-06-28,test,hybrid_topology_fhs_scenario,0.94,0.1,1000,5012,6012,0.03366183902219365,0.03608528465892861,0.011742701268560519,0.0,0.0,0.02395321018314522
2022-06-28,2022-06-29,test,hybrid_topology_fhs_scenario,0.94,0.1,1000,5013,6013,0.03356663499168501,0.03598355899325446,-0.002728619018228429,0.0,0.0,0.03810732610129494
2022-06-29,2022-06-30,test,hybrid_topology_fhs_scenario,0.94,0.1,1000,5014,6014,0.032595109953964065,0.03494552918428351,0.0018013608224899387,0.0,0.0,0.03262350164406347
2022-06-30,2022-07-01,test,hybrid_topology_fhs_scenario,0.94,0.1,1000,5015,6015,0.031625053398537245,0.03390907002539843,-0.01063402050125566,0.0,0.0,0.04385210400248567
2022-07-01,2022-07-05,test,hybrid_topology_fhs_scenario,0.94,0.1,1000,5016,6016,0.031474461663077824,0.03374816749150397,-0.0026054179210829535,0.0,0.0,0.035785544573113864
2022-07-05,2022-07-06,test,hybrid_topology_fhs_scenario,0.94,0.1,1000,5017,6017,0.03056525921417999,0.03274713302657365,0.0013705437874136808,0.0,0.0,0.030884121662448635
2022-07-06,2022-07-07,test,hybrid_topology_fhs_scenario,0.94,0.1,1000,5018,6018,0.02964827007497025,0.03177127057365416,-0.006533406349801929,0.0,0.0,0.03770887676461741
2022-07-07,2022-07-08,test,hybrid_topology_fhs_scenario,0.94,0.1,1000,5019,6019,0.029074790602030352,0.031160971551101806,0.002922275504694527,0.0,0.0,0.027794253796220452
2022-07-08,2022-07-11,test,hybrid_topology_fhs_scenario,0.94,0.1,1000,5020,6020,0.02825662673373541,0.030314301692235014,0.0037010886266101383,0.0,0.0,0.026193438120055507
2022-07-11,2022-07-12,test,hybrid_topology_fhs_scenario,0.94,0.1,1000,5021,6021,0.02750724899118341,0.02951861014119221,0.004370987155295447,0.0,0.0,0.024750295029608224
2022-07-12,2022-07-13,test,hybrid_topology_fhs_scenario,0.94,0.1,1000,5022,6022,0.02682877167761671,0.02879820352685201,0.0014342203007425389,0.0,0.0,0.026933829159225476
2022-07-13,2022-07-14,test,hybrid_topology_fhs_scenario,0.94,0.1,1000,5023,6023,0.026029113120863333,0.027945933281755504,0.0036716535970723998,0.0,0.0,0.023890997287803934
2022-07-14,2022-07-15,test,hybrid_topology_fhs_scenario,0.94,0.1,1000,5024,6024,0.025355175586665585,0.0272348307870276,-0.012830393461368848,0.0,0.0,0.03944544933266689
2022-07-15,2022-07-18,test,hybrid_topology_fhs_scenario,0.94,0.1,1000,5025,6025,0.026035287158757796,0.02795241737835629,0.006122118046837755,0.0,0.0,0.021483673539349775
2022-07-18,2022-07-19,test,hybrid_topology_fhs_scenario,0.94,0.1,1000,5026,6026,0.025571585289409397,0.027463143349672738,-0.014376475808423272,0.0,0.0,0.04119310929012193
2022-07-19,2022-07-20,test,hybrid_topology_fhs_scenario,0.94,0.1,1000,5027,6027,0.026589155208738554,0.028523170359235746,-0.0034318412674645415,0.0,0.0,0.03145634630079481
2022-07-20,2022-07-21,test,hybrid_topology_fhs_scenario,0.94,0.1,1000,5028,6028,0.025880966455140642,0.0277719810030767,-0.010664199929730066,0.0,0.0,0.0378407280733353
2022-07-21,2022-07-22,test,hybrid_topology_fhs_scenario,0.94,0.1,1000,5029,6029,0.026085022820766666,0.028004833001500813,0.0009862471729279003,0.0,0.0,0.026594108939336978
2022-07-22,2022-07-25,test,hybrid_topology_fhs_scenario,0.94,0.1,1000,5030,6030,0.02533739284495784,0.027156274856363294,0.0006908955864787904,0.0,0.0,0.026050209760722184
2022-07-25,2022-07-26,test,hybrid_topology_fhs_scenario,0.94,0.1,1000,5031,6031,0.024746052061357465,0.02635089481892266,0.006944534994041151,0.0,0.0,0.019099215999932632
2022-07-26,2022-07-27,test,hybrid_topology_fhs_scenario,0.94,0.1,1000,5032,6032,0.024444654380435592,0.026036880158838514,-0.01638825458046984,0.0,0.0,0.0417728354604347
2022-07-27,2022-07-28,test,hybrid_topology_fhs_scenario,0.94,0.1,1000,5033,6033,0.02592286111823615,0.02781187896594158,-0.011483181994450397,0.0,0.0,0.03868674486750904
2022-07-28,2022-07-29,test,hybrid_topology_fhs_scenario,0.94,0.1,1000,5034,6034,0.026278692431123088,0.028159381983118795,-0.008899533789776192,0.0,0.0,0.036484225140781604
2022-07-29,2022-08-01,test,hybrid_topology_fhs_scenario,0.94,0.1,1000,5035,6035,0.026163134782539507,0.02806433814348696,-0.0005625355752613807,0.0,0.0,0.028178458579357638
2022-08-01,2022-08-02,test,hybrid_topology_fhs_scenario,0.94,0.1,1000,5036,6036,0.02536888605811099,0.027229668295373165,0.00948854990217085,0.0,0.0,0.01745639379493166
2022-08-02,2022-08-03,test,hybrid_topology_fhs_scenario,0.94,0.1,1000,5037,6037,0.025400336910462312,0.027234155526579915,-0.011047278359479362,0.0,0.0,0.03768887419160721
2022-08-03,2022-08-04,test,hybrid_topology_fhs_scenario,0.94,0.1,1000,5038,6038,0.025709427913130453,0.027559710053007162,-0.0016219522812702446,0.0,0.0,0.02872543457786448
2022-08-04,2022-08-05,test,hybrid_topology_fhs_scenario,0.94,0.1,1000,5039,6039,0.025166862194963044,0.026789194259276748,0.006799137094417285,0.0,0.0,0.019673982986743433
2022-08-05,2022-08-08,test,hybrid_topology_fhs_scenario,0.94,0.1,1000,5040,6040,0.024826933946603614,0.026404585581191777,-0.0016591385272617834,0.0,0.0,0.027626991730480874
2022-08-08,2022-08-09,test,hybrid_topology_fhs_scenario,0.94,0.1,1000,5041,6041,0.02409657661482944,0.025641933377641174,0.003572700070174384,0.0,0.0,0.02172274124022667
2022-08-09,2022-08-10,test,hybrid_topology_fhs_scenario,0.94,0.1,1000,5042,6042,0.02348631208939525,0.02502922677972621,-0.012833445124449528,0.0,0.0,0.03727930267870979
2022-08-10,2022-08-11,test,hybrid_topology_fhs_scenario,0.94,0.1,1000,5043,6043,0.024358887966328038,0.025938240629821543,0.0026553091213993075,0.0,0.0,0.022917894009160965
2022-08-11,2022-08-12,test,hybrid_topology_fhs_scenario,0.94,0.1,1000,5044,6044,0.023684556139870548,0.025211686575798375,-0.011745658595884612,0.0,0.0,0.03638771368974846
2022-08-12,2022-08-15,test,hybrid_topology_fhs_scenario,0.94,0.1,1000,5045,6045,0.02428982128164079,0.025843693666787973,-0.003745908921256769,0.0,0.0,0.0291302198253726
2022-08-15,2022-08-16,test,hybrid_topology_fhs_scenario,0.94,0.1,1000,5046,6046,0.023684854094198526,0.025211989238824242,-0.0007135987004598388,0.0,0.0,0.025521432768748565
2022-08-16,2022-08-17,test,hybrid_topology_fhs_scenario,0.94,0.1,1000,5047,6047,0.022968356183926803,0.024495558815262167,0.006954548192810384,0.0,0.0,0.017262623436801655
2022-08-17,2022-08-18,test,hybrid_topology_fhs_scenario,0.94,0.1,1000,5048,6048,0.0227568005145772,0.024275168465342663,-0.0025193132582850275,0.0,0.0,0.026377380818265617
2022-08-18,2022-08-19,test,hybrid_topology_fhs_scenario,0.94,0.1,1000,5049,6049,0.02212880367150291,0.023620957638934695,0.01150671356754982,0.0,0.0,0.011917608870639786
2022-08-19,2022-08-22,test,hybrid_topology_fhs_scenario,0.94,0.1,1000,5050,6050,0.022813871683991436,0.024334616006401126,0.014249906833539949,0.0,0.0,0.009918231092044162
2022-08-22,2022-08-23,test,hybrid_topology_fhs_scenario,0.94,0.1,1000,5051,6051,0.024114784015094554,0.025689809892043187,0.00243170474130352,0.0,0.0,0.022893483314709084
2022-08-23,2022-08-24,test,hybrid_topology_fhs_scenario,0.94,0.1,1000,5052,6052,0.023437547360587133,0.024984307419467406,-0.0005843641969555777,0.0,0.0,0.025169673941587836
2022-08-24,2022-08-25,test,hybrid_topology_fhs_scenario,0.94,0.1,1000,5053,6053,0.0227269595727279,0.02424406916743527,-0.01103379221080627,0.0,0.0,0.03473352236162085
2022-08-25,2022-08-26,test,hybrid_topology_fhs_scenario,0.94,0.1,1000,5054,6054,0.023256168255194717,0.024751586213791445,0.020779585847392833,0.0,0.0,0.003897466181316666
2022-08-26,2022-08-29,test,hybrid_topology_fhs_scenario,0.94,0.1,1000,5055,6055,0.026315731401535647,0.028221598429853674,0.006242634162160287,0.0,0.0,0.021630221133394804
2022-08-29,2022-08-30,test,hybrid_topology_fhs_scenario,0.94,0.1,1000,5056,6056,0.02585289490747199,0.027733801140177417,0.0067049274055479115,0.0,0.0,0.020694631566283008
2022-08-30,2022-08-31,test,hybrid_topology_fhs_scenario,0.94,0.1,1000,5057,6057,0.025462692695418326,0.02729655107594883,0.0062229808754817205,0.0,0.0,0.020739128063654796
2022-08-31,2022-09-01,test,hybrid_topology_fhs_scenario,0.94,0.1,1000,5058,6058,0.02503485359129714,0.02684743204485924,0.001297101932744882,0.0,0.0,0.02514894937589702
2022-09-01,2022-09-02,test,hybrid_topology_fhs_scenario,0.94,0.1,1000,5059,6059,0.024301910507346113,0.02608467660489473,0.004085785367013229,0.0,0.0,0.021651080208337788
2022-09-02,2022-09-06,test,hybrid_topology_fhs_scenario,0.94,0.1,1000,5060,6060,0.023911815345463182,0.025447008132008574,0.006720682124662236,0.0,0.0,0.018430079189370688
2022-09-06,2022-09-07,test,hybrid_topology_fhs_scenario,0.94,0.1,1000,5061,6061,0.023621904013751426,0.025145308928161317,-0.013394645071215993,0.0,0.0,0.037946620640242554
2022-09-07,2022-09-08,test,hybrid_topology_fhs_scenario,0.94,0.1,1000,5062,6062,0.024405700311963593,0.02618192242511111,-0.00244257285143461,0.0,0.0,0.02817736562626606
2022-09-08,2022-09-09,test,hybrid_topology_fhs_scenario,0.94,0.1,1000,5063,6063,0.023924819671794172,0.025460514812654045,-0.00936120113505594,0.0,0.0,0.03428403325708574
2022-09-09,2022-09-12,test,hybrid_topology_fhs_scenario,0.94,0.1,1000,5064,6064,0.024039065405231208,0.025579392031578833,-0.0054856114260474435,0.0,0.0,0.03058362513949841
2022-09-12,2022-09-13,test,hybrid_topology_fhs_scenario,0.94,0.1,1000,5065,6065,0.023598284492846934,0.025120701368556236,0.028341878897975615,1.0,1.0,0.007917335990496772
2022-09-13,2022-09-14,test,hybrid_topology_fhs_scenario,0.94,0.1,1000,5066,6066,0.029807723552109613,0.031729023607383555,-0.00249176177328283,0.0,0.0,0.03368826059940365
2022-09-14,2022-09-15,test,hybrid_topology_fhs_scenario,0.94,0.1,1000,5067,6067,0.028948435531424826,0.03082672876489145,0.008186509493225391,0.0,0.0,0.0222818330502564
2022-09-15,2022-09-16,test,hybrid_topology_fhs_scenario,0.94,0.1,1000,5068,6068,0.028603972847935085,0.030465020943071353,0.004252703120884505,0.0,0.0,0.025800522573902685
2022-09-16,2022-09-19,test,hybrid_topology_fhs_scenario,0.94,0.1,1000,5069,6069,0.0278803656122354,0.029727983894459162,-0.00351782309269959,0.0,0.0,0.03272864369952913
2022-09-19,2022-09-20,test,hybrid_topology_fhs_scenario,0.94,0.1,1000,5070,6070,0.027134841539323416,0.028896322028984445,0.00936681900122167,0.0,0.0,0.019218945677449722
2022-09-20,2022-09-21,test,hybrid_topology_fhs_scenario,0.94,0.1,1000,5071,6071,0.0270553682127273,0.02881319392847783,0.00887097715789138,0.0,0.0,0.01962550526187015
2022-09-21,2022-09-22,test,hybrid_topology_fhs_scenario,0.94,0.1,1000,5072,6072,0.026904184580075874,0.02865506876759959,0.011069631216794586,0.0,0.0,0.017304147145667692
2022-09-22,2022-09-23,test,hybrid_topology_fhs_scenario,0.94,0.1,1000,5073,6073,0.02713098933010364,0.028892259748629155,0.009556628938630428,0.0,0.0,0.019027983643663492
2022-09-23,2022-09-26,test,hybrid_topology_fhs_scenario,0.94,0.1,1000,5074,6074,0.02708188935543924,0.028840898145376468,0.012587060316005826,0.0,0.0,0.01599244017403071
2022-09-26,2022-09-27,test,hybrid_topology_fhs_scenario,0.94,0.1,1000,5075,6075,0.027593871202563403,0.029376333466256843,0.004262427499212263,0.0,0.0,0.024719372754901978
2022-09-27,2022-09-28,test,hybrid_topology_fhs_scenario,0.94,0.1,1000,5076,6076,0.026907114553399884,0.02865809213789964,-0.020815992051907893,0.0,0.0,0.048714463151115425
2022-09-28,2022-09-29,test,hybrid_topology_fhs_scenario,0.94,0.1,1000,5077,6077,0.029622026049684246,0.03153387663985066,0.014395080648542535,0.0,0.0,0.01686259554553684
2022-09-29,2022-09-30,test,hybrid_topology_fhs_scenario,0.94,0.1,1000,5078,6078,0.030053266856585555,0.0322612317208957,0.01031710168980362,0.0,0.0,0.021592888431982597
2022-09-30,2022-10-03,test,hybrid_topology_fhs_scenario,0.94,0.1,1000,5079,6079,0.029942406948063084,0.03214380019641689,-0.02058804153503306,0.0,0.0,0.05191885017299466
2022-10-03,2022-10-04,test,hybrid_topology_fhs_scenario,0.94,0.1,1000,5080,6080,0.032125818860350396,0.03447295267714399,-0.01941713674495129,0.0,0.0,0.05305826674259591
2022-10-04,2022-10-05,test,hybrid_topology_fhs_scenario,0.94,0.1,1000,5081,6081,0.03374220198329095,0.03613229817325869,0.005185333435759221,0.0,0.0,0.030458859304537303
2022-10-05,2022-10-06,test,hybrid_topology_fhs_scenario,0.94,0.1,1000,5082,6082,0.032897309320786564,0.035260828820888025,0.008392425990422246,0.0,0.0,0.026441741593007776
2022-10-06,2022-10-07,test,hybrid_topology_fhs_scenario,0.94,0.1,1000,5083,6083,0.03238451220879548,0.03471304419610207,0.018701234723681126,0.0,0.0,0.015748347010461565
2022-10-07,2022-10-10,test,hybrid_topology_fhs_scenario,0.94,0.1,1000,5084,6084,0.033794009777686124,0.03621869348393121,0.006933819261536711,0.0,0.0,0.02882135427199613
2022-10-10,2022-10-11,test,hybrid_topology_fhs_scenario,0.94,0.1,1000,5085,6085,0.03309057516975137,0.03546726639779928,0.002785453951668115,0.0,0.0,0.03216781834715872
2022-10-11,2022-10-12,test,hybrid_topology_fhs_scenario,0.94,0.1,1000,5086,6086,0.032136463928256746,0.034448063192563785,0.0006724484472779625,0.0,0.0,0.033245864531463463
2022-10-12,2022-10-13,test,hybrid_topology_fhs_scenario,0.94,0.1,1000,5087,6087,0.031160698592427594,0.033385592463034984,-0.014154165886199976,0.0,0.0,0.04680441303529036
2022-10-13,2022-10-14,test,hybrid_topology_fhs_scenario,0.94,0.1,1000,5088,6088,0.03165767695917504,0.033914354594104884,0.015909418054292156,0.0,0.0,0.017712295715366238
2022-10-14,2022-10-17,test,hybrid_topology_fhs_scenario,0.94,0.1,1000,5089,6089,0.03248265993720714,0.034817864404075125,-0.01584249076448807,0.0,0.0,0.049877097796366066
2022-10-17,2022-10-18,test,hybrid_topology_fhs_scenario,0.94,0.1,1000,5090,6090,0.03322519939235492,0.03559950379684719,-0.008067112202582605,0.0,0.0,0.04298787371539343
2022-10-18,2022-10-19,test,hybrid_topology_fhs_scenario,0.94,0.1,1000,5091,6091,0.032661065277912245,0.03500843171990779,0.008437263175669951,0.0,0.0,0.026149127351654318
2022-10-19,2022-10-20,test,hybrid_topology_fhs_scenario,0.94,0.1,1000,5092,6092,0.03216419048892208,0.03447765959503991,0.008021622105321891,0.0,0.0,0.02603606223631107
2022-10-20,2022-10-21,test,hybrid_topology_fhs_scenario,0.94,0.1,1000,5093,6093,0.03191709761036602,0.03400427754439832,-0.015484942253464506,0.0,0.0,0.048726009701554565
2022-10-21,2022-10-24,test,hybrid_topology_fhs_scenario,0.94,0.1,1000,5094,6094,0.03265801797139238,0.034784004301232886,-0.006826242352141109,0.0,0.0,0.04096483309027498
2022-10-24,2022-10-25,test,hybrid_topology_fhs_scenario,0.94,0.1,1000,5095,6095,0.031995767790881126,0.03408707095860061,-0.014569488596007086,0.0,0.0,0.04790579812961139
2022-10-25,2022-10-26,test,hybrid_topology_fhs_scenario,0.94,0.1,1000,5096,6096,0.032538735326848166,0.03465847446700982,0.0024819664200170562,0.0,0.0,0.03167266303488626
2022-10-26,2022-10-27,test,hybrid_topology_fhs_scenario,0.94,0.1,1000,5097,6097,0.031591811568742904,0.0336619638002793,0.00037283116549238207,0.0,0.0,0.032769094122949746
2022-10-27,2022-10-28,test,hybrid_topology_fhs_scenario,0.94,0.1,1000,5098,6098,0.03063042887724828,0.03261817078696801,-0.012218542027124312,0.0,0.0,0.04414428470278374
2022-10-28,2022-10-31,test,hybrid_topology_fhs_scenario,0.94,0.1,1000,5099,6099,0.030818408893904865,0.03280193702164059,0.006147500824832219,0.0,0.0,0.026234784372578885
2022-10-31,2022-11-01,test,hybrid_topology_fhs_scenario,0.94,0.1,1000,5100,6100,0.030165575441868667,0.032113354632424373,0.002697771146902505,0.0,0.0,0.028954871941333483
2022-11-01,2022-11-02,test,hybrid_topology_fhs_scenario,0.94,0.1,1000,5101,6101,0.02930309919635868,0.031203649836116922,0.015737146098931263,0.0,0.0,0.015215500674730292
2022-11-02,2022-11-03,test,hybrid_topology_fhs_scenario,0.94,0.1,1000,5102,6102,0.030326503555317155,0.032273600751200414,0.007922418686024547,0.0,0.0,0.023966443362239395
2022-11-03,2022-11-04,test,hybrid_topology_fhs_scenario,0.94,0.1,1000,5103,6103,0.0298837377359681,0.03181610536600001,-0.007781465889717331,0.0,0.0,0.038984284010581266
2022-11-04,2022-11-07,test,hybrid_topology_fhs_scenario,0.94,0.1,1000,5104,6104,0.029444394738480935,0.03134689356453181,-0.004326414584673177,0.0,0.0,0.035119183538706404
2022-11-07,2022-11-08,test,hybrid_topology_fhs_scenario,0.94,0.1,1000,5105,6105,0.028695995828147747,0.03058572305262483,-0.005901348318635691,0.0,0.0,0.03592086802844684
2022-11-08,2022-11-09,test,hybrid_topology_fhs_scenario,0.94,0.1,1000,5106,6106,0.028104783203607115,0.029937831551595327,0.010995256918920403,0.0,0.0,0.01864010552970492
2022-11-09,2022-11-10,test,hybrid_topology_fhs_scenario,0.94,0.1,1000,5107,6107,0.02823873029535408,0.0300782278939509,-0.041948246554719806,0.0,0.0,0.07092768235595467
2022-11-10,2022-11-11,test,hybrid_topology_fhs_scenario,0.94,0.1,1000,5108,6108,0.03902083101051586,0.041811670002619636,-0.00497488606126466,0.0,0.0,0.04605684933300499
2022-11-11,2022-11-14,test,hybrid_topology_fhs_scenario,0.94,0.1,1000,5109,6109,0.0379779105186007,0.04070206556633764,0.006062796471445009,0.0,0.0,0.03409243850799187
2022-11-14,2022-11-15,test,hybrid_topology_fhs_scenario,0.94,0.1,1000,5110,6110,0.037043211446316136,0.0397076047074971,-0.008084671433352364,0.0,0.0,0.04704874806612491
2022-11-15,2022-11-16,test,hybrid_topology_fhs_scenario,0.94,0.1,1000,5111,6111,0.036318870540021364,0.03893695315230031,0.0016317410931477646,0.0,0.0,0.03671945305214247
2022-11-16,2022-11-17,test,hybrid_topology_fhs_scenario,0.94,0.1,1000,5112,6112,0.03522933341134752,0.03777776169166683,0.00455385934190311,0.0,0.0,0.032700059531714065
2022-11-17,2022-11-18,test,hybrid_topology_fhs_scenario,0.94,0.1,1000,5113,6113,0.034291423086557894,0.03677989353456412,-0.001314335774572317,0.0,0.0,0.03749793116501933
2022-11-18,2022-11-21,test,hybrid_topology_fhs_scenario,0.94,0.1,1000,5114,6114,0.033258369549539785,0.03568080333133006,0.002431320629227862,0.0,0.0,0.03272651612375276
2022-11-21,2022-11-22,test,hybrid_topology_fhs_scenario,0.94,0.1,1000,5115,6115,0.032567021901406035,0.03464638496808979,-0.01036411507856716,0.0,0.0,0.04431454891529026
2022-11-22,2022-11-23,test,hybrid_topology_fhs_scenario,0.94,0.1,1000,5116,6116,0.03233864305411831,0.0344055076571051,-0.0059338642320756925,0.0,0.0,0.039713612664813214
2022-11-23,2022-11-25,test,hybrid_topology_fhs_scenario,0.94,0.1,1000,5117,6117,0.03160762124372749,0.033575799481860555,0.0002579004296412668,0.0,0.0,0.03279844878405467
2022-11-25,2022-11-28,test,hybrid_topology_fhs_scenario,0.94,0.1,1000,5118,6118,0.03064521893245906,0.032587418947534225,0.009409323501511158,0.0,0.0,0.02281100201418197
2022-11-28,2022-11-29,test,hybrid_topology_fhs_scenario,0.94,0.1,1000,5119,6119,0.030381172672360995,0.03231002994252258,0.0027185708293950396,0.0,0.0,0.02912829865372901
2022-11-29,2022-11-30,test,hybrid_topology_fhs_scenario,0.94,0.1,1000,5120,6120,0.029512595741316514,0.031397563248001255,-0.022497642999683532,0.0,0.0,0.05306792847890267
2022-11-30,2022-12-01,test,hybrid_topology_fhs_scenario,0.94,0.1,1000,5121,6121,0.03238434113365081,0.03439366419915549,-0.0039273133991950095,0.0,0.0,0.037726069703720194
2022-12-01,2022-12-02,test,hybrid_topology_fhs_scenario,0.94,0.1,1000,5122,6122,0.031509204981616884,0.033472199923852204,-0.00012009670430954697,0.0,0.0,0.03306878222931697
2022-12-02,2022-12-05,test,hybrid_topology_fhs_scenario,0.94,0.1,1000,5123,6123,0.03054941493941412,0.03248677828089316,0.014847060488775043,0.0,0.0,0.01735574839182155
2022-12-05,2022-12-06,test,hybrid_topology_fhs_scenario,0.94,0.1,1000,5124,6124,0.03126412050341832,0.03321415193521318,0.0061917938697118695,0.0,0.0,0.026597522380200845
2022-12-06,2022-12-07,test,hybrid_topology_fhs_scenario,0.94,0.1,1000,5125,6125,0.030597728073267532,0.03253753419126341,-0.002479466688939591,0.0,0.0,0.034472347805819994
2022-12-07,2022-12-08,test,hybrid_topology_fhs_scenario,0.94,0.1,1000,5126,6126,0.029712648631563403,0.0316077435759496,-0.0024409317879185983,0.0,0.0,0.03351899428396631
2022-12-08,2022-12-09,test,hybrid_topology_fhs_scenario,0.94,0.1,1000,5127,6127,0.028854438439783074,0.030677041402653277,0.007444274500336712,0.0,0.0,0.02286604936915311
2022-12-09,2022-12-12,test,hybrid_topology_fhs_scenario,0.94,0.1,1000,5128,6128,0.028421957714050074,0.030217432691594572,-0.008078094451656036,0.0,0.0,0.037703139486326406
2022-12-12,2022-12-13,test,hybrid_topology_fhs_scenario,0.94,0.1,1000,5129,6129,0.02808903614794665,0.02986908584496099,-0.008144144269941566,0.0,0.0,0.037425231166208876
2022-12-13,2022-12-14,test,hybrid_topology_fhs_scenario,0.94,0.1,1000,5130,6130,0.02778121609879344,0.029547005594229816,0.0027404401142076427,0.0,0.0,0.026386809102867476
2022-12-14,2022-12-15,test,hybrid_topology_fhs_scenario,0.94,0.1,1000,5131,6131,0.02699816765243807,0.028727683825835557,0.013898700200056301,0.0,0.0,0.01458925370965859
2022-12-15,2022-12-16,test,hybrid_topology_fhs_scenario,0.94,0.1,1000,5132,6132,0.02780202951297518,0.0295687864613535,0.008095173104780072,0.0,0.0,0.02113384158674104
2022-12-16,2022-12-19,test,hybrid_topology_fhs_scenario,0.94,0.1,1000,5133,6133,0.02750192594711346,0.029254784041242862,0.008333022084470487,0.0,0.0,0.020590406946479494
2022-12-19,2022-12-20,test,hybrid_topology_fhs_scenario,0.94,0.1,1000,5134,6134,0.027249413242024578,0.028990578629484842,0.002082448014885818,0.0,0.0,0.026487097001505436
2022-12-20,2022-12-21,test,hybrid_topology_fhs_scenario,0.94,0.1,1000,5135,6135,0.02645655700855582,0.028161006743926773,-0.009465925714075318,0.0,0.0,0.03704548397377835
2022-12-21,2022-12-22,test,hybrid_topology_fhs_scenario,0.94,0.1,1000,5136,6136,0.026432403124080708,0.028135740279568642,0.008683198436450311,0.0,0.0,0.019143720343916672
2022-12-22,2022-12-23,test,hybrid_topology_fhs_scenario,0.94,0.1,1000,5137,6137,0.026287172253096163,0.02798379041026797,-0.0016404934718150961,0.0,0.0,0.0291629534422801
2022-12-23,2022-12-27,test,hybrid_topology_fhs_scenario,0.94,0.1,1000,5138,6138,0.025510340960594458,0.027193403545809697,0.005714897604415015,0.0,0.0,0.02113949772642161
2022-12-27,2022-12-28,test,hybrid_topology_fhs_scenario,0.94,0.1,1000,5139,6139,0.025031437589653517,0.026667111441660885,0.008415794489702732,0.0,0.0,0.01796119045915871
2022-12-28,2022-12-29,test,hybrid_topology_fhs_scenario,0.94,0.1,1000,5140,6140,0.024923170956265048,0.02655454869780285,-0.012764478181955452,0.0,0.0,0.03871292769914655
2022-12-29,2022-12-30,test,hybrid_topology_fhs_scenario,0.94,0.1,1000,5141,6141,0.025650288298545546,0.027339498741057823,0.003243783392312216,0.0,0.0,0.0237173875140893
2022-12-30,2023-01-03,test,hybrid_topology_fhs_scenario,0.94,0.1,1000,5142,6142,0.024964829763199494,0.026597863554067826,-0.000606256842410047,0.0,0.0,0.02677972825262202
2023-01-03,2023-01-04,test,hybrid_topology_fhs_scenario,0.94,0.1,1000,5143,6143,0.023998934734258025,0.02583472874377127,-0.007698412015325084,0.0,0.0,0.03301178570761478
2023-01-04,2023-01-05,test,hybrid_topology_fhs_scenario,0.94,0.1,1000,5144,6144,0.023829853336504548,0.025653222665639207,0.007423831585008566,0.0,0.0,0.017937716521129833
2023-01-05,2023-01-06,test,hybrid_topology_fhs_scenario,0.94,0.1,1000,5145,6145,0.023630607815217693,0.02542524352463831,-0.018907053335681212,0.0,0.0,0.043649366050320514
2023-01-06,2023-01-09,test,hybrid_topology_fhs_scenario,0.94,0.1,1000,5146,6146,0.026164141709745084,0.02809331563639949,-0.000676220127100069,0.0,0.0,0.02831870098778052
2023-01-09,2023-01-10,test,hybrid_topology_fhs_scenario,0.94,0.1,1000,5147,6147,0.025371101797490258,0.027251662128673908,-0.0016934017820863009,0.0,0.0,0.02849208234878697
2023-01-10,2023-01-11,test,hybrid_topology_fhs_scenario,0.94,0.1,1000,5148,6148,0.024624215891953575,0.02648889666956811,-0.010159806739226696,0.0,0.0,0.03608032604988674
2023-01-11,2023-01-12,test,hybrid_topology_fhs_scenario,0.94,0.1,1000,5149,6149,0.024820820612255785,0.026648321104539078,-0.005753039173383722,0.0,0.0,0.03189706486883113
2023-01-12,2023-01-13,test,hybrid_topology_fhs_scenario,0.94,0.1,1000,5150,6150,0.024369882623966218,0.02617730348510631,-0.00019745876416594728,0.0,0.0,0.02596106660692177
2023-01-13,2023-01-17,test,hybrid_topology_fhs_scenario,0.94,0.1,1000,5151,6151,0.023627846338166707,0.025421634002109936,0.0023518146936421847,0.0,0.0,0.0227058341422013
2023-01-17,2023-01-18,test,hybrid_topology_fhs_scenario,0.94,0.1,1000,5152,6152,0.02316169494904903,0.02469972552892676,0.004041138605310167,0.0,0.0,0.02033332781396357
2023-01-18,2023-01-19,test,hybrid_topology_fhs_scenario,0.94,0.1,1000,5153,6153,0.02262855582819361,0.02413956991193349,0.005127767043493381,0.0,0.0,0.01871151568457611
2023-01-19,2023-01-20,test,hybrid_topology_fhs_scenario,0.94,0.1,1000,5154,6154,0.022210036988647555,0.023706356982024234,-0.00853298685501138,0.0,0.0,0.03174079047954631
2023-01-20,2023-01-23,test,hybrid_topology_fhs_scenario,0.94,0.1,1000,5155,6155,0.02228901247942918,0.023788117356341378,-0.0059084725923300935,0.0,0.0,0.029236150050672278
2023-01-23,2023-01-24,test,hybrid_topology_fhs_scenario,0.94,0.1,1000,5156,6156,0.021974247496637025,0.023462308594501213,-0.001662622558572502,0.0,0.0,0.024733176574798968
2023-01-24,2023-01-25,test,hybrid_topology_fhs_scenario,0.94,0.1,1000,5157,6157,0.021331682383899573,0.02283399154050222,-0.0006674236001119827,0.0,0.0,0.023133870821938962
2023-01-25,2023-01-26,test,hybrid_topology_fhs_scenario,0.94,0.1,1000,5158,6158,0.020853013684897746,0.022142329370229415,-0.005147250540460391,0.0,0.0,0.026867343055176143
2023-01-26,2023-01-27,test,hybrid_topology_fhs_scenario,0.94,0.1,1000,5159,6159,0.020357101331802196,0.021788433617406216,-0.0007736170216537273,0.0,0.0,0.022209306556618003
2023-01-27,2023-01-30,test,hybrid_topology_fhs_scenario,0.94,0.1,1000,5160,6160,0.01990009420728777,0.021146417805934268,0.008780253875261223,0.0,0.0,0.012168208235726485
2023-01-30,2023-01-31,test,hybrid_topology_fhs_scenario,0.94,0.1,1000,5161,6161,0.020064092139033995,0.021474414221360906,-0.01084824262990125,0.0,0.0,0.03182371377766995
2023-01-31,2023-02-01,test,hybrid_topology_fhs_scenario,0.94,0.1,1000,5162,6162,0.020758523822763743,0.02220400398181308,-0.00925339206242315,0.0,0.0,0.030971080301982187
2023-02-01,2023-02-02,test,hybrid_topology_fhs_scenario,0.94,0.1,1000,5163,6163,0.021064018598958362,0.022527773076892754,-0.008573658124412598,0.0,0.0,0.03062027218850643
2023-02-02,2023-02-03,test,hybrid_topology_fhs_scenario,0.94,0.1,1000,5164,6164,0.021224421690959585,0.022693876865615407,0.010671635301957827,0.0,0.0,0.011827213388456157
2023-02-03,2023-02-06,test,hybrid_topology_fhs_scenario,0.94,0.1,1000,5165,6165,0.021799101317199105,0.02328893180048145,0.00711487907434496,0.0,0.0,0.01591654363041162
2023-02-06,2023-02-07,test,hybrid_topology_fhs_scenario,0.94,0.1,1000,5166,6166,0.021672406060834697,0.023157762025231943,-0.006864919265446899,0.0,0.0,0.02955748751167469
2023-02-07,2023-02-08,test,hybrid_topology_fhs_scenario,0.94,0.1,1000,5167,6167,0.02151576214355929,0.02299558436177073,0.005084049034835191,0.0,0.0,0.017628064074849393
2023-02-08,2023-02-09,test,hybrid_topology_fhs_scenario,0.94,0.1,1000,5168,6168,0.02113997377794538,0.02260650413680085,0.0069997706791262715,0.0,0.0,0.015357967152220906
2023-02-09,2023-02-10,test,hybrid_topology_fhs_scenario,0.94,0.1,1000,5169,6169,0.02103213404556602,0.022494863261326648,0.0005293861616317399,0.0,0.0,0.02162136765104188
2023-02-10,2023-02-13,test,hybrid_topology_fhs_scenario,0.94,0.1,1000,5170,6170,0.0204015846861168,0.021834709528721973,-0.007992017996164068,0.0,0.0,0.0293649953635867
2023-02-13,2023-02-14,test,hybrid_topology_fhs_scenario,0.94,0.1,1000,5171,6171,0.020501155546880038,0.02193778987831334,0.002086865613300315,0.0,0.0,0.0195387940577235
2023-02-14,2023-02-15,test,hybrid_topology_fhs_scenario,0.94,0.1,1000,5172,6172,0.01992636426722982,0.021327896571515854,-0.000749485977625941,0.0,0.0,0.021732206487861803
2023-02-15,2023-02-16,test,hybrid_topology_fhs_scenario,0.94,0.1,1000,5173,6173,0.019325937024881782,0.02072721742921477,0.009588294899972016,0.0,0.0,0.010957825887260783
2023-02-16,2023-02-17,test,hybrid_topology_fhs_scenario,0.94,0.1,1000,5174,6174,0.01982146089316989,0.021220041641338287,0.0003754541779550811,0.0,0.0,0.020517932843950773
2023-02-17,2023-02-21,test,hybrid_topology_fhs_scenario,0.94,0.1,1000,5175,6175,0.019219287135255073,0.020581859567866397,0.016393185303879697,0.0,0.0,0.004112218425700787
2023-02-21,2023-02-22,test,hybrid_topology_fhs_scenario,0.94,0.1,1000,5176,6176,0.021658778097608408,0.023128809818763005,0.0001136151310930255,0.0,0.0,0.022655266450143385
2023-02-22,2023-02-23,test,hybrid_topology_fhs_scenario,0.94,0.1,1000,5177,6177,0.020999104139166905,0.022443939296051364,-0.004740760066818206,0.0,0.0,0.026762480520857678
2023-02-23,2023-02-24,test,hybrid_topology_fhs_scenario,0.94,0.1,1000,5178,6178,0.02060868927563804,0.022022632647692306,0.0088285701309756,0.0,0.0,0.012982012145245414
2023-02-24,2023-02-27,test,hybrid_topology_fhs_scenario,0.94,0.1,1000,5179,6179,0.020848397285265233,0.02227151973679454,-0.003260587157149697,0.0,0.0,0.025134894066019778
2023-02-27,2023-02-28,test,hybrid_topology_fhs_scenario,0.94,0.1,1000,5180,6180,0.020339459191691812,0.021756683387181276,0.0015901977302477995,0.0,0.0,0.01984981613012458
2023-02-28,2023-03-01,test,hybrid_topology_fhs_scenario,0.94,0.1,1000,5181,6181,0.019748972972576814,0.021115990703579925,0.0054993402744897505,0.0,0.0,0.01536873049534379
2023-03-01,2023-03-02,test,hybrid_topology_fhs_scenario,0.94,0.1,1000,5182,6182,0.019503169556739617,0.020864148168685752,-0.003020856849776265,0.0,0.0,0.023513120157065626
2023-03-02,2023-03-03,test,hybrid_topology_fhs_scenario,0.94,0.1,1000,5183,6183,0.01901844096255549,0.020367508328847806,-0.012842559380069573,0.0,0.0,0.03269842601962069
2023-03-03,2023-03-06,test,hybrid_topology_fhs_scenario,0.94,0.1,1000,5184,6184,0.020364561431305384,0.02178580767480022,0.00029885550452832813,0.0,0.0,0.021150435425282863
2023-03-06,2023-03-07,test,hybrid_topology_fhs_scenario,0.94,0.1,1000,5185,6185,0.019752029773606385,0.021123834402445505,0.009155214188931749,0.0,0.0,0.011775372864022658
2023-03-07,2023-03-08,test,hybrid_topology_fhs_scenario,0.94,0.1,1000,5186,6186,0.02011394640077049,0.021488829887546062,-0.0008531477245365071,0.0,0.0,0.021993099113033574
2023-03-08,2023-03-09,test,hybrid_topology_fhs_scenario,0.94,0.1,1000,5187,6187,0.019516419117063658,0.020904660773350184,0.008585177544969834,0.0,0.0,0.01212080856339178
2023-03-09,2023-03-10,test,hybrid_topology_fhs_scenario,0.94,0.1,1000,5188,6188,0.01978774717422442,0.021160713140272888,0.0012914394765046076,0.0,0.0,0.01955750489915127
2023-03-10,2023-03-13,test,hybrid_topology_fhs_scenario,0.94,0.1,1000,5189,6189,0.0192046892117229,0.020576401246574644,-0.003994370861392538,0.0,0.0,0.024188493405999156
2023-03-13,2023-03-14,test,hybrid_topology_fhs_scenario,0.94,0.1,1000,5190,6190,0.018813465394729393,0.02017098441332512,-0.0061419087820862904,0.0,0.0,0.025904624607294282
2023-03-14,2023-03-15,test,hybrid_topology_fhs_scenario,0.94,0.1,1000,5191,6191,0.018797777596711574,0.020069941688284555,-0.0020270960281489232,0.0,0.0,0.021752860509771245
2023-03-15,2023-03-16,test,hybrid_topology_fhs_scenario,0.94,0.1,1000,5192,6192,0.018186290611638126,0.0194814553136935,-0.0069307776177335075,0.0,0.0,0.026003097790435047
2023-03-16,2023-03-17,test,hybrid_topology_fhs_scenario,0.94,0.1,1000,5193,6193,0.0182411926130725,0.019557533941273693,0.002285672779800251,0.0,0.0,0.01699961983076933
2023-03-17,2023-03-20,test,hybrid_topology_fhs_scenario,0.94,0.1,1000,5194,6194,0.017752532558900257,0.019075057956901297,-0.00415756249327357,0.0,0.0,0.022870905889442232
2023-03-20,2023-03-21,test,hybrid_topology_fhs_scenario,0.94,0.1,1000,5195,6195,0.017438573242763874,0.01876046356547841,-0.00439859433150227,0.0,0.0,0.022798453125298823
2023-03-21,2023-03-22,test,hybrid_topology_fhs_scenario,0.94,0.1,1000,5196,6196,0.017165547399868142,0.01850104159515116,0.004962673907533265,0.0,0.0,0.013321937230350798
2023-03-22,2023-03-23,test,hybrid_topology_fhs_scenario,0.94,0.1,1000,5197,6197,0.016975759055509063,0.01825493458612619,-0.003918327566932689,0.0,0.0,0.02182787146545682
2023-03-23,2023-03-24,test,hybrid_topology_fhs_scenario,0.94,0.1,1000,5198,6198,0.016669366532182296,0.01799642796803672,-0.004057512721522904,0.0,0.0,0.021709860964857684
2023-03-24,2023-03-27,test,hybrid_topology_fhs_scenario,0.94,0.1,1000,5199,6199,0.016391537856189624,0.01763774872689122,0.0038035694064906703,0.0,0.0,0.013614204521887524
2023-03-27,2023-03-28,test,hybrid_topology_fhs_scenario,0.94,0.1,1000,5200,6200,0.01622524621274511,0.017405002010772785,0.0015901252235872132,0.0,0.0,0.015565856077397511
2023-03-28,2023-03-29,test,hybrid_topology_fhs_scenario,0.94,0.1,1000,5201,6201,0.015819083572596395,0.017021458843003365,-0.008031392684252125,0.0,0.0,0.024665035001642587
2023-03-29,2023-03-30,test,hybrid_topology_fhs_scenario,0.94,0.1,1000,5202,6202,0.016233070984347762,0.017455289103624295,-0.004122610317827302,0.0,0.0,0.021242008748937058
2023-03-30,2023-03-31,test,hybrid_topology_fhs_scenario,0.94,0.1,1000,5203,6203,0.015986044525114217,0.017212551246800614,-0.010647900145476718,0.0,0.0,0.027430279554176304
2023-03-31,2023-04-03,test,hybrid_topology_fhs_scenario,0.94,0.1,1000,5204,6204,0.016965336233300533,0.018227121385351673,-0.004170629959739446,0.0,0.0,0.022049167223394242
2023-04-03,2023-04-04,test,hybrid_topology_fhs_scenario,0.94,0.1,1000,5205,6205,0.016687056892167502,0.017914051447203913,0.0007532648937025317,0.0,0.0,0.016891104809648495
2023-04-04,2023-04-05,test,hybrid_topology_fhs_scenario,0.94,0.1,1000,5206,6206,0.016192265546561384,0.017450626877133234,-0.000108626871227835,0.0,0.0,0.017283281328829933
2023-04-05,2023-04-06,test,hybrid_topology_fhs_scenario,0.94,0.1,1000,5207,6207,0.015693728547115985,0.016809006862781948,-0.002460018440457512,0.0,0.0,0.018968837140534208
2023-04-06,2023-04-10,test,hybrid_topology_fhs_scenario,0.94,0.1,1000,5208,6208,0.015305739334764108,0.016449053381203442,0.0033253880731246356,0.0,0.0,0.012915377187993233
2023-04-10,2023-04-11,test,hybrid_topology_fhs_scenario,0.94,0.1,1000,5209,6209,0.015072440277179066,0.01624205663725163,-2.840526281744143e-07,0.0,0.0,0.015987009415930883
2023-04-11,2023-04-12,test,hybrid_topology_fhs_scenario,0.94,0.1,1000,5210,6210,0.014796387878014539,0.015810582828429724,0.0012790563106826133,0.0,0.0,0.014303411670476752
2023-04-12,2023-04-13,test,hybrid_topology_fhs_scenario,0.94,0.1,1000,5211,6211,0.014458843571412333,0.015399033759023534,-0.006646108472574719,0.0,0.0,0.021705063196248167
2023-04-13,2023-04-14,test,hybrid_topology_fhs_scenario,0.94,0.1,1000,5212,6212,0.014748620970318909,0.015780210820446977,0.003437218722548252,0.0,0.0,0.012147531317928962
2023-04-14,2023-04-17,test,hybrid_topology_fhs_scenario,0.94,0.1,1000,5213,6213,0.014506287225556021,0.015531282920554128,0.00039450079941705284,0.0,0.0,0.014899480432370039
2023-04-17,2023-04-18,test,hybrid_topology_fhs_scenario,0.94,0.1,1000,5214,6214,0.014138298198318864,0.015164543891798637,-0.0010424366496484705,0.0,0.0,0.015953613376390605
2023-04-18,2023-04-19,test,hybrid_topology_fhs_scenario,0.94,0.1,1000,5215,6215,0.013898700200056301,0.0148106154883814,0.0009544213688651882,0.0,0.0,0.013639232054840217
2023-04-19,2023-04-20,test,hybrid_topology_fhs_scenario,0.94,0.1,1000,5216,6216,0.01347045591272378,0.014398607844046962,0.0009534185371482093,0.0,0.0,0.01323422994798204
2023-04-20,2023-04-21,test,hybrid_topology_fhs_scenario,0.94,0.1,1000,5217,6217,0.013207571182998736,0.014077292002710004,0.0005056365322340107,0.0,0.0,0.013359383430221741
2023-04-21,2023-04-24,test,hybrid_topology_fhs_scenario,0.94,0.1,1000,5218,6218,0.012834076554117684,0.013638433904855514,-0.00257395480600322,0.0,0.0,0.015961159306688472
2023-04-24,2023-04-25,test,hybrid_topology_fhs_scenario,0.94,0.1,1000,5219,6219,0.012672328202256033,0.013430841707485817,0.005566817608404406,0.0,0.0,0.0077384786025428915
2023-04-25,2023-04-26,test,hybrid_topology_fhs_scenario,0.94,0.1,1000,5220,6220,0.012817163966343635,0.013689456873731808,0.004100798954456298,0.0,0.0,0.009436105121412495
2023-04-26,2023-04-27,test,hybrid_topology_fhs_scenario,0.94,0.1,1000,5221,6221,0.01276283791391022,0.01358200196555179,-0.009335322536797674,0.0,0.0,0.022565372994297804
2023-04-27,2023-04-28,test,hybrid_topology_fhs_scenario,0.94,0.1,1000,5222,6222,0.013871136309183525,0.014769636854079239,-0.00811135887394343,0.0,0.0,0.022528795786653375
2023-04-28,2023-05-01,test,hybrid_topology_fhs_scenario,0.94,0.1,1000,5223,6223,0.01437146791849043,0.015377078748996662,0.005313960124753958,0.0,0.0,0.009902115736574001
2023-05-01,2023-05-02,test,hybrid_topology_fhs_scenario,0.94,0.1,1000,5224,6224,0.014422679873771925,0.01544227775247152,0.00153601257757745,0.0,0.0,0.013687475218483661
2023-05-02,2023-05-03,test,hybrid_topology_fhs_scenario,0.94,0.1,1000,5225,6225,0.014080517076749231,0.01508925487630831,0.0015079714491150302,0.0,0.0,0.013367476797789789
2023-05-03,2023-05-04,test,hybrid_topology_fhs_scenario,0.94,0.1,1000,5226,6226,0.013691587112647311,0.014599481229665735,0.004329491285621789,0.0,0.0,0.010106861153713105
2023-05-04,2023-05-05,test,hybrid_topology_fhs_scenario,0.94,0.1,1000,5227,6227,0.013609995120094696,0.014597589482783137,-0.008952508557145,0.0,0.0,0.023186970625702328
2023-05-05,2023-05-08,test,hybrid_topology_fhs_scenario,0.94,0.1,1000,5228,6228,0.014510200789724835,0.015509220401878805,0.0022876066648307436,0.0,0.0,0.013013299334870802
2023-05-08,2023-05-09,test,hybrid_topology_fhs_scenario,0.94,0.1,1000,5229,6229,0.014156484868456849,0.015060584723410096,0.0031157422890010665,0.0,0.0,0.011756628799343362
2023-05-09,2023-05-10,test,hybrid_topology_fhs_scenario,0.94,0.1,1000,5230,6230,0.013906554033766939,0.01491683242097423,-0.005794609694998565,0.0,0.0,0.02039066770036113
2023-05-10,2023-05-11,test,hybrid_topology_fhs_scenario,0.94,0.1,1000,5231,6231,0.014050658433887418,0.01504985421587858,-0.00043810431347131047,0.0,0.0,0.015245647193589729
2023-05-11,2023-05-12,test,hybrid_topology_fhs_scenario,0.94,0.1,1000,5232,6232,0.013898700200056301,0.01486635652260041,0.003184683565039293,0.0,0.0,0.01149677129997226
2023-05-12,2023-05-15,test,hybrid_topology_fhs_scenario,0.94,0.1,1000,5233,6233,0.013768607615808783,0.014647349505218392,-0.0011855292252601398,0.0,0.0,0.015586598130627259
2023-05-15,2023-05-16,test,hybrid_topology_fhs_scenario,0.94,0.1,1000,5234,6234,0.013398570471537917,0.014254892956640767,0.0052992865125434776,0.0,0.0,0.0088127091225848
2023-05-16,2023-05-17,test,hybrid_topology_fhs_scenario,0.94,0.1,1000,5235,6235,0.013567184099705795,0.014426178933834384,-0.0059894285329050055,0.0,0.0,0.02010078340639701
2023-05-17,2023-05-18,test,hybrid_topology_fhs_scenario,0.94,0.1,1000,5236,6236,0.013763580623703309,0.014687594098417984,-0.00330568045638393,0.0,0.0,0.017714135301732735
2023-05-18,2023-05-19,test,hybrid_topology_fhs_scenario,0.94,0.1,1000,5237,6237,0.013548873829220324,0.014390784941010796,0.002383411096967203,0.0,0.0,0.011818844125265033
2023-05-19,2023-05-22,test,hybrid_topology_fhs_scenario,0.94,0.1,1000,5238,6238,0.01324454095988663,0.014154723282960099,0.000493818065502616,0.0,0.0,0.013446889815964886
2023-05-22,2023-05-23,test,hybrid_topology_fhs_scenario,0.94,0.1,1000,5239,6239,0.01280697759812455,0.01366634290400347,0.006076857404252789,0.0,0.0,0.007467049564195633
2023-05-23,2023-05-24,test,hybrid_topology_fhs_scenario,0.94,0.1,1000,5240,6240,0.01313995989615796,0.013926625890679176,0.0053714697649147386,0.0,0.0,0.00841896212393276
2023-05-24,2023-05-25,test,hybrid_topology_fhs_scenario,0.94,0.1,1000,5241,6241,0.0131784749444526,0.014089925655889072,-0.0026898323272580345,0.0,0.0,0.01651894710628553
2023-05-25,2023-05-26,test,hybrid_topology_fhs_scenario,0.94,0.1,1000,5242,6242,0.01277597071472093,0.013792129146392378,-0.008514501265006701,0.0,0.0,0.02196186937091138
2023-05-26,2023-05-30,test,hybrid_topology_fhs_scenario,0.94,0.1,1000,5243,6243,0.01366734234644908,0.014719473623678108,-0.003365103127778868,0.0,0.0,0.017802786787412827
2023-05-30,2023-05-31,test,hybrid_topology_fhs_scenario,0.94,0.1,1000,5244,6244,0.01350806867805306,0.01447982487971522,0.001812247305160808,0.0,0.0,0.012467846348919474
2023-05-31,2023-06-01,test,hybrid_topology_fhs_scenario,0.94,0.1,1000,5245,6245,0.013156756584230758,0.014153649662548486,-0.006812775714370866,0.0,0.0,0.020641960065482384
2023-06-01,2023-06-02,test,hybrid_topology_fhs_scenario,0.94,0.1,1000,5246,6246,0.013872696602162839,0.01477611769701552,-0.005496237253979739,0.0,0.0,0.019959235415781804
2023-06-02,2023-06-05,test,hybrid_topology_fhs_scenario,0.94,0.1,1000,5247,6247,0.013878825223568803,0.014847891196216387,0.0012730745046542146,0.0,0.0,0.013361503781462263
2023-06-05,2023-06-06,test,hybrid_topology_fhs_scenario,0.94,0.1,1000,5248,6248,0.013616140017552802,0.014512812582460136,-0.0015530960608789446,0.0,0.0,0.01581595328803992
2023-06-06,2023-06-07,test,hybrid_topology_fhs_scenario,0.94,0.1,1000,5249,6249,0.013339311611706978,0.014216785654470245,0.004991888012892321,0.0,0.0,0.009077749436526623
2023-06-07,2023-06-08,test,hybrid_topology_fhs_scenario,0.94,0.1,1000,5250,6250,0.01341374288695822,0.014281467439486693,-0.006319517625797832,0.0,0.0,0.02028329304377997
2023-06-08,2023-06-09,test,hybrid_topology_fhs_scenario,0.94,0.1,1000,5251,6251,0.013651060214275335,0.014495891279419755,0.0003622104728723931,0.0,0.0,0.013913227283797708
2023-06-09,2023-06-12,test,hybrid_topology_fhs_scenario,0.94,0.1,1000,5252,6252,0.013282915263684214,0.014141148437844,-0.006103081768589869,0.0,0.0,0.01993198442159576
2023-06-12,2023-06-13,test,hybrid_topology_fhs_scenario,0.94,0.1,1000,5253,6253,0.013586899171079596,0.014448821165680952,-0.0011133720371491402,0.0,0.0,0.015320141084841626
2023-06-13,2023-06-14,test,hybrid_topology_fhs_scenario,0.94,0.1,1000,5254,6254,0.013260047722389008,0.014104677698922697,-0.0012538921342182263,0.0,0.0,0.015119744985878474
2023-06-14,2023-06-15,test,hybrid_topology_fhs_scenario,0.94,0.1,1000,5255,6255,0.012887140164452351,0.013764608403532988,-0.010546066169737411,0.0,0.0,0.023937239772280537
2023-06-15,2023-06-16,test,hybrid_topology_fhs_scenario,0.94,0.1,1000,5256,6256,0.014342904728289444,0.01526807141446429,0.0037705429577213675,0.0,0.0,0.01131581386303003
2023-06-16,2023-06-20,test,hybrid_topology_fhs_scenario,0.94,0.1,1000,5257,6257,0.014279532370811645,0.015130261859946377,0.001915353225753158,0.0,0.0,0.013008177709788973
2023-06-20,2023-06-21,test,hybrid_topology_fhs_scenario,0.94,0.1,1000,5258,6258,0.013952879131840347,0.014831703832593135,0.0027037398650642474,0.0,0.0,0.011937256261008425
2023-06-21,2023-06-22,test,hybrid_topology_fhs_scenario,0.94,0.1,1000,5259,6259,0.013663182302503775,0.014578470654950009,9.650304850574755e-05,0.0,0.0,0.014255585208823135
2023-06-22,2023-06-23,test,hybrid_topology_fhs_scenario,0.94,0.1,1000,5260,6260,0.013398570471537917,0.014222705472117403,0.0028813105014043215,0.0,0.0,0.01116303269614659
2023-06-23,2023-06-26,test,hybrid_topology_fhs_scenario,0.94,0.1,1000,5261,6261,0.013271712787906407,0.014023686491310838,0.0014627944490853248,0.0,0.0,0.012364958924558087
2023-06-26,2023-06-27,test,hybrid_topology_fhs_scenario,0.94,0.1,1000,5262,6262,0.012962851330530975,0.013747712835511494,-0.005180792981337223,0.0,0.0,0.018636729614546182
2023-06-27,2023-06-28,test,hybrid_topology_fhs_scenario,0.94,0.1,1000,5263,6263,0.013076168162459954,0.013868674936598342,-0.0019110208686890398,0.0,0.0,0.015535075300466687
2023-06-28,2023-06-29,test,hybrid_topology_fhs_scenario,0.94,0.1,1000,5264,6264,0.012796184890140479,0.013575414099110906,0.0017425095756514073,0.0,0.0,0.011647618663517904
2023-06-29,2023-06-30,test,hybrid_topology_fhs_scenario,0.94,0.1,1000,5265,6265,0.012637128737169077,0.013341205406369032,-0.007951906543429654,0.0,0.0,0.020966674503859705
2023-06-30,2023-07-03,test,hybrid_topology_fhs_scenario,0.94,0.1,1000,5266,6266,0.013348335898162164,0.014140004308438122,0.0010448233402479802,0.0,0.0,0.012890836569564528
2023-07-03,2023-07-05,test,hybrid_topology_fhs_scenario,0.94,0.1,1000,5267,6267,0.013015924810831423,0.013775062804308626,0.0028098070145101016,0.0,0.0,0.010793185573016777
2023-07-05,2023-07-06,test,hybrid_topology_fhs_scenario,0.94,0.1,1000,5268,6268,0.012851569611532913,0.01362119878028055,0.00796574556455396,0.0,0.0,0.005562925125803214
2023-07-06,2023-07-07,test,hybrid_topology_fhs_scenario,0.94,0.1,1000,5269,6269,0.013463430646029714,0.014385356225109232,0.002021632728688649,0.0,0.0,0.012169048388183478
2023-07-07,2023-07-10,test,hybrid_topology_fhs_scenario,0.94,0.1,1000,5270,6270,0.013133178088733415,0.014044727090209498,-0.00359078217609059,0.0,0.0,0.017361861137290824
2023-07-10,2023-07-11,test,hybrid_topology_fhs_scenario,0.94,0.1,1000,5271,6271,0.012944225224205708,0.013692297830389884,-0.004662511177275253,0.0,0.0,0.01807200614648832
2023-07-11,2023-07-12,test,hybrid_topology_fhs_scenario,0.94,0.1,1000,5272,6272,0.012982710527107004,0.013715750425195848,-0.008731722653483497,0.0,0.0,0.022103430583518265
2023-07-12,2023-07-13,test,hybrid_topology_fhs_scenario,0.94,0.1,1000,5273,6273,0.013898700200056301,0.014706662365805218,-0.008088307086539449,0.0,0.0,0.022444965288902007
2023-07-13,2023-07-14,test,hybrid_topology_fhs_scenario,0.94,0.1,1000,5274,6274,0.014454412736401646,0.015386214467724257,0.00235301650194768,0.0,0.0,0.012828381978976702
2023-07-14,2023-07-17,test,hybrid_topology_fhs_scenario,0.94,0.1,1000,5275,6275,0.014042633955494557,0.015019634375453209,-0.002746435094441546,0.0,0.0,0.017489808423646745
2023-07-17,2023-07-18,test,hybrid_topology_fhs_scenario,0.94,0.1,1000,5276,6276,0.013897623746029264,0.014745117073960852,-0.004913436493161383,0.0,0.0,0.01935520033033608
2023-07-18,2023-07-19,test,hybrid_topology_fhs_scenario,0.94,0.1,1000,5277,6277,0.013898700200056301,0.014765294950749833,-0.002697832957263691,0.0,0.0,0.017192515041886385
2023-07-19,2023-07-20,test,hybrid_topology_fhs_scenario,0.94,0.1,1000,5278,6278,0.013616214145584898,0.014505715797367173,0.007151762394708583,0.0,0.0,0.007234749085100888
2023-07-20,2023-07-21,test,hybrid_topology_fhs_scenario,0.94,0.1,1000,5279,6279,0.014121981268379196,0.014963533807369223,-0.00033213493803456733,0.0,0.0,0.015057818188832834
2023-07-21,2023-07-24,test,hybrid_topology_fhs_scenario,0.94,0.1,1000,5280,6280,0.013693749781832921,0.014564835617908379,-0.001726370327849791,0.0,0.0,0.01603812699821104
2023-07-24,2023-07-25,test,hybrid_topology_fhs_scenario,0.94,0.1,1000,5281,6281,0.013398570471537917,0.01423744045786288,-0.0008898296359572732,0.0,0.0,0.014891972342549601
2023-07-25,2023-07-26,test,hybrid_topology_fhs_scenario,0.94,0.1,1000,5282,6282,0.013076168162459954,0.013870798234386599,-0.001466635164444119,0.0,0.0,0.015099425597128992
2023-07-26,2023-07-27,test,hybrid_topology_fhs_scenario,0.94,0.1,1000,5283,6283,0.012737626117984492,0.013517689064730705,0.008336474676196826,0.0,0.0,0.005095695543238408
2023-07-27,2023-07-28,test,hybrid_topology_fhs_scenario,0.94,0.1,1000,5284,6284,0.013532835196024334,0.014427572449610607,-0.007175153192993245,0.0,0.0,0.02126973738542893
2023-07-28,2023-07-31,test,hybrid_topology_fhs_scenario,0.94,0.1,1000,5285,6285,0.014052306494412786,0.01489436825799977,-0.0016443289960218267,0.0,0.0,0.016282196177575405
2023-07-31,2023-08-01,test,hybrid_topology_fhs_scenario,0.94,0.1,1000,5286,6286,0.013672927550492328,0.01454866618453639,0.004054151967732511,0.0,0.0,0.010328339117211378
2023-08-01,2023-08-02,test,hybrid_topology_fhs_scenario,0.94,0.1,1000,5287,6287,0.013557835071918298,0.014398172861369006,0.009146852029142805,0.0,0.0,0.005164147641848301
2023-08-02,2023-08-03,test,hybrid_topology_fhs_scenario,0.94,0.1,1000,5288,6288,0.01440978128296329,0.015290303115633366,0.004674809185042284,0.0,0.0,0.010447456303305515
2023-08-03,2023-08-04,test,hybrid_topology_fhs_scenario,0.94,0.1,1000,5289,6289,0.014339265699607522,0.015206869566996647,-0.001539445643285875,0.0,0.0,0.01648644444345439
2023-08-04,2023-08-07,test,hybrid_topology_fhs_scenario,0.94,0.1,1000,5290,6290,0.013943057881800289,0.01483016904525812,-0.004269255064717514,0.0,0.0,0.018804061636691422
2023-08-07,2023-08-08,test,hybrid_topology_fhs_scenario,0.94,0.1,1000,5291,6291,0.013822519218940241,0.014681239675547028,0.000584284925617662,0.0,0.0,0.013876913224114358
2023-08-08,2023-08-09,test,hybrid_topology_fhs_scenario,0.94,0.1,1000,5292,6292,0.013420897976549521,0.01430063235682548,0.0037594520683747797,0.0,0.0,0.010374265240321178
2023-08-09,2023-08-10,test,hybrid_topology_fhs_scenario,0.94,0.1,1000,5293,6293,0.013268739572341788,0.01415918585513546,0.0028465754724931627,0.0,0.0,0.011134016764074725
2023-08-10,2023-08-11,test,hybrid_topology_fhs_scenario,0.94,0.1,1000,5294,6294,0.013013976882087415,0.013856919448693555,0.0024634096406617625,0.0,0.0,0.011214177735245254
2023-08-11,2023-08-14,test,hybrid_topology_fhs_scenario,0.94,0.1,1000,5295,6295,0.012923138921866991,0.013608757285005664,-0.002674593359203614,0.0,0.0,0.01603224420091475
2023-08-14,2023-08-15,test,hybrid_topology_fhs_scenario,0.94,0.1,1000,5296,6296,0.012780408662556685,0.013414375299140484,0.007755422190202243,0.0,0.0,0.005567729145938329
2023-08-15,2023-08-16,test,hybrid_topology_fhs_scenario,0.94,0.1,1000,5297,6297,0.013234379278661147,0.014093373144087767,0.005937973600052726,0.0,0.0,0.008024478612220248
2023-08-16,2023-08-17,test,hybrid_topology_fhs_scenario,0.94,0.1,1000,5298,6298,0.01347107674174708,0.0143156165991897,0.0050857143584305264,0.0,0.0,0.00908300830857336
2023-08-17,2023-08-18,test,hybrid_topology_fhs_scenario,0.94,0.1,1000,5299,6299,0.013525062847662795,0.014373878841107876,-0.0014889932239205985,0.0,0.0,0.015616440824118599
2023-08-18,2023-08-21,test,hybrid_topology_fhs_scenario,0.94,0.1,1000,5300,6300,0.013153324664295413,0.014026284230957033,-0.0014250289431664061,0.0,0.0,0.015210813880844972
2023-08-21,2023-08-22,test,hybrid_topology_fhs_scenario,0.94,0.1,1000,5301,6301,0.012842557364583479,0.013670975585125315,0.001453116015763256,0.0,0.0,0.012026307493616209
2023-08-22,2023-08-23,test,hybrid_topology_fhs_scenario,0.94,0.1,1000,5302,6302,0.012628478878547313,0.013340562167613859,-0.011023844570417517,0.0,0.0,0.023991819804070242
2023-08-23,2023-08-24,test,hybrid_topology_fhs_scenario,0.94,0.1,1000,5303,6303,0.014239807102115806,0.015056157321487667,0.009803498496983342,0.0,0.0,0.005165705439943041
2023-08-24,2023-08-25,test,hybrid_topology_fhs_scenario,0.94,0.1,1000,5304,6304,0.01520001056881294,0.016128652737320056,-0.004101709850361468,0.0,0.0,0.01991762072718123
2023-08-25,2023-08-28,test,hybrid_topology_fhs_scenario,0.94,0.1,1000,5305,6305,0.015048279745307914,0.015935235326331655,-0.004914806176578778,0.0,0.0,0.02052842132455654
2023-08-28,2023-08-29,test,hybrid_topology_fhs_scenario,0.94,0.1,1000,5306,6306,0.015003347882362962,0.01584275429695547,-0.011525535076275295,0.0,0.0,0.026949370968486378
2023-08-29,2023-08-30,test,hybrid_topology_fhs_scenario,0.94,0.1,1000,5307,6307,0.016242716010385825,0.017370742320612264,-0.0024290760110587508,0.0,0.0,0.019491540793593685
2023-08-30,2023-08-31,test,hybrid_topology_fhs_scenario,0.94,0.1,1000,5308,6308,0.0158728345885274,0.016986528984948,7.483355966366736e-05,0.0,0.0,0.01664688304994086
2023-08-31,2023-09-01,test,hybrid_topology_fhs_scenario,0.94,0.1,1000,5309,6309,0.015561370893004897,0.01653829638047622,0.0013259362685821064,0.0,0.0,0.01497440545534099
2023-09-01,2023-09-05,test,hybrid_topology_fhs_scenario,0.94,0.1,1000,5310,6310,0.01519451446049609,0.016106042081874723,0.0050192880205382154,0.0,0.0,0.010911337474202674
2023-09-05,2023-09-06,test,hybrid_topology_fhs_scenario,0.94,0.1,1000,5311,6311,0.015128109065409618,0.015995804717036086,0.005061144238448079,0.0,0.0,0.010761963614892922
2023-09-06,2023-09-07,test,hybrid_topology_fhs_scenario,0.94,0.1,1000,5312,6312,0.015072000065330625,0.01592443830332371,0.0004682729443770126,0.0,0.0,0.015215798496182565
2023-09-07,2023-09-08,test,hybrid_topology_fhs_scenario,0.94,0.1,1000,5313,6313,0.014616371596055515,0.0154478692942212,-0.000989197681016396,0.0,0.0,0.016182195993627375
2023-09-08,2023-09-11,test,hybrid_topology_fhs_scenario,0.94,0.1,1000,5314,6314,0.01418731270517712,0.015000881687446612,-0.003261635541380281,0.0,0.0,0.017980443780571797
2023-09-11,2023-09-12,test,hybrid_topology_fhs_scenario,0.94,0.1,1000,5315,6315,0.014019460765014315,0.014770157074240486,0.0027343821354929515,0.0,0.0,0.011847731351574058
2023-09-12,2023-09-13,test,hybrid_topology_fhs_scenario,0.94,0.1,1000,5316,6316,0.013722553453600413,0.014474637714850528,-0.0011702898236367165,0.0,0.0,0.015402732782797433
2023-09-13,2023-09-14,test,hybrid_topology_fhs_scenario,0.94,0.1,1000,5317,6317,0.013328965528369397,0.01410241194651259,-0.004275948851525868,0.0,0.0,0.018094950921886448
2023-09-14,2023-09-15,test,hybrid_topology_fhs_scenario,0.94,0.1,1000,5318,6318,0.013265898508398506,0.014085337947647322,0.008471235351436056,0.0,0.0,0.005521696662875608
2023-09-15,2023-09-18,test,hybrid_topology_fhs_scenario,0.94,0.1,1000,5319,6319,0.014128337530176286,0.014933781475723008,-0.0007386200802800058,0.0,0.0,0.0154292610932075
2023-09-18,2023-09-19,test,hybrid_topology_fhs_scenario,0.94,0.1,1000,5320,6320,0.013707414496963397,0.014533510786442093,0.0027037848698767243,0.0,0.0,0.0116440190649221
2023-09-19,2023-09-20,test,hybrid_topology_fhs_scenario,0.94,0.1,1000,5321,6321,0.013420211295860863,0.014283991055922185,0.005817706240176168,0.0,0.0,0.008330652745909214
2023-09-20,2023-09-21,test,hybrid_topology_fhs_scenario,0.94,0.1,1000,5322,6322,0.0136168606399832,0.014512730589708105,0.012892065255592456,0.0,0.0,0.001587396654606665
2023-09-21,2023-09-22,test,hybrid_topology_fhs_scenario,0.94,0.1,1000,5323,6323,0.015729204652163035,0.016710360074392545,-0.00021480164183582682,0.0,0.0,0.016661472736262655
2023-09-22,2023-09-25,test,hybrid_topology_fhs_scenario,0.94,0.1,1000,5324,6324,0.015423806780007274,0.01652388928632232,0.0004194503185567912,0.0,0.0,0.015851871558185893
2023-09-25,2023-09-26,test,hybrid_topology_fhs_scenario,0.94,0.1,1000,5325,6325,0.014968938090538883,0.015925892455709318,0.008945517317601227,0.0,0.0,0.006866099967384766
2023-09-26,2023-09-27,test,hybrid_topology_fhs_scenario,0.94,0.1,1000,5326,6326,0.015737146098931263,0.016682989789774262,0.001548449405027963,0.0,0.0,0.014898063842066675
2023-09-27,2023-09-28,test,hybrid_topology_fhs_scenario,0.94,0.1,1000,5327,6327,0.01522441568365942,0.016346921379989658,-0.00457356300816607,0.0,0.0,0.020595452065370088
2023-09-28,2023-09-29,test,hybrid_topology_fhs_scenario,0.94,0.1,1000,5328,6328,0.015180669366718495,0.01624291318580182,0.001368849735262967,0.0,0.0,0.014640330060589938
2023-09-29,2023-10-02,test,hybrid_topology_fhs_scenario,0.94,0.1,1000,5329,6329,0.014748447202226182,0.01567942603083902,0.0034831928302397233,0.0,0.0,0.012003979914304175
2023-10-02,2023-10-03,test,hybrid_topology_fhs_scenario,0.94,0.1,1000,5330,6330,0.014499511949932592,0.015437193249705758,0.011342549017388247,0.0,0.0,0.004023847755835017
2023-10-03,2023-10-04,test,hybrid_topology_fhs_scenario,0.94,0.1,1000,5331,6331,0.01590698705847118,0.017097602980118642,-0.0069064449860303245,0.0,0.0,0.02363208108744026
2023-10-04,2023-10-05,test,hybrid_topology_fhs_scenario,0.94,0.1,1000,5332,6332,0.015991158259554213,0.017152166128360506,-0.0005258610976574874,0.0,0.0,0.01740124673893966
2023-10-05,2023-10-06,test,hybrid_topology_fhs_scenario,0.94,0.1,1000,5333,6333,0.015638286930205605,0.016676264914838146,-0.004783867785437001,0.0,0.0,0.021127850929924693
2023-10-06,2023-10-09,test,hybrid_topology_fhs_scenario,0.94,0.1,1000,5334,6334,0.01559106005618951,0.016679474038412533,-0.00894838355359906,0.0,0.0,0.02523255558830919
2023-10-09,2023-10-10,test,hybrid_topology_fhs_scenario,0.94,0.1,1000,5335,6335,0.01617492555277415,0.017394300164600824,-0.0023335520560802793,0.0,0.0,0.01941974069125262
2023-10-10,2023-10-11,test,hybrid_topology_fhs_scenario,0.94,0.1,1000,5336,6336,0.01581319743870284,0.016970251784614903,-0.0046546711316307835,0.0,0.0,0.021288978529042882
2023-10-11,2023-10-12,test,hybrid_topology_fhs_scenario,0.94,0.1,1000,5337,6337,0.015737146098931263,0.01684678582104474,0.007503042622388168,0.0,0.0,0.00919249065345559
2023-10-12,2023-10-13,test,hybrid_topology_fhs_scenario,0.94,0.1,1000,5338,6338,0.015991158259554213,0.017184175115512162,0.0004296467341434072,0.0,0.0,0.016491280287088645
2023-10-13,2023-10-16,test,hybrid_topology_fhs_scenario,0.94,0.1,1000,5339,6339,0.01548327983816409,0.01649580611322089,-0.003945489561242298,0.0,0.0,0.020124550976595674
2023-10-16,2023-10-17,test,hybrid_topology_fhs_scenario,0.94,0.1,1000,5340,6340,0.015249250336483366,0.016333086600900448,0.003952530614617267,0.0,0.0,0.012184009283844763
2023-10-17,2023-10-18,test,hybrid_topology_fhs_scenario,0.94,0.1,1000,5341,6341,0.015072440277179066,0.016059506179151823,0.009865690533518311,0.0,0.0,0.0060910377519292815
2023-10-18,2023-10-19,test,hybrid_topology_fhs_scenario,0.94,0.1,1000,5342,6342,0.015906698566636145,0.016995395186225292,0.007240732552606998,0.0,0.0,0.009597455727918126
2023-10-19,2023-10-20,test,hybrid_topology_fhs_scenario,0.94,0.1,1000,5343,6343,0.016176128359789793,0.01731043158918591,0.005034340926701585,0.0,0.0,0.012080606270253098
2023-10-20,2023-10-23,test,hybrid_topology_fhs_scenario,0.94,0.1,1000,5344,6344,0.01604632933947364,0.017138672963695593,-0.0008376625596561607,0.0,0.0,0.017695767054259258
2023-10-23,2023-10-24,test,hybrid_topology_fhs_scenario,0.94,0.1,1000,5345,6345,0.015567738264409575,0.0166716233099376,-0.005235660695515199,0.0,0.0,0.021567635894915727
2023-10-24,2023-10-25,test,hybrid_topology_fhs_scenario,0.94,0.1,1000,5346,6346,0.015628735828006692,0.01679124548081483,0.012120493537889177,0.0,0.0,0.004589065567253686
2023-10-25,2023-10-26,test,hybrid_topology_fhs_scenario,0.94,0.1,1000,5347,6347,0.017105970116045793,0.018285757417123856,0.004137401044662314,0.0,0.0,0.013924333153863837
2023-10-26,2023-10-27,test,hybrid_topology_fhs_scenario,0.94,0.1,1000,5348,6348,0.01682355842749898,0.01808832226706247,0.0020971028789800394,0.0,0.0,0.01573870345886556
2023-10-27,2023-10-30,test,hybrid_topology_fhs_scenario,0.94,0.1,1000,5349,6349,0.016372236443178395,0.01764201684962907,-0.005841398527492014,0.0,0.0,0.02311846634239976
2023-10-30,2023-10-31,test,hybrid_topology_fhs_scenario,0.94,0.1,1000,5350,6350,0.01634929134232621,0.017544851678279946,-0.002921545449360874,0.0,0.0,0.020147445567366667
2023-10-31,2023-11-01,test,hybrid_topology_fhs_scenario,0.94,0.1,1000,5351,6351,0.015978631637967877,0.017251607588036226,-0.011005875037578418,0.0,0.0,0.027820890626729742
2023-11-01,2023-11-02,test,hybrid_topology_fhs_scenario,0.94,0.1,1000,5352,6352,0.01702387877947238,0.018328884155453803,-0.01397741536524415,0.0,0.0,0.03180865497412767
2023-11-02,2023-11-03,test,hybrid_topology_fhs_scenario,0.94,0.1,1000,5353,6353,0.01894031253580072,0.020213754862588914,-0.008553157905717956,0.0,0.0,0.028322674653514384
2023-11-03,2023-11-06,test,hybrid_topology_fhs_scenario,0.94,0.1,1000,5354,6354,0.01923017159770876,0.020604630735278896,0.0009331543012780054,0.0,0.0,0.019362659696115177
2023-11-06,2023-11-07,test,hybrid_topology_fhs_scenario,0.94,0.1,1000,5355,6355,0.01867932839715441,0.019912615931542903,-0.003990783017041144,0.0,0.0,0.023532515089011403
2023-11-07,2023-11-08,test,hybrid_topology_fhs_scenario,0.94,0.1,1000,5356,6356,0.018305614178513077,0.01961416622777277,-0.0020547775683505964,0.0,0.0,0.021330824118688918
2023-11-08,2023-11-09,test,hybrid_topology_fhs_scenario,0.94,0.1,1000,5357,6357,0.017777567947850022,0.019070906827921508,0.00863620447072655,0.0,0.0,0.010265248433036318
2023-11-09,2023-11-10,test,hybrid_topology_fhs_scenario,0.94,0.1,1000,5358,6358,0.018356549511033764,0.01970447028236162,-0.009802021334334032,0.0,0.0,0.029050415034731936
2023-11-10,2023-11-13,test,hybrid_topology_fhs_scenario,0.94,0.1,1000,5359,6359,0.018990966034554493,0.020415473727568075,0.0007912412215358433,0.0,0.0,0.019315623941511612
2023-11-13,2023-11-14,test,hybrid_topology_fhs_scenario,0.94,0.1,1000,5360,6360,0.018413787644783016,0.019711140599473966,-0.017653781125340995,0.0,0.0,0.036791474369395824
2023-11-14,2023-11-15,test,hybrid_topology_fhs_scenario,0.94,0.1,1000,5361,6361,0.02124274864754574,0.022784539965965227,0.001843297746983597,0.0,0.0,0.02061170567251271
2023-11-15,2023-11-16,test,hybrid_topology_fhs_scenario,0.94,0.1,1000,5362,6362,0.020659512859632908,0.022154877538977436,-0.003741192147923922,0.0,0.0,0.02549267499480439
2023-11-16,2023-11-17,test,hybrid_topology_fhs_scenario,0.94,0.1,1000,5363,6363,0.020226756838820692,0.02166666974799766,-0.0010057750696985668,0.0,0.0,0.022317959016339012
2023-11-17,2023-11-20,test,hybrid_topology_fhs_scenario,0.94,0.1,1000,5364,6364,0.019752576256173528,0.021036614357968723,-0.005180463375611577,0.0,0.0,0.025810981186558644
2023-11-20,2023-11-21,test,hybrid_topology_fhs_scenario,0.94,0.1,1000,5365,6365,0.019466645807324445,0.02074841401023563,0.0007895617416580735,0.0,0.0,0.019646651802519784
2023-11-21,2023-11-22,test,hybrid_topology_fhs_scenario,0.94,0.1,1000,5366,6366,0.018887645413613298,0.020158238010466928,-0.002187110727988406,0.0,0.0,0.021997462581409968
2023-11-22,2023-11-24,test,hybrid_topology_fhs_scenario,0.94,0.1,1000,5367,6367,0.01837155013429478,0.01964305383142108,0.0017008989675849852,0.0,0.0,0.017660307503907288
2023-11-24,2023-11-27,test,hybrid_topology_fhs_scenario,0.94,0.1,1000,5368,6368,0.017665410475925226,0.018945117808978697,-0.0019541025758337497,0.0,0.0,0.02057293500570973
2023-11-27,2023-11-28,test,hybrid_topology_fhs_scenario,0.94,0.1,1000,5369,6369,0.01719947449304169,0.01854293612656844,-0.002358119991583596,0.0,0.0,0.020574105660044487
2023-11-28,2023-11-29,test,hybrid_topology_fhs_scenario,0.94,0.1,1000,5370,6370,0.016749812394075213,0.01805340485459411,-0.0016767274065703664,0.0,0.0,0.01942114435264182
2023-11-29,2023-11-30,test,hybrid_topology_fhs_scenario,0.94,0.1,1000,5371,6371,0.016425475009625167,0.017682330363046277,-0.00040244372011719607,0.0,0.0,0.01780093391838181
2023-11-30,2023-12-01,test,hybrid_topology_fhs_scenario,0.94,0.1,1000,5372,6372,0.016053455401869643,0.017219788130168456,-0.007323641834137496,0.0,0.0,0.024163615187558374
2023-12-01,2023-12-04,test,hybrid_topology_fhs_scenario,0.94,0.1,1000,5373,6373,0.016261870616104734,0.017507856759980414,0.004808676827228497,0.0,0.0,0.012496232372321881
2023-12-04,2023-12-05,test,hybrid_topology_fhs_scenario,0.94,0.1,1000,5374,6374,0.01604981457136582,0.017357690088904507,-0.002700921382326671,0.0,0.0,0.019744653543987325
2023-12-05,2023-12-06,test,hybrid_topology_fhs_scenario,0.94,0.1,1000,5375,6375,0.015791099003250604,0.016993351182507402,0.0007637722671984149,0.0,0.0,0.015974112709786784
2023-12-06,2023-12-07,test,hybrid_topology_fhs_scenario,0.94,0.1,1000,5376,6376,0.015368422691240875,0.016530400424180237,-0.0039868612558326515,0.0,0.0,0.0201978829774833
2023-12-07,2023-12-08,test,hybrid_topology_fhs_scenario,0.94,0.1,1000,5377,6377,0.015097350003287316,0.016286433627150987,8.635093879938438e-07,0.0,0.0,0.01602939572975791
2023-12-08,2023-12-11,test,hybrid_topology_fhs_scenario,0.94,0.1,1000,5378,6378,0.014684803692805934,0.01582226361927165,-0.0023764122923513042,0.0,0.0,0.017914321173683953
2023-12-11,2023-12-12,test,hybrid_topology_fhs_scenario,0.94,0.1,1000,5379,6379,0.014503809296220926,0.015579293963443508,-0.0035917082587195283,0.0,0.0,0.018872682342158366
2023-12-12,2023-12-13,test,hybrid_topology_fhs_scenario,0.94,0.1,1000,5380,6380,0.014293074052688391,0.015386703686113048,-0.014221305151372033,0.0,0.0,0.029152952408588558
2023-12-13,2023-12-14,test,hybrid_topology_fhs_scenario,0.94,0.1,1000,5381,6381,0.016575223175191937,0.017921576930290565,-0.0052507319386171595,0.0,0.0,0.022811260698323125
2023-12-14,2023-12-15,test,hybrid_topology_fhs_scenario,0.94,0.1,1000,5382,6382,0.016455477073375007,0.017817759909946038,0.00132106856039782,0.0,0.0,0.016235618150939286
2023-12-15,2023-12-18,test,hybrid_topology_fhs_scenario,0.94,0.1,1000,5383,6383,0.016059170105709054,0.017337872817736747,-0.002499983515552362,0.0,0.0,0.019527501461169494
2023-12-18,2023-12-19,test,hybrid_topology_fhs_scenario,0.94,0.1,1000,5384,6384,0.015763247690295145,0.016814091048856485,-0.004400322259201728,0.0,0.0,0.020885688674851723
2023-12-19,2023-12-20,test,hybrid_topology_fhs_scenario,0.94,0.1,1000,5385,6385,0.015737146098931263,0.01667400074189403,0.006355305647650343,0.0,0.0,0.010154546121400404
2023-12-20,2023-12-21,test,hybrid_topology_fhs_scenario,0.94,0.1,1000,5386,6386,0.015888163748200117,0.016989899616752395,-0.0050669274372836075,0.0,0.0,0.02171495728953994
2023-12-21,2023-12-22,test,hybrid_topology_fhs_scenario,0.94,0.1,1000,5387,6387,0.01556786621285936,0.01662149993994743,-0.000832021070154143,0.0,0.0,0.017181181857679168
2023-12-22,2023-12-26,test,hybrid_topology_fhs_scenario,0.94,0.1,1000,5388,6388,0.015104196804173502,0.016279485672129782,-0.002782944499567241,0.0,0.0,0.018764740830442005
2023-12-26,2023-12-27,test,hybrid_topology_fhs_scenario,0.94,0.1,1000,5389,6389,0.014813515251288148,0.01597294727407149,-0.004201757237883896,0.0,0.0,0.01986048962404822
2023-12-27,2023-12-28,test,hybrid_topology_fhs_scenario,0.94,0.1,1000,5390,6390,0.014722884337696932,0.015769696954046782,0.001299147631476405,0.0,0.0,0.014243022956568324
2023-12-28,2023-12-29,test,hybrid_topology_fhs_scenario,0.94,0.1,1000,5391,6391,0.014395080648542535,0.015413981475413016,0.0027304396024393053,0.0,0.0,0.0124830997366104
2023-12-29,2024-01-02,test,hybrid_topology_fhs_scenario,0.94,0.1,1000,5392,6392,0.014101901878677327,0.015121299471943548,0.004851834322063486,0.0,0.0,0.010105229196699199
2024-01-02,2024-01-03,test,hybrid_topology_fhs_scenario,0.94,0.1,1000,5393,6393,0.01407721731925501,0.015098702732616171,0.0039419253233488275,0.0,0.0,0.010979210893994722
2024-01-03,2024-01-04,test,hybrid_topology_fhs_scenario,0.94,0.1,1000,5394,6394,0.013974001013311178,0.014948884762273004,0.004342823147436015,0.0,0.0,0.010437221853124817
2024-01-04,2024-01-05,test,hybrid_topology_fhs_scenario,0.94,0.1,1000,5395,6395,0.013809202742033197,0.014824151781452164,0.0006413721746242997,0.0,0.0,0.013959888422331259
2024-01-05,2024-01-08,test,hybrid_topology_fhs_scenario,0.94,0.1,1000,5396,6396,0.013463728758765356,0.014446371880191733,-0.009908333857244501,0.0,0.0,0.023979558720160426
2024-01-08,2024-01-09,test,hybrid_topology_fhs_scenario,0.94,0.1,1000,5397,6397,0.014666205160394378,0.015674624948698288,0.001077601920617166,0.0,0.0,0.014367983484776865
2024-01-09,2024-01-10,test,hybrid_topology_fhs_scenario,0.94,0.1,1000,5398,6398,0.014250438976360271,0.015272302065462706,-0.0027657409402502163,0.0,0.0,0.017757253729736203
2024-01-10,2024-01-11,test,hybrid_topology_fhs_scenario,0.94,0.1,1000,5399,6399,0.014018248661176848,0.015004080254137218,-0.0018726218518945183,0.0,0.0,0.016613693258511655
2024-01-11,2024-01-12,test,hybrid_topology_fhs_scenario,0.94,0.1,1000,5400,6400,0.013645934467020093,0.01465105915246143,-0.0014993718893433706,0.0,0.0,0.015898123329323315
2024-01-12,2024-01-16,test,hybrid_topology_fhs_scenario,0.94,0.1,1000,5401,6401,0.013278004275454794,0.014313801215134604,0.0054451062700223265,0.0,0.0,0.008725306551538794
2024-01-16,2024-01-17,test,hybrid_topology_fhs_scenario,0.94,0.1,1000,5402,6402,0.013416201739322323,0.014439477199911722,0.004634175089165438,0.0,0.0,0.009647989824479196
2024-01-17,2024-01-18,test,hybrid_topology_fhs_scenario,0.94,0.1,1000,5403,6403,0.013344602674510186,0.014386560188074785,-0.004452695544827589,0.0,0.0,0.01854624732177319
2024-01-18,2024-01-19,test,hybrid_topology_fhs_scenario,0.94,0.1,1000,5404,6404,0.013298769790835652,0.014352563849702751,-0.007521883796230311,0.0,0.0,0.021535792990655396
2024-01-19,2024-01-22,test,hybrid_topology_fhs_scenario,0.94,0.1,1000,5405,6405,0.01388762645471627,0.01489004775942448,-0.002490337145110777,0.0,0.0,0.017109654917920148
2024-01-22,2024-01-23,test,hybrid_topology_fhs_scenario,0.94,0.1,1000,5406,6406,0.01357381728625367,0.014526342954260646,-0.0007418043557178232,0.0,0.0,0.015029599843648723
2024-01-23,2024-01-24,test,hybrid_topology_fhs_scenario,0.94,0.1,1000,5407,6407,0.013170259546106755,0.014076314336030085,0.00048100262348778084,0.0,0.0,0.013382321488954938
2024-01-24,2024-01-25,test,hybrid_topology_fhs_scenario,0.94,0.1,1000,5408,6408,0.01277335531719723,0.01371070107273682,-0.0049947810838776975,0.0,0.0,0.01841552646670991
2024-01-25,2024-01-26,test,hybrid_topology_fhs_scenario,0.94,0.1,1000,5409,6409,0.012855092138464414,0.013785147483272784,0.0014770822071383139,0.0,0.0,0.01211414374354437
2024-01-26,2024-01-29,test,hybrid_topology_fhs_scenario,0.94,0.1,1000,5410,6410,0.012559384954466069,0.013459480560048967,-0.007152703291950946,0.0,0.0,0.020294000138164087
2024-01-29,2024-01-30,test,hybrid_topology_fhs_scenario,0.94,0.1,1000,5411,6411,0.01309069538707418,0.013991151596040346,-8.013178088188698e-05,0.0,0.0,0.013851209564178738
2024-01-30,2024-01-31,test,hybrid_topology_fhs_scenario,0.94,0.1,1000,5412,6412,0.01270470763505068,0.013624354063330483,0.006445164654692647,0.0,0.0,0.00706230510322547
2024-01-31,2024-02-01,test,hybrid_topology_fhs_scenario,0.94,0.1,1000,5413,6413,0.013084741525813659,0.013980888573804183,-0.010330496333322746,0.0,0.0,0.02393775266304012
2024-02-01,2024-02-02,test,hybrid_topology_fhs_scenario,0.94,0.1,1000,5414,6414,0.014377469777442172,0.015376358138705028,-0.0011108359243211735,0.0,0.0,0.016229897268468182
2024-02-02,2024-02-05,test,hybrid_topology_fhs_scenario,0.94,0.1,1000,5415,6415,0.014034057257001426,0.01497829108492228,0.006077497054912095,0.0,0.0,0.008757839781280825
2024-02-05,2024-02-06,test,hybrid_topology_fhs_scenario,0.94,0.1,1000,5416,6416,0.014155001966281605,0.015143820363837558,-0.003897701259405562,0.0,0.0,0.01874601061491891
2024-02-06,2024-02-07,test,hybrid_topology_fhs_scenario,0.94,0.1,1000,5417,6417,0.014043504352226897,0.014959064833157598,-0.004289562848769446,0.0,0.0,0.01895074266188883
2024-02-07,2024-02-08,test,hybrid_topology_fhs_scenario,0.94,0.1,1000,5418,6418,0.0139384891073445,0.014849938541473037,0.0010406766748527474,0.0,0.0,0.0135930084442797
2024-02-08,2024-02-09,test,hybrid_topology_fhs_scenario,0.94,0.1,1000,5419,6419,0.013532683283648069,0.014358384818881353,-0.0027492370537437246,0.0,0.0,0.016842750529183367
2024-02-09,2024-02-12,test,hybrid_topology_fhs_scenario,0.94,0.1,1000,5420,6420,0.013255085945641325,0.0140765147975732,-0.00011758043596188378,0.0,0.0,0.013972969516512739
2024-02-12,2024-02-13,test,hybrid_topology_fhs_scenario,0.94,0.1,1000,5421,6421,0.012939381661360657,0.013720363756205741,0.012662160223222661,0.0,0.0,0.001034520659039883
2024-02-13,2024-02-14,test,hybrid_topology_fhs_scenario,0.94,0.1,1000,5422,6422,0.014961577769411644,0.015978330465206532,-0.006949252872885036,0.0,0.0,0.022573502061062248
2024-02-14,2024-02-15,test,hybrid_topology_fhs_scenario,0.94,0.1,1000,5423,6423,0.015217235065294944,0.01625730352904703,-0.005247702496915041,0.0,0.0,0.021172030250935118
2024-02-15,2024-02-16,test,hybrid_topology_fhs_scenario,0.94,0.1,1000,5424,6424,0.015200751515343475,0.016217688405304194,0.0047300851950562,0.0,0.0,0.011305119793194667
2024-02-16,2024-02-20,test,hybrid_topology_fhs_scenario,0.94,0.1,1000,5425,6425,0.015051289697419607,0.0160668977249511,0.0026203731675475735,0.0,0.0,0.013234670608767157
2024-02-20,2024-02-21,test,hybrid_topology_fhs_scenario,0.94,0.1,1000,5426,6426,0.014727296969350783,0.015725742198773283,0.0007344561182388799,0.0,0.0,0.014756432337032162
2024-02-21,2024-02-22,test,hybrid_topology_fhs_scenario,0.94,0.1,1000,5427,6427,0.014424458169204239,0.015322576611138885,-0.01245995931344006,0.0,0.0,0.027356816701290913
2024-02-22,2024-02-23,test,hybrid_topology_fhs_scenario,0.94,0.1,1000,5428,6428,0.016177180617981464,0.017194369609512365,-0.002251268611989721,0.0,0.0,0.019143781758264245
2024-02-23,2024-02-26,test,hybrid_topology_fhs_scenario,0.94,0.1,1000,5429,6429,0.015763059139376364,0.016908273514057125,0.0027930191148920923,0.0,0.0,0.013892073439430748
2024-02-26,2024-02-27,test,hybrid_topology_fhs_scenario,0.94,0.1,1000,5430,6430,0.015393155070343341,0.016436562120712185,-0.00022004219182703,0.0,0.0,0.016396321177347437
2024-02-27,2024-02-28,test,hybrid_topology_fhs_scenario,0.94,0.1,1000,5431,6431,0.014953389580534928,0.016089330384875658,-0.0006585567099231859,0.0,0.0,0.016485309380333456
2024-02-28,2024-02-29,test,hybrid_topology_fhs_scenario,0.94,0.1,1000,5432,6432,0.01454322189427988,0.015510528360955943,-0.002965164829782152,0.0,0.0,0.01818888472821026
2024-02-29,2024-03-01,test,hybrid_topology_fhs_scenario,0.94,0.1,1000,5433,6433,0.014417131186866432,0.015442391358268236,-0.007459016003728091,0.0,0.0,0.022547633649852364
2024-03-01,2024-03-04,test,hybrid_topology_fhs_scenario,0.94,0.1,1000,5434,6434,0.01480529522910503,0.015918362718473644,0.0015332199752345456,0.0,0.0,0.014158234927196825
2024-03-04,2024-03-05,test,hybrid_topology_fhs_scenario,0.94,0.1,1000,5435,6435,0.014392289937544598,0.015385043640091524,0.0035334229196677383,0.0,0.0,0.01166391887259196
2024-03-05,2024-03-06,test,hybrid_topology_fhs_scenario,0.94,0.1,1000,5436,6436,0.014114644027601838,0.01513521752721549,-0.004011279999029194,0.0,0.0,0.01884909432835488
2024-03-06,2024-03-07,test,hybrid_topology_fhs_scenario,0.94,0.1,1000,5437,6437,0.014043504352226897,0.015007812039637945,-0.006629481934860637,0.0,0.0,0.021303091488006992
2024-03-07,2024-03-08,test,hybrid_topology_fhs_scenario,0.94,0.1,1000,5438,6438,0.014259210528326184,0.015275728941385326,0.0033070186585576478,0.0,0.0,0.011779014444454672
2024-03-08,2024-03-11,test,hybrid_topology_fhs_scenario,0.94,0.1,1000,5439,6439,0.01412619556176928,0.015072610676127893,0.0010201593110526152,0.0,0.0,0.013832200443455563
2024-03-11,2024-03-12,test,hybrid_topology_fhs_scenario,0.94,0.1,1000,5440,6440,0.013713697326982325,0.014606202076236804,-0.004814436959957735,0.0,0.0,0.019120404403159076
2024-03-12,2024-03-13,test,hybrid_topology_fhs_scenario,0.94,0.1,1000,5441,6441,0.013583186544571087,0.014495481660566342,0.0018273535815268582,0.0,0.0,0.01246898320669394
2024-03-13,2024-03-14,test,hybrid_topology_fhs_scenario,0.94,0.1,1000,5442,6442,0.013246571537540207,0.01415047258658466,0.004148706552668413,0.0,0.0,0.009842700532917059
2024-03-14,2024-03-15,test,hybrid_topology_fhs_scenario,0.94,0.1,1000,5443,6443,0.013131199809896653,0.013948751216581411,0.004802282841467798,0.0,0.0,0.009001095835420062
2024-03-15,2024-03-18,test,hybrid_topology_fhs_scenario,0.94,0.1,1000,5444,6444,0.013185481893718367,0.014108169458363767,-0.0030959347330143934,0.0,0.0,0.016936815752861035
2024-03-18,2024-03-19,test,hybrid_topology_fhs_scenario,0.94,0.1,1000,5445,6445,0.013103979766609708,0.013915179414352241,-0.004488972232911958,0.0,0.0,0.01811997737607781
2024-03-19,2024-03-20,test,hybrid_topology_fhs_scenario,0.94,0.1,1000,5446,6446,0.013076504631128876,0.013898980024336018,-0.006487631609199828,0.0,0.0,0.020072587705100738
2024-03-20,2024-03-21,test,hybrid_topology_fhs_scenario,0.94,0.1,1000,5447,6447,0.01336404557206664,0.0142451625163394,-0.0020254806627525213,0.0,0.0,0.016017772361962817
2024-03-21,2024-03-22,test,hybrid_topology_fhs_scenario,0.94,0.1,1000,5448,6448,0.013109482309626696,0.014082602293713543,-0.0008190419484579215,0.0,0.0,0.014668388378698022
2024-03-22,2024-03-25,test,hybrid_topology_fhs_scenario,0.94,0.1,1000,5449,6449,0.012722659095813568,0.013655445650941914,0.002715733760004091,0.0,0.0,0.010766288347022472
2024-03-25,2024-03-26,test,hybrid_topology_fhs_scenario,0.94,0.1,1000,5450,6450,0.012499107256004106,0.013449407203023008,0.0005140164698111959,0.0,0.0,0.012731856872743445
2024-03-26,2024-03-27,test,hybrid_topology_fhs_scenario,0.94,0.1,1000,5451,6451,0.012123536410597775,0.013108288981405243,-0.006567713399911401,0.0,0.0,0.01937101481988882
2024-03-27,2024-03-28,test,hybrid_topology_fhs_scenario,0.94,0.1,1000,5452,6452,0.012587037392529636,0.013607380977031583,0.0004947045627093472,0.0,0.0,0.012905782832262383
2024-03-28,2024-04-01,test,hybrid_topology_fhs_scenario,0.94,0.1,1000,5453,6453,0.012270236559419083,0.013224680452654151,0.004663082707472244,0.0,0.0,0.008423629340071827
2024-04-01,2024-04-02,test,hybrid_topology_fhs_scenario,0.94,0.1,1000,5454,6454,0.012328370236523443,0.013189356832117884,0.004670208172963885,0.0,0.0,0.008382751563310744
2024-04-02,2024-04-03,test,hybrid_topology_fhs_scenario,0.94,0.1,1000,5455,6455,0.012529510351531204,0.013303387608741467,-0.0011306220835699764,0.0,0.0,0.014209760774354669
2024-04-03,2024-04-04,test,hybrid_topology_fhs_scenario,0.94,0.1,1000,5456,6456,0.011961942262712822,0.01284332240675053,0.005953763095470887,0.0,0.0,0.006777402120170071
2024-04-04,2024-04-05,test,hybrid_topology_fhs_scenario,0.94,0.1,1000,5457,6457,0.012272597760334247,0.013143202060682393,-0.003623044715478007,0.0,0.0,0.01650604703151451
2024-04-05,2024-04-08,test,hybrid_topology_fhs_scenario,0.94,0.1,1000,5458,6458,0.01218697169802684,0.013024609383662643,0.0005662450453296497,0.0,0.0,0.01226311249640164
2024-04-08,2024-04-09,test,hybrid_topology_fhs_scenario,0.94,0.1,1000,5459,6459,0.011831805748373255,0.012691498089430151,-0.002286626381953516,0.0,0.0,0.014744855680902343
2024-04-09,2024-04-10,test,hybrid_topology_fhs_scenario,0.94,0.1,1000,5460,6460,0.011579416482520814,0.012449389423712178,0.011323958564316339,0.0,0.0,0.001099849667092988
2024-04-10,2024-04-11,test,hybrid_topology_fhs_scenario,0.94,0.1,1000,5461,6461,0.013586432534013183,0.014493122379580661,-0.003963100121128571,0.0,0.0,0.01817031226474292
2024-04-11,2024-04-12,test,hybrid_topology_fhs_scenario,0.94,0.1,1000,5462,6462,0.013398570471537917,0.014333572323512707,0.006628404007022071,0.0,0.0,0.007580240773223528
2024-04-12,2024-04-15,test,hybrid_topology_fhs_scenario,0.94,0.1,1000,5463,6463,0.01390340324753198,0.014891643101780955,0.010073318852814017,0.0,0.0,0.004736166986689943
2024-04-15,2024-04-16,test,hybrid_topology_fhs_scenario,0.94,0.1,1000,5464,6464,0.014847060488775043,0.016000199713749347,0.002664366791000661,0.0,0.0,0.013124264036657713
2024-04-16,2024-04-17,test,hybrid_topology_fhs_scenario,0.94,0.1,1000,5465,6465,0.014641442209863874,0.015684757629579573,0.0010114927237160117,0.0,0.0,0.014442732778078452
2024-04-17,2024-04-18,test,hybrid_topology_fhs_scenario,0.94,0.1,1000,5466,6466,0.014287505944340244,0.01524445860812646,0.002626948569655063,0.0,0.0,0.012418677861256463
2024-04-18,2024-04-19,test,hybrid_topology_fhs_scenario,0.94,0.1,1000,5467,6467,0.013968811952488584,0.014972166213014502,0.004713005727177921,0.0,0.0,0.010095239535943773
2024-04-19,2024-04-22,test,hybrid_topology_fhs_scenario,0.94,0.1,1000,5468,6468,0.014018465827182268,0.015070083252755762,-0.0055690785668391024,0.0,0.0,0.020319058218045204
2024-04-22,2024-04-23,test,hybrid_topology_fhs_scenario,0.94,0.1,1000,5469,6469,0.01412447033220062,0.015206834151763928,-0.007643092575686427,0.0,0.0,0.022496354188342966
2024-04-23,2024-04-24,test,hybrid_topology_fhs_scenario,0.94,0.1,1000,5470,6470,0.0146750957698559,0.015786588242962956,0.0015039151149805585,0.0,0.0,0.01405731810633159
2024-04-24,2024-04-25,test,hybrid_topology_fhs_scenario,0.94,0.1,1000,5471,6471,0.014265845779409526,0.015348109095882601,0.003807883212367069,0.0,0.0,0.011356299862098069
2024-04-25,2024-04-26,test,hybrid_topology_fhs_scenario,0.94,0.1,1000,5472,6472,0.014078735408625491,0.015051413288921343,-0.006780373960324404,0.0,0.0,0.021494583661704102
2024-04-26,2024-04-29,test,hybrid_topology_fhs_scenario,0.94,0.1,1000,5473,6473,0.014429772905993963,0.015354398820225532,-0.0037425973632173367,0.0,0.0,0.01880129498154891
2024-04-29,2024-04-30,test,hybrid_topology_fhs_scenario,0.94,0.1,1000,5474,6474,0.014226655331530962,0.015164493961593301,0.011377148030651974,0.0,0.0,0.0037211573556765833
2024-04-30,2024-05-01,test,hybrid_topology_fhs_scenario,0.94,0.1,1000,5475,6475,0.015531765265769958,0.016783816900010847,0.0003642365987850168,0.0,0.0,0.016160766080365034
2024-05-01,2024-05-02,test,hybrid_topology_fhs_scenario,0.94,0.1,1000,5476,6476,0.015060614463139575,0.01629415970604676,-0.007491252074737398,0.0,0.0,0.023416295151643323
2024-05-02,2024-05-03,test,hybrid_topology_fhs_scenario,0.94,0.1,1000,5477,6477,0.015453565256168434,0.016673792511038742,-0.009655924268792315,0.0,0.0,0.025922568755584886
2024-05-03,2024-05-06,test,hybrid_topology_fhs_scenario,0.94,0.1,1000,5478,6478,0.016315192021157623,0.017495976114280616,-0.006542226707230014,0.0,0.0,0.023665821938256743
2024-05-06,2024-05-07,test,hybrid_topology_fhs_scenario,0.94,0.1,1000,5479,6479,0.016416204458373048,0.017610879772448587,-0.0016994674501424,0.0,0.0,0.019008745261111366
2024-05-07,2024-05-08,test,hybrid_topology_fhs_scenario,0.94,0.1,1000,5480,6480,0.01597727810617052,0.017176243808328995,0.0010629586964608251,0.0,0.0,0.01585959617816856
2024-05-08,2024-05-09,test,hybrid_topology_fhs_scenario,0.94,0.1,1000,5481,6481,0.015517248918528336,0.01671566022243859,-0.004667550985905278,0.0,0.0,0.021050478927179605
2024-05-09,2024-05-10,test,hybrid_topology_fhs_scenario,0.94,0.1,1000,5482,6482,0.015371275448955916,0.01660684192547174,0.0005201292540191195,0.0,0.0,0.015833056316615673
2024-05-10,2024-05-13,test,hybrid_topology_fhs_scenario,0.94,0.1,1000,5483,6483,0.015001737896481508,0.01612611612096994,-0.0005562225180925307,0.0,0.0,0.016420859777231647
2024-05-13,2024-05-14,test,hybrid_topology_fhs_scenario,0.94,0.1,1000,5484,6484,0.01467412646885445,0.015725194918292076,-0.0039189774405315346,0.0,0.0,0.01933899908894688
2024-05-14,2024-05-15,test,hybrid_topology_fhs_scenario,0.94,0.1,1000,5485,6485,0.01454322189427988,0.01552981160473051,-0.010444682580047538,0.0,0.0,0.02557501087490187
2024-05-15,2024-05-16,test,hybrid_topology_fhs_scenario,0.94,0.1,1000,5486,6486,0.01562429686140951,0.016791029463186002,0.002003925149532337,0.0,0.0,0.014553630422931094
2024-05-16,2024-05-17,test,hybrid_topology_fhs_scenario,0.94,0.1,1000,5487,6487,0.01520942851431482,0.016390364399547067,0.00037948766601489956,0.0,0.0,0.01575890422367686
2024-05-17,2024-05-20,test,hybrid_topology_fhs_scenario,0.94,0.1,1000,5488,6488,0.014847060488775043,0.01596320679033969,-8.972302978542672e-05,0.0,0.0,0.015800974409807596
2024-05-20,2024-05-21,test,hybrid_topology_fhs_scenario,0.94,0.1,1000,5489,6489,0.014508264934034327,0.015549773704761275,-0.002504198760169185,0.0,0.0,0.017772747790249233
2024-05-21,2024-05-22,test,hybrid_topology_fhs_scenario,0.94,0.1,1000,5490,6490,0.01419764416931058,0.01526758820897871,0.002242638080322523,0.0,0.0,0.012818876436329663
2024-05-22,2024-05-23,test,hybrid_topology_fhs_scenario,0.94,0.1,1000,5491,6491,0.01382693635079632,0.014745222732201923,0.005800546690795838,0.0,0.0,0.008801323036970938
2024-05-23,2024-05-24,test,hybrid_topology_fhs_scenario,0.94,0.1,1000,5492,6492,0.013989816604571045,0.014886354356186245,-0.004487361068987194,0.0,0.0,0.019074144316279684
2024-05-24,2024-05-28,test,hybrid_topology_fhs_scenario,0.94,0.1,1000,5493,6493,0.01382900445850592,0.014716108844073763,0.0018200775358517165,0.0,0.0,0.012693719794743036
2024-05-28,2024-05-29,test,hybrid_topology_fhs_scenario,0.94,0.1,1000,5494,6494,0.013465644349072216,0.014384192903279065,0.006150394582297092,0.0,0.0,0.008101105860625176
2024-05-29,2024-05-30,test,hybrid_topology_fhs_scenario,0.94,0.1,1000,5495,6495,0.013719329027973183,0.014585570293359933,0.0019781999901573363,0.0,0.0,0.01240959733600069
2024-05-30,2024-05-31,test,hybrid_topology_fhs_scenario,0.94,0.1,1000,5496,6496,0.013370329670643954,0.014217541286184377,-0.007326837759383453,0.0,0.0,0.02121274124372891
2024-05-31,2024-06-03,test,hybrid_topology_fhs_scenario,0.94,0.1,1000,5497,6497,0.013902024005045447,0.014766038599671596,-0.0031091052408028564,0.0,0.0,0.017598376536921072
2024-06-03,2024-06-04,test,hybrid_topology_fhs_scenario,0.94,0.1,1000,5498,6498,0.013645980815896908,0.014533388280398537,-0.002861114255284969,0.0,0.0,0.017124710923003238
2024-06-04,2024-06-05,test,hybrid_topology_fhs_scenario,0.94,0.1,1000,5499,6499,0.013455299664756627,0.0143180498867301,-0.008583412662942002,0.0,0.0,0.022549313109207287
2024-06-05,2024-06-06,test,hybrid_topology_fhs_scenario,0.94,0.1,1000,5500,6500,0.014164801844578643,0.01508805297396789,0.0001812885729054692,0.0,0.0,0.01467393042375259
2024-06-06,2024-06-07,test,hybrid_topology_fhs_scenario,0.94,0.1,1000,5501,6501,0.013889700439087445,0.014712007882067942,0.004944982420770617,0.0,0.0,0.00961229700494806
2024-06-07,2024-06-10,test,hybrid_topology_fhs_scenario,0.94,0.1,1000,5502,6502,0.013902983577137915,0.014836053887618788,-0.0009931122882765652,0.0,0.0,0.015582397980152114
2024-06-10,2024-06-11,test,hybrid_topology_fhs_scenario,0.94,0.1,1000,5503,6503,0.013510350547170083,0.014506161994179903,-0.0035582691625505097,0.0,0.0,0.017783506574909357
2024-06-11,2024-06-12,test,hybrid_topology_fhs_scenario,0.94,0.1,1000,5504,6504,0.013398570471537917,0.014378968982107816,-0.007158682917639414,0.0,0.0,0.021204783136145322
2024-06-12,2024-06-13,test,hybrid_topology_fhs_scenario,0.94,0.1,1000,5505,6505,0.01383564344974772,0.014850781794326895,-0.0038531068235727606,0.0,0.0,0.01841317890518537
2024-06-13,2024-06-14,test,hybrid_topology_fhs_scenario,0.94,0.1,1000,5506,6506,0.013675745355491754,0.01463966003447208,-0.0012974029012696952,0.0,0.0,0.015688367844915844
2024-06-14,2024-06-17,test,hybrid_topology_fhs_scenario,0.94,0.1,1000,5507,6507,0.013343406658690342,0.014321748362414196,-0.0029149121411943474,0.0,0.0,0.016968327179017178
2024-06-17,2024-06-18,test,hybrid_topology_fhs_scenario,0.94,0.1,1000,5508,6508,0.013040976474073398,0.01402751530922088,-0.0032661824590171753,0.0,0.0,0.01702442691336301
2024-06-18,2024-06-20,test,hybrid_topology_fhs_scenario,0.94,0.1,1000,5509,6509,0.012942002737587454,0.013884736005584167,0.002645111569289371,0.0,0.0,0.011061602737070407
2024-06-20,2024-06-21,test,hybrid_topology_fhs_scenario,0.94,0.1,1000,5510,6510,0.012672328202256033,0.01361531430508498,0.0007195866127440053,0.0,0.0,0.01269286191592757
2024-06-21,2024-06-24,test,hybrid_topology_fhs_scenario,0.94,0.1,1000,5511,6511,0.012542760914171149,0.013327687108657274,0.0016110966423696026,0.0,0.0,0.011532992347348494
2024-06-24,2024-06-25,test,hybrid_topology_fhs_scenario,0.94,0.1,1000,5512,6512,0.012071224677582813,0.01293409607944529,-0.00264922442378186,0.0,0.0,0.015340941981660116
2024-06-25,2024-06-26,test,hybrid_topology_fhs_scenario,0.94,0.1,1000,5513,6513,0.011954178669573783,0.012740904698850686,0.0016634500484375985,0.0,0.0,0.010903425570364122
2024-06-26,2024-06-27,test,hybrid_topology_fhs_scenario,0.94,0.1,1000,5514,6514,0.011649594125007061,0.012451835788719837,-0.0018400282294658956,0.0,0.0,0.014069463641275818
2024-06-27,2024-06-28,test,hybrid_topology_fhs_scenario,0.94,0.1,1000,5515,6515,0.011403961040256757,0.012245139272172292,0.004485302089233433,0.0,0.0,0.00763502784287562
2024-06-28,2024-07-01,test,hybrid_topology_fhs_scenario,0.94,0.1,1000,5516,6516,0.011560774060139476,0.012408928810432996,0.0017428536536815643,0.0,0.0,0.010497602481897225
2024-07-01,2024-07-02,test,hybrid_topology_fhs_scenario,0.94,0.1,1000,5517,6517,0.01131687131029675,0.012184941551830308,-0.00554861606091377,0.0,0.0,0.017458873546137583
2024-07-02,2024-07-03,test,hybrid_topology_fhs_scenario,0.94,0.1,1000,5518,6518,0.011643569573054124,0.012474253124381843,-0.005343624911820122,0.0,0.0,0.01754230303014566
2024-07-03,2024-07-05,test,hybrid_topology_fhs_scenario,0.94,0.1,1000,5519,6519,0.011842703560306936,0.012737343115381916,-0.005681283149535555,0.0,0.0,0.01813340047539296
2024-07-05,2024-07-08,test,hybrid_topology_fhs_scenario,0.94,0.1,1000,5520,6520,0.012132248730443143,0.013021589789724758,-0.0008197396459778795,0.0,0.0,0.01362481608357428
2024-07-08,2024-07-09,test,hybrid_topology_fhs_scenario,0.94,0.1,1000,5521,6521,0.011776937872426136,0.012678764173562432,-3.1349228989929734e-05,0.0,0.0,0.012510443438502713
2024-07-09,2024-07-10,test,hybrid_topology_fhs_scenario,0.94,0.1,1000,5522,6522,0.011507848396718976,0.012446757308036079,-0.006319957739488391,0.0,0.0,0.01847582523269843
2024-07-10,2024-07-11,test,hybrid_topology_fhs_scenario,0.94,0.1,1000,5523,6523,0.012032834685210892,0.012965371647646112,0.0026244051637915877,0.0,0.0,0.010176526616972353
2024-07-11,2024-07-12,test,hybrid_topology_fhs_scenario,0.94,0.1,1000,5524,6524,0.011815371873035514,0.01272625162202009,-0.004628878955368787,0.0,0.0,0.017085694821238197
2024-07-12,2024-07-15,test,hybrid_topology_fhs_scenario,0.94,0.1,1000,5525,6525,0.01186437403770084,0.012779771813815604,-0.00038616157943769367,0.0,0.0,0.012959290414593351
2024-07-15,2024-07-16,test,hybrid_topology_fhs_scenario,0.94,0.1,1000,5526,6526,0.011561471771407948,0.012480963751255693,-0.005333139530032538,0.0,0.0,0.01753769681227043
2024-07-16,2024-07-17,test,hybrid_topology_fhs_scenario,0.94,0.1,1000,5527,6527,0.011878225362850808,0.012788057838601402,0.008076164615277314,0.0,0.0,0.004632116500216722
2024-07-17,2024-07-18,test,hybrid_topology_fhs_scenario,0.94,0.1,1000,5528,6528,0.012729044820125624,0.01352286719498878,0.005745920542347349,0.0,0.0,0.007652354229103177
2024-07-18,2024-07-19,test,hybrid_topology_fhs_scenario,0.94,0.1,1000,5529,6529,0.012889884914773596,0.013821700447719448,0.00524920634612176,0.0,0.0,0.008434588534744264
2024-07-19,2024-07-22,test,hybrid_topology_fhs_scenario,0.94,0.1,1000,5530,6530,0.013028070689944321,0.013956029141469997,-0.00580538701115465,0.0,0.0,0.01945571532582002
2024-07-22,2024-07-23,test,hybrid_topology_fhs_scenario,0.94,0.1,1000,5531,6531,0.013271052418019243,0.014166178013531327,0.0006448247042870613,0.0,0.0,0.01330958175365048
2024-07-23,2024-07-24,test,hybrid_topology_fhs_scenario,0.94,0.1,1000,5532,6532,0.013027277638279286,0.013823760667481678,0.014485862376475488,1.0,1.0,0.0021061005998080505
2024-07-24,2024-07-25,test,hybrid_topology_fhs_scenario,0.94,0.1,1000,5533,6533,0.015649040832291895,0.01677327135781867,0.0022358149003163905,0.0,0.0,0.014308152305384477
2024-07-25,2024-07-26,test,hybrid_topology_fhs_scenario,0.94,0.1,1000,5534,6534,0.015248714191413383,0.01639170160391819,-0.008623237423863728,0.0,0.0,0.024628285068240142
2024-07-26,2024-07-29,test,hybrid_topology_fhs_scenario,0.94,0.1,1000,5535,6535,0.01585927845955849,0.017008078983656486,-0.0010263836783442671,0.0,0.0,0.01775245771682976
2024-07-29,2024-07-30,test,hybrid_topology_fhs_scenario,0.94,0.1,1000,5536,6536,0.015391958615773894,0.016480480468344553,0.0021993547463309724,0.0,0.0,0.014056023617657669
2024-07-30,2024-07-31,test,hybrid_topology_fhs_scenario,0.94,0.1,1000,5537,6537,0.01499774385681283,0.016088247006306268,-0.012688722094079096,0.0,0.0,0.028334409532384648
2024-07-31,2024-08-01,test,hybrid_topology_fhs_scenario,0.94,0.1,1000,5538,6538,0.016773371751016525,0.01795189279680711,0.006788436825231847,0.0,0.0,0.010984218921543729
2024-08-01,2024-08-02,test,hybrid_topology_fhs_scenario,0.94,0.1,1000,5539,6539,0.01689442530714066,0.018056167372719447,0.004975077800276527,0.0,0.0,0.012873255808200488
2024-08-02,2024-08-05,test,hybrid_topology_fhs_scenario,0.94,0.1,1000,5540,6540,0.01671981175602114,0.01789891237129673,0.017064693781667615,1.0,0.0,0.0011547963302783971
2024-08-05,2024-08-06,test,hybrid_topology_fhs_scenario,0.94,0.1,1000,5541,6541,0.019872893045408103,0.021042019276058005,-0.001972755594414144,0.0,0.0,0.022657861985108566
2024-08-06,2024-08-07,test,hybrid_topology_fhs_scenario,0.94,0.1,1000,5542,6542,0.019313325379538508,0.02046558062019988,0.005455017787351046,0.0,0.0,0.01477388183794949
2024-08-07,2024-08-08,test,hybrid_topology_fhs_scenario,0.94,0.1,1000,5543,6543,0.019082639315084932,0.02022886640905429,-0.012669011878277202,0.0,0.0,0.032392947842081826
2024-08-08,2024-08-09,test,hybrid_topology_fhs_scenario,0.94,0.1,1000,5544,6544,0.020201604589425326,0.021568014768719442,-0.00426630671119761,0.0,0.0,0.025433142555925353
2024-08-09,2024-08-12,test,hybrid_topology_fhs_scenario,0.94,0.1,1000,5545,6545,0.0199648383961604,0.02112167740422234,-0.0014325082791215138,0.0,0.0,0.022204304508013077
2024-08-12,2024-08-13,test,hybrid_topology_fhs_scenario,0.94,0.1,1000,5546,6546,0.019380702572951724,0.020534775252797323,-0.011641950996946891,0.0,0.0,0.031682534629199594
2024-08-13,2024-08-14,test,hybrid_topology_fhs_scenario,0.94,0.1,1000,5547,6547,0.02018772974217796,0.021518928359983834,-0.0024268901649225683,0.0,0.0,0.02357331926085475
2024-08-14,2024-08-15,test,hybrid_topology_fhs_scenario,0.94,0.1,1000,5548,6548,0.019817552038595913,0.021033806339917867,-0.007781261880129442,0.0,0.0,0.02837067965373338
2024-08-15,2024-08-16,test,hybrid_topology_fhs_scenario,0.94,0.1,1000,5549,6549,0.019917472277160182,0.021122662190531872,-0.00212961818900137,0.0,0.0,0.02289144427470653
2024-08-16,2024-08-19,test,hybrid_topology_fhs_scenario,0.94,0.1,1000,5550,6550,0.019364033493372255,0.02055358350154991,-0.006272646405108517,0.0,0.0,0.02641194095797677
2024-08-19,2024-08-20,test,hybrid_topology_fhs_scenario,0.94,0.1,1000,5551,6551,0.019244756024508352,0.020432837784817696,-0.0006292817735652936,0.0,0.0,0.020734306947404153
2024-08-20,2024-08-21,test,hybrid_topology_fhs_scenario,0.94,0.1,1000,5552,6552,0.018680239339922383,0.019841555079959695,-0.0028816099125835493,0.0,0.0,0.022370704360254724
2024-08-21,2024-08-22,test,hybrid_topology_fhs_scenario,0.94,0.1,1000,5553,6553,0.018215302482100796,0.019383018206517184,0.006549668147820453,0.0,0.0,0.012629172650572116
2024-08-22,2024-08-23,test,hybrid_topology_fhs_scenario,0.94,0.1,1000,5554,6554,0.018205299302845687,0.019398571070223598,-0.008224281601872763,0.0,0.0,0.027196577164341137
2024-08-23,2024-08-26,test,hybrid_topology_fhs_scenario,0.94,0.1,1000,5555,6555,0.018503021155919373,0.019700512598480713,0.0019211425900266255,0.0,0.0,0.017500704543901662
2024-08-26,2024-08-27,test,hybrid_topology_fhs_scenario,0.94,0.1,1000,5556,6556,0.017986148325639145,0.019173872939538875,-0.0006601109561517493,0.0,0.0,0.019524596891116266
2024-08-27,2024-08-28,test,hybrid_topology_fhs_scenario,0.94,0.1,1000,5557,6557,0.017443908873722467,0.01863777271439008,0.00368803578986594,0.0,0.0,0.014713552232249601
2024-08-28,2024-08-29,test,hybrid_topology_fhs_scenario,0.94,0.1,1000,5558,6558,0.01709471179047199,0.018304644272919498,0.0006430749586132657,0.0,0.0,0.017384546449767165
2024-08-29,2024-08-30,test,hybrid_topology_fhs_scenario,0.94,0.1,1000,5559,6559,0.016590416015662676,0.01779621370943641,-0.004331350097710462,0.0,0.0,0.021783592373101932
2024-08-30,2024-09-03,test,hybrid_topology_fhs_scenario,0.94,0.1,1000,5560,6560,0.016348867309220146,0.01757226715659732,0.009710428923626235,0.0,0.0,0.007731676661002748
2024-09-03,2024-09-04,test,hybrid_topology_fhs_scenario,0.94,0.1,1000,5561,6561,0.017142903894939714,0.018325279768299032,-0.0011121290659318775,0.0,0.0,0.01913402394298385
2024-09-04,2024-09-05,test,hybrid_topology_fhs_scenario,0.94,0.1,1000,5562,6562,0.016648437413254714,0.017836443493497136,0.0005202393175037789,0.0,0.0,0.017044581052551033
2024-09-05,2024-09-06,test,hybrid_topology_fhs_scenario,0.94,0.1,1000,5563,6563,0.01614508293254405,0.01736654883839459,0.009527961102799075,0.0,0.0,0.007708794260503076
2024-09-06,2024-09-09,test,hybrid_topology_fhs_scenario,0.94,0.1,1000,5564,6564,0.016924425581597492,0.018123607559070817,-0.007286970255400904,0.0,0.0,0.025017427327479913
2024-09-09,2024-09-10,test,hybrid_topology_fhs_scenario,0.94,0.1,1000,5565,6565,0.01711989953744084,0.018333799629523178,-0.004319001783108245,0.0,0.0,0.022300870390521126
2024-09-10,2024-09-11,test,hybrid_topology_fhs_scenario,0.94,0.1,1000,5566,6566,0.016863384538605163,0.018068998637679978,-0.005872303548859659,0.0,0.0,0.023570126512750793
2024-09-11,2024-09-12,test,hybrid_topology_fhs_scenario,0.94,0.1,1000,5567,6567,0.016823850750917423,0.01802324178008204,-0.004406654387296571,0.0,0.0,0.022081453814576286
2024-09-12,2024-09-13,test,hybrid_topology_fhs_scenario,0.94,0.1,1000,5568,6568,0.016580641595005798,0.01775873360776588,-0.0039036668785452644,0.0,0.0,0.021325683558888878
2024-09-13,2024-09-16,test,hybrid_topology_fhs_scenario,0.94,0.1,1000,5569,6569,0.016290305620103716,0.017462778006631652,-0.0019378990624725478,0.0,0.0,0.01909794218920236
2024-09-16,2024-09-17,test,hybrid_topology_fhs_scenario,0.94,0.1,1000,5570,6570,0.01594874299139285,0.01708040081880416,0.0004811957583377602,0.0,0.0,0.016338900406285287
2024-09-17,2024-09-18,test,hybrid_topology_fhs_scenario,0.94,0.1,1000,5571,6571,0.015466338613643367,0.016567556637969057,0.003517408039101255,0.0,0.0,0.012843384189641528
2024-09-18,2024-09-19,test,hybrid_topology_fhs_scenario,0.94,0.1,1000,5572,6572,0.015184560203565855,0.016269816122230062,-0.00991373556799866,0.0,0.0,0.02577994585568865
2024-09-19,2024-09-20,test,hybrid_topology_fhs_scenario,0.94,0.1,1000,5573,6573,0.016063638186322064,0.01703440932091047,0.0011589708086712002,0.0,0.0,0.015627599223209793
2024-09-20,2024-09-23,test,hybrid_topology_fhs_scenario,0.94,0.1,1000,5574,6574,0.015618182145132024,0.016614822450725007,-0.0012554115661452146,0.0,0.0,0.017592214103561238
2024-09-23,2024-09-24,test,hybrid_topology_fhs_scenario,0.94,0.1,1000,5575,6575,0.01516611062938107,0.016152315148582754,-0.0021640871550186345,0.0,0.0,0.01803179422385535
2024-09-24,2024-09-25,test,hybrid_topology_fhs_scenario,0.94,0.1,1000,5576,6576,0.014776557071208226,0.015698177880745266,0.002948158555605063,0.0,0.0,0.012549552827167729
2024-09-25,2024-09-26,test,hybrid_topology_fhs_scenario,0.94,0.1,1000,5577,6577,0.014603016918375912,0.015655188555945627,-0.0020932981139643037,0.0,0.0,0.017471737653485583
2024-09-26,2024-09-27,test,hybrid_topology_fhs_scenario,0.94,0.1,1000,5578,6578,0.014184010370310857,0.015067831328430665,-0.0007215691127155478,0.0,0.0,0.01554372122494782
2024-09-27,2024-09-30,test,hybrid_topology_fhs_scenario,0.94,0.1,1000,5579,6579,0.013878389662160453,0.014682535359174997,-0.0013067745643968284,0.0,0.0,0.015741428817748104
2024-09-30,2024-10-01,test,hybrid_topology_fhs_scenario,0.94,0.1,1000,5580,6580,0.013485383974143039,0.01429408156705036,0.003919600691386393,0.0,0.0,0.010210776686599934
2024-10-01,2024-10-02,test,hybrid_topology_fhs_scenario,0.94,0.1,1000,5581,6581,0.013347799521522808,0.01417497339646569,0.0008873609752732658,0.0,0.0,0.01308002649612511
2024-10-02,2024-10-03,test,hybrid_topology_fhs_scenario,0.94,0.1,1000,5582,6582,0.012955460097222109,0.013789498209846275,0.00313961614491407,0.0,0.0,0.01048179345283198
2024-10-03,2024-10-04,test,hybrid_topology_fhs_scenario,0.94,0.1,1000,5583,6583,0.012743837687313787,0.013582539955239926,-0.0015923606080952002,0.0,0.0,0.014938890032205838
2024-10-04,2024-10-07,test,hybrid_topology_fhs_scenario,0.94,0.1,1000,5584,6584,0.012488519035559118,0.013236405194181204,0.006875399211464917,0.0,0.0,0.006258112031389321
2024-10-07,2024-10-08,test,hybrid_topology_fhs_scenario,0.94,0.1,1000,5585,6585,0.012968421378683056,0.01370269086259654,-0.006007364293453409,0.0,0.0,0.019407061633870064
2024-10-08,2024-10-09,test,hybrid_topology_fhs_scenario,0.94,0.1,1000,5586,6586,0.013272812782096749,0.014119419404689552,-0.0026590426392745226,0.0,0.0,0.016518319047078685
2024-10-09,2024-10-10,test,hybrid_topology_fhs_scenario,0.94,0.1,1000,5587,6587,0.013011672603769543,0.013875538895228473,0.0010917323717896331,0.0,0.0,0.012583410762672668
2024-10-10,2024-10-11,test,hybrid_topology_fhs_scenario,0.94,0.1,1000,5588,6588,0.012672328202256033,0.01359793486791063,-0.003718220391438942,0.0,0.0,0.017047156863802784
2024-10-11,2024-10-14,test,hybrid_topology_fhs_scenario,0.94,0.1,1000,5589,6589,0.012559384954466069,0.013464683871363427,-0.004197502936181818,0.0,0.0,0.017388201016263094
2024-10-14,2024-10-15,test,hybrid_topology_fhs_scenario,0.94,0.1,1000,5590,6590,0.012667006425172742,0.013424230973641047,0.00261349707800258,0.0,0.0,0.010641000641719207
2024-10-15,2024-10-16,test,hybrid_topology_fhs_scenario,0.94,0.1,1000,5591,6591,0.012282981629160777,0.013068857043558195,-0.0032315862963730345,0.0,0.0,0.016048077935688288
2024-10-16,2024-10-17,test,hybrid_topology_fhs_scenario,0.94,0.1,1000,5592,6592,0.01225028383810377,0.012997487461395701,0.0020245502118543257,0.0,0.0,0.010800871154565336
2024-10-17,2024-10-18,test,hybrid_topology_fhs_scenario,0.94,0.1,1000,5593,6593,0.011961645978935802,0.012706928660278453,-0.002767095389598051,0.0,0.0,0.01523446086231493
2024-10-18,2024-10-21,test,hybrid_topology_fhs_scenario,0.94,0.1,1000,5594,6594,0.011861817084447354,0.012510885510989712,0.004070605135006744,0.0,0.0,0.008307185486077801
2024-10-21,2024-10-22,test,hybrid_topology_fhs_scenario,0.94,0.1,1000,5595,6595,0.011752211371994854,0.012464764322923505,0.0006969179353670807,0.0,0.0,0.011584203162233792
2024-10-22,2024-10-23,test,hybrid_topology_fhs_scenario,0.94,0.1,1000,5596,6596,0.011404668171277678,0.012153986447679711,0.006407623844095012,0.0,0.0,0.005652673981766909
2024-10-23,2024-10-24,test,hybrid_topology_fhs_scenario,0.94,0.1,1000,5597,6597,0.011878358377001085,0.012625710831105344,-0.0021829339379994205,0.0,0.0,0.014579041573027151
2024-10-24,2024-10-25,test,hybrid_topology_fhs_scenario,0.94,0.1,1000,5598,6598,0.011775203046403183,0.012554856456681461,0.0010905680604500036,0.0,0.0,0.011284527536185203
2024-10-25,2024-10-28,test,hybrid_topology_fhs_scenario,0.94,0.1,1000,5599,6599,0.011477242329376098,0.01229725043356711,-0.0009276106920811156,0.0,0.0,0.013018288127721591
2024-10-28,2024-10-29,test,hybrid_topology_fhs_scenario,0.94,0.1,1000,5600,6600,0.011113327246587087,0.011860758627620477,-0.001139905854870804,0.0,0.0,0.012798180201443578
2024-10-29,2024-10-30,test,hybrid_topology_fhs_scenario,0.94,0.1,1000,5601,6601,0.01088975089683886,0.011674016901668827,0.0024064458974098813,0.0,0.0,0.009120714779146761
2024-10-30,2024-10-31,test,hybrid_topology_fhs_scenario,0.94,0.1,1000,5602,6602,0.010730389839029209,0.011478832123010499,0.011973407236517452,1.0,1.0,0.001725162337020313
2024-10-31,2024-11-01,test,hybrid_topology_fhs_scenario,0.94,0.1,1000,5603,6603,0.013019602562654909,0.013906204085414034,-0.00016353515507381254,0.0,0.0,0.013849827136652936
2024-11-01,2024-11-04,test,hybrid_topology_fhs_scenario,0.94,0.1,1000,5604,6604,0.01259706581482806,0.013319999721223314,-0.0008429349525728824,0.0,0.0,0.0139432613146253
2024-11-04,2024-11-05,test,hybrid_topology_fhs_scenario,0.94,0.1,1000,5605,6605,0.012433448528672562,0.013260484706685203,-0.007467487709532694,0.0,0.0,0.0204087824681945
2024-11-05,2024-11-06,test,hybrid_topology_fhs_scenario,0.94,0.1,1000,5606,6606,0.012935450879335848,0.013892706586190774,-0.010801270333319034,0.0,0.0,0.02431399470864861
2024-11-06,2024-11-07,test,hybrid_topology_fhs_scenario,0.94,0.1,1000,5607,6607,0.014414338813252665,0.015315303309096478,-0.007856441678566606,0.0,0.0,0.0228151591678897
2024-11-07,2024-11-08,test,hybrid_topology_fhs_scenario,0.94,0.1,1000,5608,6608,0.014847060488775043,0.015851876391373417,-0.0034500628700488093,0.0,0.0,0.01900236201347491
2024-11-08,2024-11-11,test,hybrid_topology_fhs_scenario,0.94,0.1,1000,5609,6609,0.014652943409722941,0.015581764183164423,0.0005322663777987291,0.0,0.0,0.014814467130550792
2024-11-11,2024-11-12,test,hybrid_topology_fhs_scenario,0.94,0.1,1000,5610,6610,0.01425716140316551,0.015154229919997753,0.0043760670269137325,0.0,0.0,0.010607519764519437
2024-11-12,2024-11-13,test,hybrid_topology_fhs_scenario,0.94,0.1,1000,5611,6611,0.014141249134561381,0.015035133837111622,-3.432185650424906e-05,0.0,0.0,0.014834475011186132
2024-11-13,2024-11-14,test,hybrid_topology_fhs_scenario,0.94,0.1,1000,5612,6612,0.013783164329531484,0.01462031236868078,0.0039009799291558787,0.0,0.0,0.010550170972540534
2024-11-14,2024-11-15,test,hybrid_topology_fhs_scenario,0.94,0.1,1000,5613,6613,0.01362821175451713,0.014396284022779825,0.007513613396994812,0.0,0.0,0.006771749843715612
2024-11-15,2024-11-18,test,hybrid_topology_fhs_scenario,0.94,0.1,1000,5614,6614,0.014106654085451753,0.0149371216064129,-0.003358500905830164,0.0,0.0,0.018012883499349805
2024-11-18,2024-11-19,test,hybrid_topology_fhs_scenario,0.94,0.1,1000,5615,6615,0.013940845377880809,0.014708187733203768,-0.0030487791242947092,0.0,0.0,0.01748293893108277
2024-11-19,2024-11-20,test,hybrid_topology_fhs_scenario,0.94,0.1,1000,5616,6616,0.013676778513494463,0.014465871513532657,0.0003942580239282734,0.0,0.0,0.013852648357259936
2024-11-20,2024-11-21,test,hybrid_topology_fhs_scenario,0.94,0.1,1000,5617,6617,0.013262882731064001,0.01403408599901798,-0.0030073282607902653,0.0,0.0,0.016778081013231583
2024-11-21,2024-11-22,test,hybrid_topology_fhs_scenario,0.94,0.1,1000,5618,6618,0.013075432325243741,0.013832580073675849,-0.0021162415006461543,0.0,0.0,0.01570201777322285
2024-11-22,2024-11-25,test,hybrid_topology_fhs_scenario,0.94,0.1,1000,5619,6619,0.012760501763484007,0.013505455341628878,-0.006351351863204169,0.0,0.0,0.019551505560979104
2024-11-25,2024-11-26,test,hybrid_topology_fhs_scenario,0.94,0.1,1000,5620,6620,0.013121349123458201,0.013864350601349055,-0.0022874264872383863,0.0,0.0,0.01590207041747972
2024-11-26,2024-11-27,test,hybrid_topology_fhs_scenario,0.94,0.1,1000,5621,6621,0.012854581308342104,0.013607894039583256,0.00020806415083618468,0.0,0.0,0.013191299313103453
2024-11-27,2024-11-29,test,hybrid_topology_fhs_scenario,0.94,0.1,1000,5622,6622,0.012476265227432686,0.013215557114387794,-0.005415150835936533,0.0,0.0,0.01834385441219991
2024-11-29,2024-12-02,test,hybrid_topology_fhs_scenario,0.94,0.1,1000,5623,6623,0.012648896044707177,0.013415840807386507,-0.0010416209211469684,0.0,0.0,0.01423293035497868
2024-12-02,2024-12-03,test,hybrid_topology_fhs_scenario,0.94,0.1,1000,5624,6624,0.012346875904814633,0.01306649582133169,0.0008596511082753723,0.0,0.0,0.012016545843195302
2024-12-03,2024-12-04,test,hybrid_topology_fhs_scenario,0.94,0.1,1000,5625,6625,0.011937065007839165,0.012715665556677806,-0.005247578253683027,0.0,0.0,0.017686009147717032
2024-12-04,2024-12-05,test,hybrid_topology_fhs_scenario,0.94,0.1,1000,5626,6626,0.012127979145036372,0.012904763015472866,0.00102957123441465,0.0,0.0,0.011689296065637978
2024-12-05,2024-12-06,test,hybrid_topology_fhs_scenario,0.94,0.1,1000,5627,6627,0.011957056885388728,0.012630831175768097,-0.0024009852308063185,0.0,0.0,0.014799601417572004
2024-12-06,2024-12-09,test,hybrid_topology_fhs_scenario,0.94,0.1,1000,5628,6628,0.011853252171815194,0.012463569514153281,0.004475234373927583,0.0,0.0,0.007862406939698932
2024-12-09,2024-12-10,test,hybrid_topology_fhs_scenario,0.94,0.1,1000,5629,6629,0.01188674767414947,0.012495260783035788,0.002581776584565909,0.0,0.0,0.00975869680440397
2024-12-10,2024-12-11,test,hybrid_topology_fhs_scenario,0.94,0.1,1000,5630,6630,0.01180139547749552,0.012405063103850629,-0.0034565465481140923,0.0,0.0,0.015617648830921697
2024-12-11,2024-12-12,test,hybrid_topology_fhs_scenario,0.94,0.1,1000,5631,6631,0.01166995358106655,0.012258620320598764,0.004615562756452673,0.0,0.0,0.007522525033288577
2024-12-12,2024-12-13,test,hybrid_topology_fhs_scenario,0.94,0.1,1000,5632,6632,0.0117224957567202,0.012365821503206765,0.0019888967986075425,0.0,0.0,0.010214837576565368
2024-12-13,2024-12-16,test,hybrid_topology_fhs_scenario,0.94,0.1,1000,5633,6633,0.011418020761498535,0.01202538259975051,-0.002690070843562298,0.0,0.0,0.014488648023280596
2024-12-16,2024-12-17,test,hybrid_topology_fhs_scenario,0.94,0.1,1000,5634,6634,0.011320767595024726,0.011996315778304689,0.0024719703496255186,0.0,0.0,0.009374724765416183
2024-12-17,2024-12-18,test,hybrid_topology_fhs_scenario,0.94,0.1,1000,5635,6635,0.011116497781448124,0.011818208173757894,0.02097385595265284,1.0,1.0,0.018914432368387617
2024-12-18,2024-12-19,test,hybrid_topology_fhs_scenario,0.94,0.1,1000,5636,6636,0.017629386569696138,0.018845145760083802,0.0019967494384517614,0.0,0.0,0.016583512784903685
2024-12-19,2024-12-20,test,hybrid_topology_fhs_scenario,0.94,0.1,1000,5637,6637,0.017146469553330507,0.01837070863379694,-0.008680674549646472,0.0,0.0,0.026633370044887094
2024-12-20,2024-12-23,test,hybrid_topology_fhs_scenario,0.94,0.1,1000,5638,6638,0.01774007054755149,0.018922452018549307,-0.0018220057514644946,0.0,0.0,0.020421467088753618
2024-12-23,2024-12-24,test,hybrid_topology_fhs_scenario,0.94,0.1,1000,5639,6639,0.017098627602715806,0.018323848420236332,-0.00688592147277709,0.0,0.0,0.024819371136443013
2024-12-24,2024-12-26,test,hybrid_topology_fhs_scenario,0.94,0.1,1000,5640,6640,0.017225751349551587,0.018480025160511986,-0.0003433888565178567,0.0,0.0,0.018528520068664792
2024-12-26,2024-12-27,test,hybrid_topology_fhs_scenario,0.94,0.1,1000,5641,6641,0.01670261637684466,0.0179424323744873,0.0073556612910484764,0.0,0.0,0.010415571357210815
2024-12-27,2024-12-30,test,hybrid_topology_fhs_scenario,0.94,0.1,1000,5642,6642,0.017002854389136374,0.018199909713758584,0.0045011109064643446,0.0,0.0,0.013481346271938604
2024-12-30,2024-12-31,test,hybrid_topology_fhs_scenario,0.94,0.1,1000,5643,6643,0.016768173704561153,0.017968120340398974,0.0029171120703459954,0.0,0.0,0.014813243679643805
2024-12-31,2025-01-02,test,hybrid_topology_fhs_scenario,0.94,0.1,1000,5644,6644,0.016378586155080487,0.017578313493693366,0.0012577703982257658,0.0,0.0,0.016063737675649458
2025-01-02,2025-01-03,test,hybrid_topology_fhs_scenario,0.94,0.1,1000,5645,6645,0.016015749648956863,0.017116585672251765,-0.0068532913399991895,0.0,0.0,0.02359932049683424
2025-01-03,2025-01-06,test,hybrid_topology_fhs_scenario,0.94,0.1,1000,5646,6646,0.01619638465856379,0.01733060282814375,-0.0030666023815099307,0.0,0.0,0.020079904949813075
2025-01-06,2025-01-07,test,hybrid_topology_fhs_scenario,0.94,0.1,1000,5647,6647,0.015938351884752063,0.017011170920538814,0.008603406513853074,0.0,0.0,0.008270919750227586
2025-01-07,2025-01-08,test,hybrid_topology_fhs_scenario,0.94,0.1,1000,5648,6648,0.01645373236541237,0.017588826166811965,-0.0015734309564938266,0.0,0.0,0.01886347232844221
2025-01-08,2025-01-10,test,hybrid_topology_fhs_scenario,0.94,0.1,1000,5649,6649,0.01608507332750121,0.017144281209479778,0.012073373152034293,0.0,0.0,0.004984252357764017
2025-01-10,2025-01-13,test,hybrid_topology_fhs_scenario,0.94,0.1,1000,5650,6650,0.01757284713762988,0.0187257282913805,-0.0002294002981009679,0.0,0.0,0.01865927284910174
2025-01-13,2025-01-14,test,hybrid_topology_fhs_scenario,0.94,0.1,1000,5651,6651,0.017038233136949126,0.018217876925297947,-0.0009572089592588373,0.0,0.0,0.018875663158404943
2025-01-14,2025-01-15,test,hybrid_topology_fhs_scenario,0.94,0.1,1000,5652,6652,0.01653220701392126,0.017673864043332425,-0.015124534241568854,0.0,0.0,0.03229500574033364
2025-01-15,2025-01-16,test,hybrid_topology_fhs_scenario,0.94,0.1,1000,5653,6653,0.019166310388611434,0.020284272989188334,0.00019908647787125755,0.0,0.0,0.019772729087641553
2025-01-16,2025-01-17,test,hybrid_topology_fhs_scenario,0.94,0.1,1000,5654,6654,0.018582932553646136,0.019681759999492645,-0.006327123717528326,0.0,0.0,0.02560776218680719
2025-01-17,2025-01-21,test,hybrid_topology_fhs_scenario,0.94,0.1,1000,5655,6655,0.01846137023810316,0.019594018516603442,-0.006833328020793417,0.0,0.0,0.026019609856550902
2025-01-21,2025-01-22,test,hybrid_topology_fhs_scenario,0.94,0.1,1000,5656,6656,0.018501769477776805,0.01963334448408413,-0.0023380257633510925,0.0,0.0,0.02163048394366062
2025-01-22,2025-01-23,test,hybrid_topology_fhs_scenario,0.94,0.1,1000,5657,6657,0.018009589078752015,0.01911266267317345,-0.0022370812107026074,0.0,0.0,0.0210184669896737
2025-01-23,2025-01-24,test,hybrid_topology_fhs_scenario,0.94,0.1,1000,5658,6658,0.01737945585707809,0.018578136378029034,0.0009278325654701324,0.0,0.0,0.017373562450161008
2025-01-24,2025-01-27,test,hybrid_topology_fhs_scenario,0.94,0.1,1000,5659,6659,0.016861804867602644,0.018080926994602137,0.005891849573934537,0.0,0.0,0.011994050038087591
2025-01-27,2025-01-28,test,hybrid_topology_fhs_scenario,0.94,0.1,1000,5660,6660,0.01683146981951743,0.01801699094678052,-0.005198349364992926,0.0,0.0,0.02285525499582421
2025-01-28,2025-01-29,test,hybrid_topology_fhs_scenario,0.94,0.1,1000,5661,6661,0.016696840925347182,0.017919062226452644,0.0031624079817219597,0.0,0.0,0.014523082218048669
2025-01-29,2025-01-30,test,hybrid_topology_fhs_scenario,0.94,0.1,1000,5662,6662,0.016469991498457934,0.017576535137539366,-0.004080666643701835,0.0,0.0,0.02132127831813177
2025-01-30,2025-01-31,test,hybrid_topology_fhs_scenario,0.94,0.1,1000,5663,6663,0.016125914525571477,0.01729962279890435,0.0038370638351266527,0.0,0.0,0.013248883496587703
2025-01-31,2025-02-03,test,hybrid_topology_fhs_scenario,0.94,0.1,1000,5664,6664,0.01593612472247509,0.016998100268950007,0.003753070573224804,0.0,0.0,0.013035734494824576
2025-02-03,2025-02-04,test,hybrid_topology_fhs_scenario,0.94,0.1,1000,5665,6665,0.015580770984087519,0.016590460693293604,-0.00501654840531125,0.0,0.0,0.02127280706503372
2025-02-04,2025-02-05,test,hybrid_topology_fhs_scenario,0.94,0.1,1000,5666,6666,0.015331281449956335,0.01634818381887185,-0.004754756092713741,0.0,0.0,0.020776226789222654
2025-02-05,2025-02-06,test,hybrid_topology_fhs_scenario,0.94,0.1,1000,5667,6667,0.015216640122840212,0.016271092783458535,-0.0016150103895795631,0.0,0.0,0.01760726709883634
2025-02-06,2025-02-07,test,hybrid_topology_fhs_scenario,0.94,0.1,1000,5668,6668,0.015014598570435833,0.01592485388698317,0.006818952473728657,0.0,0.0,0.008960210338890221
2025-02-07,2025-02-10,test,hybrid_topology_fhs_scenario,0.94,0.1,1000,5669,6669,0.015159577957774352,0.016142309577539316,-0.003988792465073043,0.0,0.0,0.019819308195775525
2025-02-10,2025-02-11,test,hybrid_topology_fhs_scenario,0.94,0.1,1000,5670,6670,0.014994091455606649,0.015955511446352467,0.0005745771251825627,0.0,0.0,0.015140606106444899
2025-02-11,2025-02-12,test,hybrid_topology_fhs_scenario,0.94,0.1,1000,5671,6671,0.014619696458128955,0.015479791341526607,0.0046891674673458,0.0,0.0,0.010620163567234117
2025-02-12,2025-02-13,test,hybrid_topology_fhs_scenario,0.94,0.1,1000,5672,6672,0.014534239871963214,0.015375859873610403,-0.00932676214132253,0.0,0.0,0.024323666484692467
2025-02-13,2025-02-14,test,hybrid_topology_fhs_scenario,0.94,0.1,1000,5673,6673,0.015236137998615293,0.016256533374977355,-0.0016491895677866353,0.0,0.0,0.01762693314485891
2025-02-14,2025-02-18,test,hybrid_topology_fhs_scenario,0.94,0.1,1000,5674,6674,0.014823510820375524,0.015827969916280177,0.00038165728469943274,0.0,0.0,0.015204573351147986
2025-02-18,2025-02-19,test,hybrid_topology_fhs_scenario,0.94,0.1,1000,5675,6675,0.014512273574516657,0.015403428905404111,-0.0020594229066979164,0.0,0.0,0.017191997481611623
2025-02-19,2025-02-20,test,hybrid_topology_fhs_scenario,0.94,0.1,1000,5676,6676,0.014140077313324778,0.015037246620457434,0.0016788497522814971,0.0,0.0,0.013149049222081972
2025-02-20,2025-02-21,test,hybrid_topology_fhs_scenario,0.94,0.1,1000,5677,6677,0.013885599960281735,0.014673871832371819,0.007900872293792549,0.0,0.0,0.00666352182677968
2025-02-21,2025-02-24,test,hybrid_topology_fhs_scenario,0.94,0.1,1000,5678,6678,0.014461195027064775,0.01529768565994391,0.001876560455816234,0.0,0.0,0.013211443419736969
2025-02-24,2025-02-25,test,hybrid_topology_fhs_scenario,0.94,0.1,1000,5679,6679,0.014136172423063744,0.014993517915191802,-0.0001679820435150029,0.0,0.0,0.014925504004404924
2025-02-25,2025-02-26,test,hybrid_topology_fhs_scenario,0.94,0.1,1000,5680,6680,0.013733209762009436,0.014552075954401012,-0.0014017244166828922,0.0,0.0,0.01570630470359373
2025-02-26,2025-02-27,test,hybrid_topology_fhs_scenario,0.94,0.1,1000,5681,6681,0.013374134864947958,0.014284877320613178,0.010040674717210329,0.0,0.0,0.004171432139795154
2025-02-27,2025-02-28,test,hybrid_topology_fhs_scenario,0.94,0.1,1000,5682,6682,0.014591236054511968,0.01550890782043891,-0.011557378588656419,0.0,0.0,0.02665111539529963
2025-02-28,2025-03-03,test,hybrid_topology_fhs_scenario,0.94,0.1,1000,5683,6683,0.016128629932078187,0.017193485887661678,0.009060165009546983,0.0,0.0,0.008000672505387139
2025-03-03,2025-03-04,test,hybrid_topology_fhs_scenario,0.94,0.1,1000,5684,6684,0.016759230193132725,0.017866166082455052,0.008359991541036192,0.0,0.0,0.009352512564404355
2025-03-04,2025-03-05,test,hybrid_topology_fhs_scenario,0.94,0.1,1000,5685,6685,0.01726929033358152,0.018353177263437232,-0.004219244665299238,0.0,0.0,0.022222996730506865
2025-03-05,2025-03-06,test,hybrid_topology_fhs_scenario,0.94,0.1,1000,5686,6686,0.01682700148093157,0.017990450943362234,0.010862154962254822,0.0,0.0,0.007009737046766494
2025-03-06,2025-03-07,test,hybrid_topology_fhs_scenario,0.94,0.1,1000,5687,6687,0.018155554058861774,0.019168307187073925,-0.002855069814123379,0.0,0.0,0.021682898814897218
2025-03-07,2025-03-10,test,hybrid_topology_fhs_scenario,0.94,0.1,1000,5688,6688,0.01756068239077113,0.018635677016606084,0.013184573768645791,0.0,0.0,0.005358586752982539
2025-03-10,2025-03-11,test,hybrid_topology_fhs_scenario,0.94,0.1,1000,5689,6689,0.019302401941275388,0.02045472488575429,0.006418403320517574,0.0,0.0,0.013814253512313376
2025-03-11,2025-03-12,test,hybrid_topology_fhs_scenario,0.94,0.1,1000,5690,6690,0.019219335753932726,0.020399609312836277,-0.002001337773550471,0.0,0.0,0.022053130144501915
2025-03-12,2025-03-13,test,hybrid_topology_fhs_scenario,0.94,0.1,1000,5691,6691,0.018683743954724656,0.01982769580686204,0.00638868127115817,0.0,0.0,0.013225989799146937
2025-03-13,2025-03-14,test,hybrid_topology_fhs_scenario,0.94,0.1,1000,5692,6692,0.018631035016449752,0.019776217542170488,-0.011001248621037261,0.0,0.0,0.030304352345502425
2025-03-14,2025-03-17,test,hybrid_topology_fhs_scenario,0.94,0.1,1000,5693,6693,0.019662933981310023,0.020768366962963487,-0.004965445181247841,0.0,0.0,0.025336750632231623
2025-03-17,2025-03-18,test,hybrid_topology_fhs_scenario,0.94,0.1,1000,5694,6694,0.019263278535206797,0.020299165099466904,0.0060197375506075845,0.0,0.0,0.014054877269983829
2025-03-18,2025-03-19,test,hybrid_topology_fhs_scenario,0.94,0.1,1000,5695,6695,0.01894032701355484,0.020088501069089753,-0.0077598270232155375,0.0,0.0,0.027419121430365363
2025-03-19,2025-03-20,test,hybrid_topology_fhs_scenario,0.94,0.1,1000,5696,6696,0.019096602733754693,0.02026664145127296,0.0011453424704249036,0.0,0.0,0.018822779108960148
2025-03-20,2025-03-21,test,hybrid_topology_fhs_scenario,0.94,0.1,1000,5697,6697,0.018808146001682416,0.01989771716794138,0.00013852230156210512,0.0,0.0,0.019451911231720995
2025-03-21,2025-03-24,test,hybrid_topology_fhs_scenario,0.94,0.1,1000,5698,6698,0.018139244786548978,0.019190479694866452,-0.008429769017514577,0.0,0.0,0.02719543263261214
2025-03-24,2025-03-25,test,hybrid_topology_fhs_scenario,0.94,0.1,1000,5699,6699,0.018502214419996717,0.019549672785980268,-0.0021197348657699955,0.0,0.0,0.021333891953314175
2025-03-25,2025-03-26,test,hybrid_topology_fhs_scenario,0.94,0.1,1000,5700,6700,0.01809212292405096,0.019156197759713722,0.008092852222998026,0.0,0.0,0.010886754605308335
2025-03-26,2025-03-27,test,hybrid_topology_fhs_scenario,0.94,0.1,1000,5701,6701,0.01824127392475176,0.01942214143458845,0.0019324498345099752,0.0,0.0,0.017215537550978932
2025-03-27,2025-03-28,test,hybrid_topology_fhs_scenario,0.94,0.1,1000,5702,6702,0.017622454870213963,0.018794411849014425,0.008860220097039217,0.0,0.0,0.009773459305907575
2025-03-28,2025-03-31,test,hybrid_topology_fhs_scenario,0.94,0.1,1000,5703,6703,0.0182181623753583,0.019357295304319264,-0.005205598109796617,0.0,0.0,0.024183058683614533
2025-03-31,2025-04-01,test,hybrid_topology_fhs_scenario,0.94,0.1,1000,5704,6704,0.017900468382650154,0.019098189838240114,-0.0030999648921373525,0.0,0.0,0.021853205194865905
2025-04-01,2025-04-02,test,hybrid_topology_fhs_scenario,0.94,0.1,1000,5705,6705,0.017591912248033772,0.018707796556171448,-0.0034196450901199157,0.0,0.0,0.02178437117851562
2025-04-02,2025-04-03,test,hybrid_topology_fhs_scenario,0.94,0.1,1000,5706,6706,0.01721363532671159,0.01835471417383422,0.02545556632641177,1.0,1.0,0.015260363842280732
2025-04-03,2025-04-04,test,hybrid_topology_fhs_scenario,0.94,0.1,1000,5707,6707,0.023842287055000435,0.02535196586033809,0.03400418911176482,1.0,1.0,0.018712506287623464
2025-04-04,2025-04-07,test,hybrid_topology_fhs_scenario,0.94,0.1,1000,5708,6708,0.03259550706612824,0.03460189047863849,0.005832592065019005,0.0,0.0,0.028317695103290092
2025-04-07,2025-04-08,test,hybrid_topology_fhs_scenario,0.94,0.1,1000,5709,6709,0.03186751714576408,0.03396175327972157,0.011410017895131276,0.0,0.0,0.022192516992481866
2025-04-08,2025-04-09,test,hybrid_topology_fhs_scenario,0.94,0.1,1000,5710,6710,0.03204534694762468,0.034011844307230546,-0.06174744317765435,0.0,0.0,0.09430323319901555
2025-04-09,2025-04-10,test,hybrid_topology_fhs_scenario,0.94,0.1,1000,5711,6711,0.05180783459677543,0.054958329752045745,0.02878528473129429,0.0,0.0,0.02574894439388748
2025-04-10,2025-04-11,test,hybrid_topology_fhs_scenario,0.94,0.1,1000,5712,6712,0.05384992423110974,0.057096559686261886,-0.008451365874571203,0.0,0.0,0.06453224032286906
2025-04-11,2025-04-14,test,hybrid_topology_fhs_scenario,0.94,0.1,1000,5713,6713,0.052519582463682477,0.05570030097004625,-0.009028995418392105,0.0,0.0,0.06372654975754814
2025-04-14,2025-04-15,test,hybrid_topology_fhs_scenario,0.94,0.1,1000,5714,6714,0.051282364817263955,0.05440178493614012,0.0004923676679956966,0.0,0.0,0.053069581807933495
2025-04-15,2025-04-16,test,hybrid_topology_fhs_scenario,0.94,0.1,1000,5715,6715,0.04972120602828131,0.05274326380181554,0.011602056240435643,0.0,0.0,0.04049386887022386
2025-04-16,2025-04-17,test,hybrid_topology_fhs_scenario,0.94,0.1,1000,5716,6716,0.04883727888363599,0.051835572199085564,0.000281261062324667,0.0,0.0,0.05075101353655499
2025-04-17,2025-04-21,test,hybrid_topology_fhs_scenario,0.94,0.1,1000,5717,6717,0.04734987850888074,0.05027449910335975,0.016436362607198204,0.0,0.0,0.03330131824277433
2025-04-21,2025-04-22,test,hybrid_topology_fhs_scenario,0.94,0.1,1000,5718,6718,0.0472265171833097,0.05009131162535916,-0.015908027713501215,0.0,0.0,0.06498070130435697
2025-04-22,2025-04-23,test,hybrid_topology_fhs_scenario,0.94,0.1,1000,5719,6719,0.0470277124756591,0.049882156605700514,-0.009721696300133819,0.0,0.0,0.05868125067094641
2025-04-23,2025-04-24,test,hybrid_topology_fhs_scenario,0.94,0.1,1000,5720,6720,0.04606396437220466,0.04891757218580506,-0.014791784456051938,0.0,0.0,0.06272518021409314
2025-04-24,2025-04-25,test,hybrid_topology_fhs_scenario,0.94,0.1,1000,5721,6721,0.04576105572425413,0.04852128431910959,-0.0058534434687400605,0.0,0.0,0.05353150458508335
2025-04-25,2025-04-28,test,hybrid_topology_fhs_scenario,0.94,0.1,1000,5722,6722,0.04454223736629826,0.047244106335184305,-0.0018251691621110845,0.0,0.0,0.048306217675147096
2025-04-28,2025-04-29,test,hybrid_topology_fhs_scenario,0.94,0.1,1000,5723,6723,0.04320283729686087,0.04584057868387297,-0.005160635423534288,0.0,0.0,0.05020981848192603
2025-04-29,2025-04-30,test,hybrid_topology_fhs_scenario,0.94,0.1,1000,5724,6724,0.042031025671100876,0.0446126688574849,-0.0008635937592821996,0.0,0.0,0.04476830224565175
2025-04-30,2025-05-01,test,hybrid_topology_fhs_scenario,0.94,0.1,1000,5725,6725,0.040791724433545125,0.04327530150520294,-0.0025101982935991085,0.0,0.0,0.045073881531103435
2025-05-01,2025-05-02,test,hybrid_topology_fhs_scenario,0.94,0.1,1000,5726,6726,0.03958531980856726,0.0420414603799228,-0.006221401867763808,0.0,0.0,0.04751435790825775
2025-05-02,2025-05-05,test,hybrid_topology_fhs_scenario,0.94,0.1,1000,5727,6727,0.03860843526882308,0.04098959073292834,0.004158700364762203,0.0,0.0,0.0362546154580026
2025-05-05,2025-05-06,test,hybrid_topology_fhs_scenario,0.94,0.1,1000,5728,6728,0.037537364667589466,0.03986828176296098,0.003999366959468653,0.0,0.0,0.035307571910486224
2025-05-06,2025-05-07,test,hybrid_topology_fhs_scenario,0.94,0.1,1000,5729,6729,0.036493800625571934,0.0387757745171468,-0.003578430669773258,0.0,0.0,0.04169607237020051
2025-05-07,2025-05-08,test,hybrid_topology_fhs_scenario,0.94,0.1,1000,5730,6730,0.035464396292111594,0.03769809581666208,-0.0010655329515311782,0.0,0.0,0.038159837341424856
2025-05-08,2025-05-09,test,hybrid_topology_fhs_scenario,0.94,0.1,1000,5731,6731,0.034391528708311574,0.03659748703908735,0.0004675721789109132,0.0,0.0,0.03556590655396603
2025-05-09,2025-05-12,test,hybrid_topology_fhs_scenario,0.94,0.1,1000,5732,6732,0.033345317700463284,0.03551607412455001,-0.017284697727695076,0.0,0.0,0.05198705271022054
2025-05-12,2025-05-13,test,hybrid_topology_fhs_scenario,0.94,0.1,1000,5733,6733,0.0343701155310186,0.036579432513431306,-0.0036637871312998446,0.0,0.0,0.03961747818023606
2025-05-13,2025-05-14,test,hybrid_topology_fhs_scenario,0.94,0.1,1000,5734,6734,0.033648625040999414,0.03574146718685737,0.000727621967520653,0.0,0.0,0.03446770911958808
2025-05-14,2025-05-15,test,hybrid_topology_fhs_scenario,0.94,0.1,1000,5735,6735,0.03262730079512816,0.03467350203571905,-0.005544976526710555,0.0,0.0,0.03959473937158725
2025-05-15,2025-05-16,test,hybrid_topology_fhs_scenario,0.94,0.1,1000,5736,6736,0.03196018491651977,0.0338973475147191,-0.003928176625086399,0.0,0.0,0.03723876965172642
2025-05-16,2025-05-19,test,hybrid_topology_fhs_scenario,0.94,0.1,1000,5737,6737,0.030806275896414423,0.0329172958610956,-0.0004434581390788228,0.0,0.0,0.03283923249052499
2025-05-19,2025-05-20,test,hybrid_topology_fhs_scenario,0.94,0.1,1000,5738,6738,0.029869294354754876,0.03195452763920578,0.0025284508850896615,0.0,0.0,0.02896383326995987
2025-05-20,2025-05-21,test,hybrid_topology_fhs_scenario,0.94,0.1,1000,5739,6739,0.029193745271170527,0.03104227562956536,0.012882189715006497,0.0,0.0,0.01786919932225653
2025-05-21,2025-05-22,test,hybrid_topology_fhs_scenario,0.94,0.1,1000,5740,6740,0.029615897961416282,0.031523063031373706,-0.001739778658793334,0.0,0.0,0.03274482741411496
2025-05-22,2025-05-23,test,hybrid_topology_fhs_scenario,0.94,0.1,1000,5741,6741,0.02874951117171297,0.030573405470203072,0.002940554713360388,0.0,0.0,0.027200119052505144
2025-05-23,2025-05-27,test,hybrid_topology_fhs_scenario,0.94,0.1,1000,5742,6742,0.027945250234049195,0.029772865504063998,-0.014138143864888474,0.0,0.0,0.043234068075718037
2025-05-27,2025-05-28,test,hybrid_topology_fhs_scenario,0.94,0.1,1000,5743,6743,0.028566335842281618,0.030565316539839908,0.004575773379777148,0.0,0.0,0.025579710205686234
2025-05-28,2025-05-29,test,hybrid_topology_fhs_scenario,0.94,0.1,1000,5744,6744,0.028044822381847596,0.029856830971866016,-0.004029707365120672,0.0,0.0,0.0333601201760317
2025-05-29,2025-05-30,test,hybrid_topology_fhs_scenario,0.94,0.1,1000,5745,6745,0.027320168665029863,0.029152798563550592,-0.0005168514697600602,0.0,0.0,0.029206278983825783
2025-05-30,2025-06-02,test,hybrid_topology_fhs_scenario,0.94,0.1,1000,5746,6746,0.026583643260888846,0.028328337212459864,-0.0020217409705617583,0.0,0.0,0.029877380070760587
2025-06-02,2025-06-03,test,hybrid_topology_fhs_scenario,0.94,0.1,1000,5747,6747,0.02556514128989185,0.027491122756442356,-0.0030383257526858105,0.0,0.0,0.030052246966825742
2025-06-03,2025-06-04,test,hybrid_topology_fhs_scenario,0.94,0.1,1000,5748,6748,0.024871127571260414,0.026810795314216613,-0.0027798335418657504,0.0,0.0,0.029127372745811564
2025-06-04,2025-06-05,test,hybrid_topology_fhs_scenario,0.94,0.1,1000,5749,6749,0.024186435688553866,0.026063739475334604,0.004084321777048983,0.0,0.0,0.021630953394943527
2025-06-05,2025-06-06,test,hybrid_topology_fhs_scenario,0.94,0.1,1000,5750,6750,0.0238380572590868,0.02557347498264752,-0.002978658540782808,0.0,0.0,0.028106497343343268
2025-06-06,2025-06-09,test,hybrid_topology_fhs_scenario,0.94,0.1,1000,5751,6751,0.023200932147166075,0.024940328648096893,-0.0012679118688031289,0.0,0.0,0.025797722944137215
2025-06-09,2025-06-10,test,hybrid_topology_fhs_scenario,0.94,0.1,1000,5752,6752,0.02251074750330417,0.024191577725025174,-0.004085017693289927,0.0,0.0,0.027835638184823163
2025-06-10,2025-06-11,test,hybrid_topology_fhs_scenario,0.94,0.1,1000,5753,6753,0.02215316727007057,0.023767282801907683,4.878557658638538e-05,0.0,0.0,0.02334657861162311
2025-06-11,2025-06-12,test,hybrid_topology_fhs_scenario,0.94,0.1,1000,5754,6754,0.021573862059847047,0.023140892599589492,-0.00412497439780477,0.0,0.0,0.026841208687035926
2025-06-12,2025-06-13,test,hybrid_topology_fhs_scenario,0.94,0.1,1000,5755,6755,0.02112641768690117,0.022692471263304374,0.008187313637046367,0.0,0.0,0.014271919726100105
2025-06-13,2025-06-16,test,hybrid_topology_fhs_scenario,0.94,0.1,1000,5756,6756,0.021269247021114882,0.022867840229882745,-0.004563129890276629,0.0,0.0,0.027003519636269305
2025-06-16,2025-06-17,test,hybrid_topology_fhs_scenario,0.94,0.1,1000,5757,6757,0.020945683607336146,0.022491427061504622,0.0031700815380497622,0.0,0.0,0.019016067906061352
2025-06-17,2025-06-18,test,hybrid_topology_fhs_scenario,0.94,0.1,1000,5758,6758,0.020649380802252662,0.021975177782567232,-0.00016363897291371554,0.0,0.0,0.021793476534345588
2025-06-18,2025-06-20,test,hybrid_topology_fhs_scenario,0.94,0.1,1000,5759,6759,0.020020646354849115,0.021378328556155284,0.001155257686275357,0.0,0.0,0.019906147984818667
2025-06-20,2025-06-23,test,hybrid_topology_fhs_scenario,0.94,0.1,1000,5760,6760,0.019427635884749144,0.020841194069310197,-0.007321759005558093,0.0,0.0,0.02772637319689965
2025-06-23,2025-06-24,test,hybrid_topology_fhs_scenario,0.94,0.1,1000,5761,6761,0.01952306802652574,0.02086793911181554,-0.008018997891686962,0.0,0.0,0.02844018423759707
2025-06-24,2025-06-25,test,hybrid_topology_fhs_scenario,0.94,0.1,1000,5762,6762,0.019919553311627206,0.02117124029338798,-0.0005039943242767463,0.0,0.0,0.021337589228582147
2025-06-25,2025-06-26,test,hybrid_topology_fhs_scenario,0.94,0.1,1000,5763,6763,0.019316014320439844,0.020599190555853946,-0.006121386389355842,0.0,0.0,0.026306936528677497
2025-06-26,2025-06-27,test,hybrid_topology_fhs_scenario,0.94,0.1,1000,5764,6764,0.019280051512127375,0.020581136824021348,-0.0019354916444665358,0.0,0.0,0.022165868188341625
2025-06-27,2025-06-30,test,hybrid_topology_fhs_scenario,0.94,0.1,1000,5765,6765,0.018743087676401957,0.019997008810840235,-0.004462108570365863,0.0,0.0,0.024079691409143622
2025-06-30,2025-07-01,test,hybrid_topology_fhs_scenario,0.94,0.1,1000,5766,6766,0.01853447371666578,0.01983173105798726,0.000935664596050878,0.0,0.0,0.01859965289159412
2025-07-01,2025-07-02,test,hybrid_topology_fhs_scenario,0.94,0.1,1000,5767,6767,0.017896251279350763,0.019235862059799498,-0.0018803016928045312,0.0,0.0,0.02078602518851048
2025-07-02,2025-07-03,test,hybrid_topology_fhs_scenario,0.94,0.1,1000,5768,6768,0.017485875109863703,0.01877734789947379,-0.0033407551788661397,0.0,0.0,0.021773416804268732
2025-07-03,2025-07-07,test,hybrid_topology_fhs_scenario,0.94,0.1,1000,5769,6769,0.017386907347434383,0.01864197316991336,0.005737651761547568,0.0,0.0,0.012698205929015516
2025-07-07,2025-07-08,test,hybrid_topology_fhs_scenario,0.94,0.1,1000,5770,6770,0.017361679599350442,0.01863260030465323,0.000921433127325888,0.0,0.0,0.017432790462614402
2025-07-08,2025-07-09,test,hybrid_topology_fhs_scenario,0.94,0.1,1000,5771,6771,0.016845991491550416,0.018215685637763514,-0.005675983907697501,0.0,0.0,0.023519597560816966
2025-07-09,2025-07-10,test,hybrid_topology_fhs_scenario,0.94,0.1,1000,5772,6772,0.016909728707244845,0.018274425905015226,-0.0014813066122401962,0.0,0.0,0.01944574955751889
2025-07-10,2025-07-11,test,hybrid_topology_fhs_scenario,0.94,0.1,1000,5773,6773,0.016517177125553593,0.017877769928704615,0.003966622353530824,0.0,0.0,0.013688874433514674
2025-07-11,2025-07-14,test,hybrid_topology_fhs_scenario,0.94,0.1,1000,5774,6774,0.016261870616104734,0.01759319343196404,-0.0009752962638250207,0.0,0.0,0.018276649122193633
2025-07-14,2025-07-15,test,hybrid_topology_fhs_scenario,0.94,0.1,1000,5775,6775,0.01579462367062053,0.017102863802072977,0.0041336994659388225,0.0,0.0,0.012761544469777616
2025-07-15,2025-07-16,test,hybrid_topology_fhs_scenario,0.94,0.1,1000,5776,6776,0.015279831136846297,0.01666488256183676,-0.0031132779582816014,0.0,0.0,0.019467637598066682
2025-07-16,2025-07-17,test,hybrid_topology_fhs_scenario,0.94,0.1,1000,5777,6777,0.015161447578506957,0.016514342653327026,-0.0035444196965153107,0.0,0.0,0.019744351963846503
2025-07-17,2025-07-18,test,hybrid_topology_fhs_scenario,0.94,0.1,1000,5778,6778,0.014981961892473257,0.016306446701980663,-0.0006653102471136487,0.0,0.0,0.01670393574676282
2025-07-18,2025-07-21,test,hybrid_topology_fhs_scenario,0.94,0.1,1000,5779,6779,0.014610784606507875,0.016053887148059352,-0.00253599367427273,0.0,0.0,0.018296601584581584
2025-07-21,2025-07-22,test,hybrid_topology_fhs_scenario,0.94,0.1,1000,5780,6780,0.014400412816745188,0.015825078255665502,-0.0012258828866300588,0.0,0.0,0.016780950070771922
2025-07-22,2025-07-23,test,hybrid_topology_fhs_scenario,0.94,0.1,1000,5781,6781,0.01454322189427988,0.01563862395101873,-0.003673021749574401,0.0,0.0,0.019011016994516846
2025-07-23,2025-07-24,test,hybrid_topology_fhs_scenario,0.94,0.1,1000,5782,6782,0.014435265010542686,0.015531659879969175,0.00039298564562266773,0.0,0.0,0.014900630172137044
2025-07-24,2025-07-25,test,hybrid_topology_fhs_scenario,0.94,0.1,1000,5783,6783,0.014212762613147498,0.015231112157526521,-0.003465618772822854,0.0,0.0,0.018406096470950345
2025-07-25,2025-07-28,test,hybrid_topology_fhs_scenario,0.94,0.1,1000,5784,6784,0.0140638761685325,0.015154767149501031,0.0010373448101419049,0.0,0.0,0.013894752094459053
2025-07-28,2025-07-29,test,hybrid_topology_fhs_scenario,0.94,0.1,1000,5785,6785,0.013846866986444576,0.015427976717836267,-0.001040976932359583,0.0,0.0,0.016206108248128993
2025-07-29,2025-07-30,test,hybrid_topology_fhs_scenario,0.94,0.1,1000,5786,6786,0.013564040958549111,0.015147857252308541,0.0021428655929911057,0.0,0.0,0.012794078621490079
2025-07-30,2025-07-31,test,hybrid_topology_fhs_scenario,0.94,0.1,1000,5787,6787,0.013353120425783894,0.014809605017057834,0.0019132252270499307,0.0,0.0,0.012688369247245045
2025-07-31,2025-08-01,test,hybrid_topology_fhs_scenario,0.94,0.1,1000,5788,6788,0.013165857876681985,0.014595278435078072,0.005229147753610852,0.0,0.0,0.009211344515661251
2025-08-01,2025-08-04,test,hybrid_topology_fhs_scenario,0.94,0.1,1000,5789,6789,0.013353120425783894,0.014778223011271473,-0.009663296692129375,0.0,0.0,0.024060645881994955
2025-08-04,2025-08-05,test,hybrid_topology_fhs_scenario,0.94,0.1,1000,5790,6790,0.01473524462078789,0.015750663396933595,0.0033342172491660493,0.0,0.0,0.012220045267789576
2025-08-05,2025-08-06,test,hybrid_topology_fhs_scenario,0.94,0.1,1000,5791,6791,0.01452501920017914,0.01567353578931233,-0.004303415989864234,0.0,0.0,0.01966581233659758
2025-08-06,2025-08-07,test,hybrid_topology_fhs_scenario,0.94,0.1,1000,5792,6792,0.014489104143540429,0.01587214236021794,0.0007953047633125765,0.0,0.0,0.01483685465078501
2025-08-07,2025-08-08,test,hybrid_topology_fhs_scenario,0.94,0.1,1000,5793,6793,0.013776060991830019,0.014923495465359173,-0.0037580705576643948,0.0,0.0,0.018389868187942925
2025-08-08,2025-08-11,test,hybrid_topology_fhs_scenario,0.94,0.1,1000,5794,6794,0.013861467124648467,0.014913306368007804,0.0010607209888485291,0.0,0.0,0.013634278206038294
2025-08-11,2025-08-12,test,hybrid_topology_fhs_scenario,0.94,0.1,1000,5795,6795,0.01358959268022453,0.014692627825175188,-0.006303799444456137,0.0,0.0,0.020670450509137347
2025-08-12,2025-08-13,test,hybrid_topology_fhs_scenario,0.94,0.1,1000,5796,6796,0.013914605456821771,0.014980848618108855,-0.0034796468216732545,0.0,0.0,0.018172925576572508
2025-08-13,2025-08-14,test,hybrid_topology_fhs_scenario,0.94,0.1,1000,5797,6797,0.013882492057205539,0.014978717192227667,0.001239489998888521,0.0,0.0,0.013522176534088838
2025-08-14,2025-08-15,test,hybrid_topology_fhs_scenario,0.94,0.1,1000,5798,6798,0.01369421750781394,0.01525137786081931,0.0022012735921691506,0.0,0.0,0.012838781101090354
2025-08-15,2025-08-18,test,hybrid_topology_fhs_scenario,0.94,0.1,1000,5799,6799,0.013411178658076223,0.015027572743289898,0.0005086244187102018,0.0,0.0,0.014285000158858864
2025-08-18,2025-08-19,test,hybrid_topology_fhs_scenario,0.94,0.1,1000,5800,6800,0.013351472217639895,0.014822541334639505,0.002246046722899386,0.0,0.0,0.01237313650139402
2025-08-19,2025-08-20,test,hybrid_topology_fhs_scenario,0.94,0.1,1000,5801,6801,0.013165857876681985,0.014680276606029758,0.00100705003771957,0.0,0.0,0.013452983982492058
2025-08-20,2025-08-21,test,hybrid_topology_fhs_scenario,0.94,0.1,1000,5802,6802,0.012796785742889916,0.014363980450060505,0.003579649173167865,0.0,0.0,0.010606894360667545
2025-08-21,2025-08-22,test,hybrid_topology_fhs_scenario,0.94,0.1,1000,5803,6803,0.01281842045682969,0.014394252769914706,-0.01143995880949178,0.0,0.0,0.025430940082584536
2025-08-22,2025-08-25,test,hybrid_topology_fhs_scenario,0.94,0.1,1000,5804,6804,0.01489620331262527,0.016247568747690067,0.0034341690878352035,0.0,0.0,0.012607685010606393
2025-08-25,2025-08-26,test,hybrid_topology_fhs_scenario,0.94,0.1,1000,5805,6805,0.014663370769377333,0.016099647589075994,-0.0035584847717835986,0.0,0.0,0.019348897607249713
2025-08-26,2025-08-27,test,hybrid_topology_fhs_scenario,0.94,0.1,1000,5806,6806,0.014523012309886452,0.01600161745678845,-0.0021184324492411477,0.0,0.0,0.017833463105970133
2025-08-27,2025-08-28,test,hybrid_topology_fhs_scenario,0.94,0.1,1000,5807,6807,0.014179878599180462,0.01574154632589683,-0.003041449501864335,0.0,0.0,0.018485634213077584
2025-08-28,2025-08-29,test,hybrid_topology_fhs_scenario,0.94,0.1,1000,5808,6808,0.013956683018738024,0.015587695841281442,0.003910788672354126,0.0,0.0,0.011485443433167973
2025-08-29,2025-09-02,test,hybrid_topology_fhs_scenario,0.94,0.1,1000,5809,6809,0.014009329421219088,0.015584256009908289,0.005639895212546687,0.0,0.0,0.009779446119514286
2025-09-02,2025-09-03,test,hybrid_topology_fhs_scenario,0.94,0.1,1000,5810,6810,0.014212762613147498,0.01578766442467743,-0.004633177671446953,0.0,0.0,0.020098780446567217
2025-09-03,2025-09-04,test,hybrid_topology_fhs_scenario,0.94,0.1,1000,5811,6811,0.014256637533830562,0.015820718773941797,-0.0068083606065509,0.0,0.0,0.022274002377384194
2025-09-04,2025-09-05,test,hybrid_topology_fhs_scenario,0.94,0.1,1000,5812,6812,0.014731061207744062,0.016104556564774136,-0.0002142876218651057,0.0,0.0,0.016060326570269352
2025-09-05,2025-09-08,test,hybrid_topology_fhs_scenario,0.94,0.1,1000,5813,6813,0.014324015620375288,0.015781200686095575,-0.002713999098981512,0.0,0.0,0.018203199937643726
2025-09-08,2025-09-09,test,hybrid_topology_fhs_scenario,0.94,0.1,1000,5814,6814,0.014082555403192977,0.015613320046335628,-0.0004394037963107776,0.0,0.0,0.015796625338575284
2025-09-09,2025-09-10,test,hybrid_topology_fhs_scenario,0.94,0.1,1000,5815,6815,0.013688107247345845,0.015295666343952649,-0.002808354671356561,0.0,0.0,0.017816385109113504
2025-09-10,2025-09-11,test,hybrid_topology_fhs_scenario,0.94,0.1,1000,5816,6816,0.01345644001433521,0.015016312596114953,-0.005603943070963124,0.0,0.0,0.02029535310625411
2025-09-11,2025-09-12,test,hybrid_topology_fhs_scenario,0.94,0.1,1000,5817,6817,0.013776060991830019,0.015371987287735972,0.0013523455046816624,0.0,0.0,0.013793387893349435
2025-09-12,2025-09-15,test,hybrid_topology_fhs_scenario,0.94,0.1,1000,5818,6818,0.013499481809655815,0.01499486102995922,-0.003854306628192816,0.0,0.0,0.01855147635107672
2025-09-15,2025-09-16,test,hybrid_topology_fhs_scenario,0.94,0.1,1000,5819,6819,0.013444862614273153,0.014957735802880392,0.0005790156302647898,0.0,0.0,0.014147910638140295
2025-09-16,2025-09-17,test,hybrid_topology_fhs_scenario,0.94,0.1,1000,5820,6820,0.013043466475640622,0.014235397795605387,0.0016096696509818376,0.0,0.0,0.01242442290925455
2025-09-17,2025-09-18,test,hybrid_topology_fhs_scenario,0.94,0.1,1000,5821,6821,0.012894853056242618,0.014487682478312395,-0.0014837649389726868,0.0,0.0,0.01571594741180511
2025-09-18,2025-09-19,test,hybrid_topology_fhs_scenario,0.94,0.1,1000,5822,6822,0.012771006421880225,0.014248813970671551,-0.0028061958742322977,0.0,0.0,0.016784406621742375
2025-09-19,2025-09-22,test,hybrid_topology_fhs_scenario,0.94,0.1,1000,5823,6823,0.012704583883878287,0.01422501218639544,-0.0021763347568793277,0.0,0.0,0.016140122456100477
2025-09-22,2025-09-23,test,hybrid_topology_fhs_scenario,0.94,0.1,1000,5824,6824,0.012543426935747282,0.01413744806214741,0.0021465835041746036,0.0,0.0,0.011795061378339213
2025-09-23,2025-09-24,test,hybrid_topology_fhs_scenario,0.94,0.1,1000,5825,6825,0.012608184679650015,0.013982188886746598,0.0029840432063774403,0.0,0.0,0.010819433453092655
2025-09-24,2025-09-25,test,hybrid_topology_fhs_scenario,0.94,0.1,1000,5826,6826,0.012556363376086626,0.013921770972720678,0.003638756267272325,0.0,0.0,0.010115115408900288
2025-09-25,2025-09-26,test,hybrid_topology_fhs_scenario,0.94,0.1,1000,5827,6827,0.012572053946574846,0.013931449272197824,-0.003229731862828888,0.0,0.0,0.016890169464745083
2025-09-26,2025-09-29,test,hybrid_topology_fhs_scenario,0.94,0.1,1000,5828,6828,0.01250345304441953,0.013840429182134885,-0.0028502121871842867,0.0,0.0,0.01642691198740223
2025-09-29,2025-09-30,test,hybrid_topology_fhs_scenario,0.94,0.1,1000,5829,6829,0.012375023797727414,0.013676007208954177,-0.002094364095723433,0.0,0.0,0.015520805900995178
2025-09-30,2025-10-01,test,hybrid_topology_fhs_scenario,0.94,0.1,1000,5830,6830,0.012391828588826167,0.013630262073698416,-0.0033921352328271314,0.0,0.0,0.016754677012078938
2025-10-01,2025-10-02,test,hybrid_topology_fhs_scenario,0.94,0.1,1000,5831,6831,0.012380802314608383,0.013603795958637926,-0.0011056376192691176,0.0,0.0,0.014476562137798143
2025-10-02,2025-10-03,test,hybrid_topology_fhs_scenario,0.94,0.1,1000,5832,6832,0.01206152639894363,0.01338825918361758,0.0007957100480022073,0.0,0.0,0.012390393570734402
2025-10-03,2025-10-06,test,hybrid_topology_fhs_scenario,0.94,0.1,1000,5833,6833,0.011715162884449046,0.012874704629627002,-0.000989911124803866,0.0,0.0,0.013645051100662626
2025-10-06,2025-10-07,test,hybrid_topology_fhs_scenario,0.94,0.1,1000,5834,6834,0.011602056240435643,0.012786217943393149,0.0012257387412475838,0.0,0.0,0.011375230397083807
2025-10-07,2025-10-08,test,hybrid_topology_fhs_scenario,0.94,0.1,1000,5835,6835,0.011301086467360786,0.012400045246895936,-0.0036608350418084077,0.0,0.0,0.015808977496578426
2025-10-08,2025-10-09,test,hybrid_topology_fhs_scenario,0.94,0.1,1000,5836,6836,0.010085216126495069,0.010858950559793449,0.0020287541314703006,0.0,0.0,0.008690006137565317
2025-10-09,2025-10-10,test,hybrid_topology_fhs_scenario,0.94,0.1,1000,5837,6837,0.009467897474650377,0.010302097943038071,0.013724682355778837,1.0,1.0,0.007636801445057941
2025-10-10,2025-10-13,test,hybrid_topology_fhs_scenario,0.94,0.1,1000,5838,6838,0.012954528809555537,0.013917544003634656,-0.009412808194848844,0.0,0.0,0.022970766763565457
2025-10-13,2025-10-14,test,hybrid_topology_fhs_scenario,0.94,0.1,1000,5839,6839,0.013883370561957958,0.015094145121542071,-0.0002983240362814056,0.0,0.0,0.015149474374860285
2025-10-14,2025-10-15,test,hybrid_topology_fhs_scenario,0.94,0.1,1000,5840,6840,0.01382626333423454,0.014943864583298888,-0.0022110899123194637,0.0,0.0,0.01688645416569343
2025-10-15,2025-10-16,test,hybrid_topology_fhs_scenario,0.94,0.1,1000,5841,6841,0.013496562194425195,0.014592649580089182,0.0022323921729750394,0.0,0.0,0.01216389267215079
2025-10-16,2025-10-17,test,hybrid_topology_fhs_scenario,0.94,0.1,1000,5842,6842,0.013244248619773469,0.01430319655911683,-0.002749844123520617,0.0,0.0,0.01678665559300445
2025-10-17,2025-10-20,test,hybrid_topology_fhs_scenario,0.94,0.1,1000,5843,6843,0.01298959047356383,0.013893664062413389,-0.006774166376023416,0.0,0.0,0.020348772245971758
2025-10-20,2025-10-21,test,hybrid_topology_fhs_scenario,0.94,0.1,1000,5844,6844,0.013383178487336889,0.014292236401835775,-0.000729331268884903,0.0,0.0,0.014787153576514878
2025-10-21,2025-10-22,test,hybrid_topology_fhs_scenario,0.94,0.1,1000,5845,6845,0.012985726927133297,0.013893916484244104,0.0030374471571398276,0.0,0.0,0.010684540391626605
2025-10-22,2025-10-23,test,hybrid_topology_fhs_scenario,0.94,0.1,1000,5846,6846,0.01277218152243289,0.013717217915647494,-0.0022481055378549275,0.0,0.0,0.015716393237767738
2025-10-23,2025-10-24,test,hybrid_topology_fhs_scenario,0.94,0.1,1000,5847,6847,0.012582836545522254,0.013414406445994868,-0.0052731344180982015,0.0,0.0,0.01839891205212695
2025-10-24,2025-10-27,test,hybrid_topology_fhs_scenario,0.94,0.1,1000,5848,6848,0.01270467615962931,0.013631210133856026,-0.007078627213889365,0.0,0.0,0.02038992444778694
2025-10-27,2025-10-28,test,hybrid_topology_fhs_scenario,0.94,0.1,1000,5849,6849,0.0132621291241709,0.014159680089442704,-0.001962881847295517,0.0,0.0,0.01587174799803443
2025-10-28,2025-10-29,test,hybrid_topology_fhs_scenario,0.94,0.1,1000,5850,6850,0.012932874387462202,0.013881599655118329,0.002294297086536945,0.0,0.0,0.011404005777376101
2025-10-29,2025-10-30,test,hybrid_topology_fhs_scenario,0.94,0.1,1000,5851,6851,0.012681861227796527,0.013614312673090887,0.007176503968677417,0.0,0.0,0.006331917059394324
2025-10-30,2025-10-31,test,hybrid_topology_fhs_scenario,0.94,0.1,1000,5852,6852,0.013268051050594549,0.014144454332809867,-0.00213332751264943,0.0,0.0,0.016024851084955254
2025-10-31,2025-11-03,test,hybrid_topology_fhs_scenario,0.94,0.1,1000,5853,6853,0.01295207833013973,0.013887707848390735,-0.0009355331453270388,0.0,0.0,0.014591536083629496
2025-11-03,2025-11-04,test,hybrid_topology_fhs_scenario,0.94,0.1,1000,5854,6854,0.012672328202256033,0.013577136972214384,0.006614683327266757,0.0,0.0,0.006848968752573829
2025-11-04,2025-11-05,test,hybrid_topology_fhs_scenario,0.94,0.1,1000,5855,6855,0.013098655881143744,0.013998024248171917,-0.0001748156775593034,0.0,0.0,0.01395125364317497
2025-11-05,2025-11-06,test,hybrid_topology_fhs_scenario,0.94,0.1,1000,5856,6856,0.012700223853849864,0.013642723177176021,0.004399312115796383,0.0,0.0,0.009095334902225681
2025-11-06,2025-11-07,test,hybrid_topology_fhs_scenario,0.94,0.1,1000,5857,6857,0.012702859608271515,0.01362716361354123,-0.0007562393712778892,0.0,0.0,0.014158408899994134
2025-11-07,2025-11-10,test,hybrid_topology_fhs_scenario,0.94,0.1,1000,5858,6858,0.012327563988451454,0.013209814821826888,-0.008824752191674622,0.0,0.0,0.021695225999965234
2025-11-10,2025-11-11,test,hybrid_topology_fhs_scenario,0.94,0.1,1000,5859,6859,0.013334984767876486,0.014314363401509591,-0.002616324888756649,0.0,0.0,0.016666934179575914
2025-11-11,2025-11-12,test,hybrid_topology_fhs_scenario,0.94,0.1,1000,5860,6860,0.013058284104176225,0.014021665519093509,-0.00041652906607896333,0.0,0.0,0.014211987852245712
2025-11-12,2025-11-13,test,hybrid_topology_fhs_scenario,0.94,0.1,1000,5861,6861,0.01272246589129815,0.013666221893658063,0.0111125007730668,0.0,0.0,0.002505977743758795
2025-11-13,2025-11-14,test,hybrid_topology_fhs_scenario,0.94,0.1,1000,5862,6862,0.014312670638037034,0.015377795901237475,0.0007608074669232191,0.0,0.0,0.014387082355167537
2025-11-14,2025-11-17,test,hybrid_topology_fhs_scenario,0.94,0.1,1000,5863,6863,0.013900461816174377,0.015005901262677104,0.0051335435405185596,0.0,0.0,0.009713217961861139
2025-11-17,2025-11-18,test,hybrid_topology_fhs_scenario,0.94,0.1,1000,5864,6864,0.01414531822716185,0.015102318223916512,0.004375738752335967,0.0,0.0,0.01055611077953929
2025-11-18,2025-11-19,test,hybrid_topology_fhs_scenario,0.94,0.1,1000,5865,6865,0.014053493489233288,0.015032374519376251,-0.002028405833848623,0.0,0.0,0.01679507983762507
2025-11-19,2025-11-20,test,hybrid_topology_fhs_scenario,0.94,0.1,1000,5866,6866,0.01386176101351199,0.014721220053150866,0.008193351329833787,0.0,0.0,0.006421356102070934
2025-11-20,2025-11-21,test,hybrid_topology_fhs_scenario,0.94,0.1,1000,5867,6867,0.014315257080793663,0.015365117253709076,-0.007298100860559398,0.0,0.0,0.022312771240825296
2025-11-21,2025-11-24,test,hybrid_topology_fhs_scenario,0.94,0.1,1000,5868,6868,0.014713858759695426,0.01587748049259079,-0.009448450700085332,0.0,0.0,0.024934406007457027
2025-11-24,2025-11-25,test,hybrid_topology_fhs_scenario,0.94,0.1,1000,5869,6869,0.01556613051998479,0.016717210259141715,-0.006670909481927234,0.0,0.0,0.023025787147561344
2025-11-25,2025-11-26,test,hybrid_topology_fhs_scenario,0.94,0.1,1000,5870,6870,0.015769529955079686,0.016917582906413094,-0.004470002587014221,0.0,0.0,0.02105529118151257
2025-11-26,2025-11-28,test,hybrid_topology_fhs_scenario,0.94,0.1,1000,5871,6871,0.015686951532935922,0.016851519153952787,-0.0025788123747757293,0.0,0.0,0.01912723087958742
2025-11-28,2025-12-01,test,hybrid_topology_fhs_scenario,0.94,0.1,1000,5872,6872,0.015312688275395694,0.016498634465542544,0.004887184504569464,0.0,0.0,0.011425418749657015
2025-12-01,2025-12-02,test,hybrid_topology_fhs_scenario,0.94,0.1,1000,5873,6873,0.015193813985007654,0.016323490683983824,-0.00144232592820539,0.0,0.0,0.01748803259601661
2025-12-02,2025-12-03,test,hybrid_topology_fhs_scenario,0.94,0.1,1000,5874,6874,0.014793654165031304,0.015916467090179586,-0.0029043899275561277,0.0,0.0,0.018527316033218194
2025-12-03,2025-12-04,test,hybrid_topology_fhs_scenario,0.94,0.1,1000,5875,6875,0.014508464093919322,0.01561524818784785,0.0007989024167474047,0.0,0.0,0.014583032743594654
2025-12-04,2025-12-05,test,hybrid_topology_fhs_scenario,0.94,0.1,1000,5876,6876,0.014134521201973704,0.01522658336208881,-0.00031220156428748416,0.0,0.0,0.015294782530879498
2025-12-05,2025-12-08,test,hybrid_topology_fhs_scenario,0.94,0.1,1000,5877,6877,0.013855312709274897,0.014830147349374248,0.0026318666530448674,0.0,0.0,0.012005558139483449
2025-12-08,2025-12-09,test,hybrid_topology_fhs_scenario,0.94,0.1,1000,5878,6878,0.013834438894234212,0.01469278647177798,0.0010994914605449322,0.0,0.0,0.013380812110289114
2025-12-09,2025-12-10,test,hybrid_topology_fhs_scenario,0.94,0.1,1000,5879,6879,0.013398570471537917,0.014280210452981747,-0.005269197332406738,0.0,0.0,0.01924735026879322
2025-12-10,2025-12-11,test,hybrid_topology_fhs_scenario,0.94,0.1,1000,5880,6880,0.013449221404110043,0.014374910291591969,-0.001437608327085149,0.0,0.0,0.015566073950522142
2025-12-11,2025-12-12,test,hybrid_topology_fhs_scenario,0.94,0.1,1000,5881,6881,0.013079344546438961,0.01389710785754107,0.007529424743038415,0.0,0.0,0.006263990234674093
2025-12-12,2025-12-15,test,hybrid_topology_fhs_scenario,0.94,0.1,1000,5882,6882,0.01376043590002592,0.014594047954813042,0.0005738662703789198,0.0,0.0,0.013801542838619738
2025-12-15,2025-12-16,test,hybrid_topology_fhs_scenario,0.94,0.1,1000,5883,6883,0.013411566317803826,0.014228162720756256,0.0005175423699076865,0.0,0.0,0.013496795081556316
2025-12-16,2025-12-17,test,hybrid_topology_fhs_scenario,0.94,0.1,1000,5884,6884,0.012946043036110265,0.013796223094730125,0.006685029145081289,0.0,0.0,0.006996024239817904
2025-12-17,2025-12-18,test,hybrid_topology_fhs_scenario,0.94,0.1,1000,5885,6885,0.013260944357518368,0.014112560360800446,-0.005566855769767054,0.0,0.0,0.019375708728576167
2025-12-18,2025-12-19,test,hybrid_topology_fhs_scenario,0.94,0.1,1000,5886,6886,0.01329142290315646,0.014227913384760293,-0.00453819594110274,0.0,0.0,0.01847525278115905
2025-12-19,2025-12-22,test,hybrid_topology_fhs_scenario,0.94,0.1,1000,5887,6887,0.013211772301812565,0.014158418093870664,-0.003322294211539134,0.0,0.0,0.01720903516290807
2025-12-22,2025-12-23,test,hybrid_topology_fhs_scenario,0.94,0.1,1000,5888,6888,0.013021778873129119,0.014034396812249939,-0.002575830673571255,0.0,0.0,0.016350947894142667
2025-12-23,2025-12-24,test,hybrid_topology_fhs_scenario,0.94,0.1,1000,5889,6889,0.01304694367985344,0.013899127435422235,-0.0031511568778539445,0.0,0.0,0.01678600821102135
2025-12-24,2025-12-26,test,hybrid_topology_fhs_scenario,0.94,0.1,1000,5890,6890,0.012594951185914373,0.01362194178882226,-0.000312781790407346,0.0,0.0,0.013715432819512081
2025-12-26,2025-12-29,test,hybrid_topology_fhs_scenario,0.94,0.1,1000,5891,6891,0.012213185715304713,0.013176743448693237,0.001557441285292738,0.0,0.0,0.011435377053615607
2025-12-29,2025-12-30,test,hybrid_topology_fhs_scenario,0.94,0.1,1000,5892,6892,0.011890307735615856,0.012865408593036302,0.0011468702454319635,0.0,0.0,0.011533009263816068
2025-12-30,2025-12-31,test,hybrid_topology_fhs_scenario,0.94,0.1,1000,5893,6893,0.011681694246621905,0.012605475021415872,0.0057720661190787,0.0,0.0,0.006721669961054175
2025-12-31,2026-01-02,test,hybrid_topology_fhs_scenario,0.94,0.1,1000,5894,6894,0.012027410076511992,0.012991702412982507,-0.0007670406866455701,0.0,0.0,0.01354271902976895
2026-01-02,2026-01-05,test,hybrid_topology_fhs_scenario,0.94,0.1,1000,5895,6895,0.01186848056925538,0.01286051915683166,-0.0052033836226901276,0.0,0.0,0.017783023851953197
2026-01-05,2026-01-06,test,hybrid_topology_fhs_scenario,0.94,0.1,1000,5896,6896,0.012090194677575413,0.01306709013963507,-0.0032777792553408953,0.0,0.0,0.016089927399430732
2026-01-06,2026-01-07,test,hybrid_topology_fhs_scenario,0.94,0.1,1000,5897,6897,0.01162912062628668,0.012628445899293126,0.0011863645166320545,0.0,0.0,0.011260456909191092
2026-01-07,2026-01-08,test,hybrid_topology_fhs_scenario,0.94,0.1,1000,5898,6898,0.011528750562049838,0.012454035180101523,0.0012632295182055222,0.0,0.0,0.011013690730787043
2026-01-08,2026-01-09,test,hybrid_topology_fhs_scenario,0.94,0.1,1000,5899,6899,0.011377148030651974,0.012348236630364594,-0.0044254355612175274,0.0,0.0,0.01651235622271126
2026-01-09,2026-01-12,test,hybrid_topology_fhs_scenario,0.94,0.1,1000,5900,6900,0.011444023884740261,0.01241409723190916,-0.00044383924792681375,0.0,0.0,0.012655366699166745
2026-01-12,2026-01-13,test,hybrid_topology_fhs_scenario,0.94,0.1,1000,5901,6901,0.011232029143163654,0.011962702918721603,0.0007006301607561659,0.0,0.0,0.011085834928840375
2026-01-13,2026-01-14,test,hybrid_topology_fhs_scenario,0.94,0.1,1000,5902,6902,0.010995256918920403,0.011671034289771575,0.0021184100091269807,0.0,0.0,0.009402577142726413
2026-01-14,2026-01-15,test,hybrid_topology_fhs_scenario,0.94,0.1,1000,5903,6903,0.010723245871187963,0.011466664504054688,-0.0008049179571461007,0.0,0.0,0.01208007453795411
2026-01-15,2026-01-16,test,hybrid_topology_fhs_scenario,0.94,0.1,1000,5904,6904,0.010589566765843106,0.011228970559590925,0.0020395809264414314,0.0,0.0,0.009045154750714773
2026-01-16,2026-01-20,test,hybrid_topology_fhs_scenario,0.94,0.1,1000,5905,6905,0.010627588622380002,0.011116216262116086,0.013798573260480729,1.0,1.0,0.005821631790084362
2026-01-20,2026-01-21,test,hybrid_topology_fhs_scenario,0.94,0.1,1000,5906,6906,0.013590359401148567,0.01453665015538436,-0.007971221919842718,0.0,0.0,0.022160791086556313
2026-01-21,2026-01-22,test,hybrid_topology_fhs_scenario,0.94,0.1,1000,5907,6907,0.014158435389478176,0.015275712550358303,-0.0030921958590317098,0.0,0.0,0.018081217011640362
2026-01-22,2026-01-23,test,hybrid_topology_fhs_scenario,0.94,0.1,1000,5908,6908,0.014043504352226897,0.014969772237271015,-0.000885740941008395,0.0,0.0,0.015608417801754778
2026-01-23,2026-01-26,test,hybrid_topology_fhs_scenario,0.94,0.1,1000,5909,6909,0.0136317020460605,0.01451201445951434,-0.0036305575054307315,0.0,0.0,0.017861630261336355
2026-01-26,2026-01-27,test,hybrid_topology_fhs_scenario,0.94,0.1,1000,5910,6910,0.013314020905858724,0.014445930046131926,-0.0019326847158423364,0.0,0.0,0.016121616449141913
2026-01-27,2026-01-28,test,hybrid_topology_fhs_scenario,0.94,0.1,1000,5911,6911,0.013234898665540234,0.014118736662181804,0.00039380918234623865,0.0,0.0,0.013510215187671615
2026-01-28,2026-01-29,test,hybrid_topology_fhs_scenario,0.94,0.1,1000,5912,6912,0.012722907241076947,0.013747984349311003,0.0007735789724438557,0.0,0.0,0.0127695385251318
2026-01-29,2026-01-30,test,hybrid_topology_fhs_scenario,0.94,0.1,1000,5913,6913,0.012493559853849971,0.013453519778250139,0.0020395114110978827,0.0,0.0,0.01123319864240097
2026-01-30,2026-02-02,test,hybrid_topology_fhs_scenario,0.94,0.1,1000,5914,6914,0.01230075814417434,0.013215454201559737,-0.002196429061636129,0.0,0.0,0.015171558053674074
2026-02-02,2026-02-03,test,hybrid_topology_fhs_scenario,0.94,0.1,1000,5915,6915,0.012029123634739477,0.01292186755866881,0.0046960485605835435,0.0,0.0,0.008093504273874693
2026-02-03,2026-02-04,test,hybrid_topology_fhs_scenario,0.94,0.1,1000,5916,6916,0.01213702017960483,0.01303056775530369,0.00299005816940574,0.0,0.0,0.009880966466352491
2026-02-04,2026-02-05,test,hybrid_topology_fhs_scenario,0.94,0.1,1000,5917,6917,0.01196017008598988,0.012850477339896188,0.005148230652653241,0.0,0.0,0.0075778099143952405
2026-02-05,2026-02-06,test,hybrid_topology_fhs_scenario,0.94,0.1,1000,5918,6918,0.012166805263615705,0.01304174351970939,-0.01151082710457083,0.0,0.0,0.024175532682355082
2026-02-06,2026-02-09,test,hybrid_topology_fhs_scenario,0.94,0.1,1000,5919,6919,0.01389197512566191,0.014940003319537985,-0.002976333919132168,0.0,0.0,0.01763711189815134
2026-02-09,2026-02-10,test,hybrid_topology_fhs_scenario,0.94,0.1,1000,5920,6920,0.013829611223247017,0.014792853570719149,-0.0001660987949442252,0.0,0.0,0.014724935656703702
2026-02-10,2026-02-11,test,hybrid_topology_fhs_scenario,0.94,0.1,1000,5921,6921,0.013408811478577285,0.014409821900485262,0.0012577211579912538,0.0,0.0,0.012944809127137519
2026-02-11,2026-02-12,test,hybrid_topology_fhs_scenario,0.94,0.1,1000,5922,6922,0.013030209960852414,0.014008916555168801,0.006817090555380755,0.0,0.0,0.007074161543848062
2026-02-12,2026-02-13,test,hybrid_topology_fhs_scenario,0.94,0.1,1000,5923,6923,0.013507527398079738,0.014482689460532789,-0.0019924349301467803,0.0,0.0,0.016218245904194847
2026-02-13,2026-02-17,test,hybrid_topology_fhs_scenario,0.94,0.1,1000,5924,6924,0.01317035854121252,0.01416477990765098,-0.0009269190164994611,0.0,0.0,0.0148553792266238
2026-02-17,2026-02-18,test,hybrid_topology_fhs_scenario,0.94,0.1,1000,5925,6925,0.012785670331924435,0.013776449338589097,-0.0021996374197113867,0.0,0.0,0.01572653766685933
2026-02-18,2026-02-19,test,hybrid_topology_fhs_scenario,0.94,0.1,1000,5926,6926,0.0126015675272469,0.01349822391022537,0.001211337214949304,0.0,0.0,0.012093616831017139
2026-02-19,2026-02-20,test,hybrid_topology_fhs_scenario,0.94,0.1,1000,5927,6927,0.012314427519806402,0.01324718009651915,-0.00433911875347377,0.0,0.0,0.0173131768414759
2026-02-20,2026-02-23,test,hybrid_topology_fhs_scenario,0.94,0.1,1000,5928,6928,0.012314427519806402,0.01326245118600229,0.004684820758822461,0.0,0.0,0.008439485734110172
2026-02-23,2026-02-24,test,hybrid_topology_fhs_scenario,0.94,0.1,1000,5929,6929,0.012344482046291193,0.013303302456410758,-0.004278975857776945,0.0,0.0,0.017308955935373693
2026-02-24,2026-02-25,test,hybrid_topology_fhs_scenario,0.94,0.1,1000,5930,6930,0.012345292868961093,0.013257038142130159,-0.004734495310683417,0.0,0.0,0.01771254299828968
2026-02-25,2026-02-26,test,hybrid_topology_fhs_scenario,0.94,0.1,1000,5931,6931,0.012428992634511207,0.013343462507600505,0.002264247986820633,0.0,0.0,0.01090388160423728
2026-02-26,2026-02-27,test,hybrid_topology_fhs_scenario,0.94,0.1,1000,5932,6932,0.01219323597047272,0.013097579482762014,0.0012828100897613656,0.0,0.0,0.011628504416982745
2026-02-27,2026-03-02,test,hybrid_topology_fhs_scenario,0.94,0.1,1000,5933,6933,0.011878358377001085,0.012812309815579532,0.0020619335552412464,0.0,0.0,0.010579781102047426
2026-03-02,2026-03-03,test,hybrid_topology_fhs_scenario,0.94,0.1,1000,5934,6934,0.011643967496939219,0.012563587396690185,0.005741649852804897,0.0,0.0,0.0067104122817295
2026-03-03,2026-03-04,test,hybrid_topology_fhs_scenario,0.94,0.1,1000,5935,6935,0.012050743860336513,0.012966409860739698,-0.0034085066507727906,0.0,0.0,0.01612013610383577
2026-03-04,2026-03-05,test,hybrid_topology_fhs_scenario,0.94,0.1,1000,5936,6936,0.011935439360140961,0.012877303560904859,0.0045848696441485705,0.0,0.0,0.008158628765997303
2026-03-05,2026-03-06,test,hybrid_topology_fhs_scenario,0.94,0.1,1000,5937,6937,0.011985724970958306,0.012955061219543536,0.008112985350640178,0.0,0.0,0.004759751368383956
2026-03-06,2026-03-09,test,hybrid_topology_fhs_scenario,0.94,0.1,1000,5938,6938,0.012672328202256033,0.013750819507291073,-0.0065002149636326665,0.0,0.0,0.01993648404080953
2026-03-09,2026-03-10,test,hybrid_topology_fhs_scenario,0.94,0.1,1000,5939,6939,0.0130485217828833,0.014161042528743641,0.0022459184378907037,0.0,0.0,0.01172527202203154
2026-03-10,2026-03-11,test,hybrid_topology_fhs_scenario,0.94,0.1,1000,5940,6940,0.012746582515229836,0.013851210915944665,0.0025780943301419337,0.0,0.0,0.01109297355300854
2026-03-11,2026-03-12,test,hybrid_topology_fhs_scenario,0.94,0.1,1000,5941,6941,0.01273432064770405,0.013656618682006951,0.01040262449941005,0.0,0.0,0.0031959612895149183
2026-03-12,2026-03-13,test,hybrid_topology_fhs_scenario,0.94,0.1,1000,5942,6942,0.014094088598904988,0.01514476304706179,0.0038140929330109374,0.0,0.0,0.011150203317858522
2026-03-13,2026-03-16,test,hybrid_topology_fhs_scenario,0.94,0.1,1000,5943,6943,0.013862168526528853,0.01498981530692557,-0.00790547882096626,0.0,0.0,0.022540588248169485
2026-03-16,2026-03-17,test,hybrid_topology_fhs_scenario,0.94,0.1,1000,5944,6944,0.014492784891359632,0.01556737787319393,-0.0022865432622737993,0.0,0.0,0.01757536638861737
2026-03-17,2026-03-18,test,hybrid_topology_fhs_scenario,0.94,0.1,1000,5945,6945,0.014153757167174322,0.015234381055623265,0.010201926989106868,0.0,0.0,0.004946161016634162
2026-03-18,2026-03-19,test,hybrid_topology_fhs_scenario,0.94,0.1,1000,5946,6946,0.015398892806631153,0.01644831617854081,0.00152040000711815,0.0,0.0,0.014693503195132225
2026-03-19,2026-03-20,test,hybrid_topology_fhs_scenario,0.94,0.1,1000,5947,6947,0.014978766719384218,0.016042550206214166,0.012194513725043564,0.0,0.0,0.0037796780990847437
2026-03-20,2026-03-23,test,hybrid_topology_fhs_scenario,0.94,0.1,1000,5948,6948,0.016583237382316218,0.017770237006736266,-0.00756476722484547,0.0,0.0,0.02494310917186381
2026-03-23,2026-03-24,test,hybrid_topology_fhs_scenario,0.94,0.1,1000,5949,6949,0.0168852634117142,0.018067245043261487,0.0033589068096345986,0.0,0.0,0.014475893343807012
2026-03-24,2026-03-25,test,hybrid_topology_fhs_scenario,0.94,0.1,1000,5950,6950,0.016393185303879697,0.0176383856221262,-0.005452015042945967,0.0,0.0,0.022731592651913622
2026-03-25,2026-03-26,test,hybrid_topology_fhs_scenario,0.94,0.1,1000,5951,6951,0.016295790504379636,0.01754174129058911,0.013945137281252974,0.0,0.0,0.003530195441334001
2026-03-26,2026-03-27,test,hybrid_topology_fhs_scenario,0.94,0.1,1000,5952,6952,0.01838178333934644,0.0196283987411956,0.010188821836529582,0.0,0.0,0.009285517097077535
2026-03-27,2026-03-30,test,hybrid_topology_fhs_scenario,0.94,0.1,1000,5953,6953,0.019102649202253588,0.020356704374701034,-0.0008268855833110989,0.0,0.0,0.020853295556917475
2026-03-30,2026-03-31,test,hybrid_topology_fhs_scenario,0.94,0.1,1000,5954,6954,0.018529113089272953,0.019778280425026128,-0.018154541077798035,0.0,0.0,0.03735133750692427
2026-03-31,2026-04-01,test,hybrid_topology_fhs_scenario,0.94,0.1,1000,5955,6955,0.021726130213584043,0.023102841858346847,-0.004171655710954969,0.0,0.0,0.026851612989314662
2026-04-01,2026-04-02,test,hybrid_topology_fhs_scenario,0.94,0.1,1000,5956,6956,0.02125128703735793,0.02260600082604922,-0.001466215711500496,0.0,0.0,0.02369758615159956
2026-04-02,2026-04-06,test,hybrid_topology_fhs_scenario,0.94,0.1,1000,5957,6957,0.02064631086273766,0.021956841996578325,-0.0017863198771916886,0.0,0.0,0.023373909134325056
2026-04-06,2026-04-07,test,hybrid_topology_fhs_scenario,0.94,0.1,1000,5958,6958,0.020066677109138592,0.02135244422569902,-0.0012744554028771837,0.0,0.0,0.022274638462981954
2026-04-07,2026-04-08,test,hybrid_topology_fhs_scenario,0.94,0.1,1000,5959,6959,0.01947439783331052,0.020729810517711625,-0.01616361870204188,0.0,0.0,0.036327473654613196
2026-04-08,2026-04-09,test,hybrid_topology_fhs_scenario,0.94,0.1,1000,5960,6960,0.021776095254755674,0.02321970324748064,-0.003335752714031237,0.0,0.0,0.026142688042161952
2026-04-09,2026-04-10,test,hybrid_topology_fhs_scenario,0.94,0.1,1000,5961,6961,0.021251467776542847,0.02265803109104169,0.0010677322994986805,0.0,0.0,0.021252378676524877
2026-04-10,2026-04-13,test,hybrid_topology_fhs_scenario,0.94,0.1,1000,5962,6962,0.020630086403014062,0.02200307093932375,-0.00674517151942804,0.0,0.0,0.028303288976507416
2026-04-13,2026-04-14,test,hybrid_topology_fhs_scenario,0.94,0.1,1000,5963,6963,0.020513875462547855,0.021818689886075625,-0.008609619476536066,0.0,0.0,0.029958836577937235
2026-04-14,2026-04-15,test,hybrid_topology_fhs_scenario,0.94,0.1,1000,5964,6964,0.02070809957855436,0.022033406460293017,-0.0038576824929739124,0.0,0.0,0.02548946955015054
2026-04-15,2026-04-16,test,hybrid_topology_fhs_scenario,0.94,0.1,1000,5965,6965,0.02025856843144778,0.02154066525064672,-0.0007629487409256174,0.0,0.0,0.021956238813506765
2026-04-16,2026-04-17,test,hybrid_topology_fhs_scenario,0.94,0.1,1000,5966,6966,0.019772847002189255,0.020997435436593256,-0.009431461903445992,0.0,0.0,0.029960217995594618
2026-04-17,2026-04-20,test,hybrid_topology_fhs_scenario,0.94,0.1,1000,5967,6967,0.020086443707804526,0.02142371042798043,0.0015750907099935318,0.0,0.0,0.01953751775501534
2026-04-20,2026-04-21,test,hybrid_topology_fhs_scenario,0.94,0.1,1000,5968,6968,0.019503564587788985,0.02082650315478864,0.005681083453703484,0.0,0.0,0.014905009019898881
2026-04-21,2026-04-22,test,hybrid_topology_fhs_scenario,0.94,0.1,1000,5969,6969,0.019294779990350213,0.020587410834974153,-0.006495211043693372,0.0,0.0,0.026663456242041274
2026-04-22,2026-04-23,test,hybrid_topology_fhs_scenario,0.94,0.1,1000,5970,6970,0.01921447723038672,0.020504337620460007,0.002956549536376385,0.0,0.0,0.017271672658921634
2026-04-23,2026-04-24,test,hybrid_topology_fhs_scenario,0.94,0.1,1000,5971,6971,0.01885473282990772,0.02011240078759552,-0.005446453292277553,0.0,0.0,0.0251628945890981
2026-04-24,2026-04-27,test,hybrid_topology_fhs_scenario,0.94,0.1,1000,5972,6972,0.018711780465519738,0.01990849853988762,-0.00011279135942547918,0.0,0.0,0.019709003370079727
2026-04-27,2026-04-28,test,hybrid_topology_fhs_scenario,0.94,0.1,1000,5973,6973,0.018141907283236107,0.019320959736377007,0.003297149859281134,0.0,0.0,0.015771662204408024
2026-04-28,2026-04-29,test,hybrid_topology_fhs_scenario,0.94,0.1,1000,5974,6974,0.017675128534709993,0.018900481747049867,0.00198247562014362,0.0,0.0,0.01665198250287925
2026-04-29,2026-04-30,test,hybrid_topology_fhs_scenario,0.94,0.1,1000,5975,6975,0.01724520852636256,0.018463310684363736,-0.006729271390420788,0.0,0.0,0.02480251232208274
2026-04-30,2026-05-01,test,hybrid_topology_fhs_scenario,0.94,0.1,1000,5976,6976,0.017282137318957853,0.01851300545371485,-0.0006507060957953391,0.0,0.0,0.018863947194919965
